Country Name,Country Code,Year,Carbon dioxide (CO2) emissions (total) excluding LULUCF (Mt CO2e),"Foreign direct investment, net inflows (% of GDP)",GDP (current US$),GDP growth (annual %),"Inflation, consumer prices (annual %)","Life expectancy at birth, total (years)","Population, total","School enrollment, secondary (% gross)","Unemployment, total (% of total labor force) (modeled ILO estimate)",Overall Score,Property Rights,Government Integrity,Tax Burden,Government Spending,Business Freedom,Labor Freedom,Monetary Freedom,Trade Freedom,Investment Freedom,Financial Freedom,GDP per capita (current US$)
Afghanistan,AFG,2001,0.9402,0.0241685679088889,2813571753.87253,-9.4319740700862,,55.511,20284307,14.0404100418091,7.973,,,,,,,,,,,,138.70682167611298
Afghanistan,AFG,2002,0.9388,1.30694987042884,3825701438.99963,28.6000011706788,,56.225,21378117,,7.867,,,,,,,,,,,,178.95408837923517
Afghanistan,AFG,2003,1.0172,1.27849325196424,4520946818.54581,8.83227780288267,,57.171,22733049,13.959529876709,7.844,,,,,,,,,,,,198.87111572872647
Afghanistan,AFG,2004,0.9024,3.577104200584,5224896718.67782,1.41411799339429,,57.81,23560654,19.2143802642822,7.794,,,,,,,,,,,,221.76365387301306
Afghanistan,AFG,2005,1.2763,4.36867310434287,6203256538.70967,11.2297148272859,12.6862687216715,58.247,24404567,20.2735099792481,7.878,,,,,,,,,,,,254.18424914933627
Afghanistan,AFG,2006,1.4185,3.41377297323201,6971758282.29351,5.35740324748592,6.78459655001655,58.553,25424094,29.523889541626,7.897,,,,,,,,,,,,274.2185535615747
Afghanistan,AFG,2007,2.0642,1.93570171391636,9747886187.39393,13.8263195471281,8.68057078513406,58.956,25909852,28.8154907226562,7.841,,,,,,,,,,,,376.223152003876
Afghanistan,AFG,2008,3.9029,0.45536044478174,10109297047.5432,3.92498381999467,26.4186641547444,59.708,26482622,38.930850982666,7.879,,,,,,,,,,,,381.7332380284399
Afghanistan,AFG,2009,6.1659,0.45188914562189,12416152732.0567,21.3905283926492,-6.81116108898996,60.248,27466101,44.2999496459961,7.808,,,,,,,,,,,,452.0537054770424
Afghanistan,AFG,2010,7.8684,1.20311798981139,15856668555.8336,14.3624414710737,2.17853752389419,60.702,28284089,50.4406204223633,7.809,,,,,,,,,,,,560.6215054631457
Afghanistan,AFG,2011,11.5231,0.293025179616803,17805098206.3141,0.426354776777345,11.8041858089129,61.25,29347708,52.4474296569824,7.83,,,,,,,,,,,,606.6946763377263
Afghanistan,AFG,2012,9.8844,0.285440893554571,19907329777.5872,12.7522870926697,6.44121280934117,61.735,30560034,54.372859954834,7.875,,,,,,,,,,,,651.4171344700468
Afghanistan,AFG,2013,8.4287,0.239801184405551,20146416757.5987,5.60074465863221,7.38577178397855,62.188,31622704,54.8833694458008,7.921,,,15.0,,83.2,59.7,75.8,69.5,,65.0,,637.0870991170996
Afghanistan,AFG,2014,7.9588,0.209664794672203,20497128555.6972,2.72454336219565,4.67399603536345,62.26,32792523,54.2936515808105,7.915,,,10.0,91.2,84.2,63.1,75.0,74.3,,65.0,,625.0549418139373
Afghanistan,AFG,2015,8.4272,0.88400046336123,19134221644.7325,1.45131466066431,-0.661709164713742,62.27,33831764,53.1501083374023,9.032,,,8.0,91.7,81.2,61.4,67.5,72.6,,55.0,,565.5697304087513
Afghanistan,AFG,2016,7.6117,0.516606084523093,18116572395.0772,2.26031420279821,4.38389195513915,62.646,34700612,53.4350395202637,10.116,,,12.0,91.6,81.2,56.6,63.2,,,55.0,,522.0822155838981
Afghanistan,AFG,2017,10.3972,0.274796791572807,18753456497.8159,2.6470032027451,4.97595150553833,62.406,35688935,55.5364303588867,11.184,48.9,12.6,27.5,91.6,79.9,54.2,59.9,69.3,66.0,0.0,0.0,525.4697708916194
Afghanistan,AFG,2018,11.8099,0.661572217787196,18053222687.4126,1.18922812944517,0.626149149168847,62.443,36743039,57.3578491210938,11.192,51.3,17.9,26.2,91.8,79.3,53.0,57.3,77.8,66.0,10.0,10.0,491.3372213826026
Afghanistan,AFG,2019,12.1046,0.124495985291258,18799444490.1128,3.91160341625552,2.30237251516834,62.941,37856121,,11.187,51.5,19.6,25.2,91.7,80.3,49.2,60.4,76.7,66.0,10.0,10.0,496.60250425850023
Afghanistan,AFG,2020,12.1436,0.0649939571808755,19955929052.1496,-2.35110067203466,5.60188791482224,61.454,39068979,,11.71,54.7,48.3,24.8,91.4,79.2,54.7,61.6,81.0,66.0,10.0,10.0,510.7870633668108
Afghanistan,AFG,2021,12.4864,0.144466946606861,14259995441.0759,-20.7388393676343,5.13320340824963,60.417,40000412,,12.006,53.0,30.3,29.1,91.1,76.1,53.9,59.9,80.8,68.6,10.0,10.0,356.4962141158921
Afghanistan,AFG,2022,11.298,,14497243872.1337,-6.24017199240269,13.7121023720065,65.617,40578842,,14.1,,,,,,,,,,,,357.2611527981429
Afghanistan,AFG,2023,11.6486,,17152234636.8715,2.26694373649188,-4.64470870797775,66.035,41454761,59.6136016845703,14.008,,5.8,5.4,,,34.6,45.1,,,,,413.757894705303
Afghanistan,AFG,2024,12.0684,,17778508875.7396,1.87319280045979,-6.60118564073726,66.289,42647492,,13.687,,4.9,18.1,,,,,,,,,416.871146273727
Afghanistan,AFG,2025,,,,,,,43844111,,13.351,,7.4,14.1,,,,,,,,,
Albania,ALB,2001,3.4396,5.10708868615592,4059064033.13379,8.8637306604876,3.10758827031435,75.083,3060173,72.4845733642578,18.57,56.6,30.0,23.0,79.5,71.2,70.0,,71.8,63.8,70.0,30.0,1326.416523880771
Albania,ALB,2002,4.0067,2.99003115858884,4515003116.68036,4.62839587394552,7.77052583431551,75.299,3051010,74.5389175415039,17.891,56.8,30.0,10.0,79.2,67.3,55.0,,86.0,63.4,70.0,50.0,1479.83884572006
Albania,ALB,2003,4.2116,3.06868730168473,5801712040.48463,5.33326426009945,0.484002611818503,75.557,3039616,77.751823425293,16.985,56.8,30.0,10.0,83.8,70.4,55.0,,85.8,56.2,70.0,50.0,1908.6990068760756
Albania,ALB,2004,4.4144,4.60782278585291,7406645793.44038,5.26626173860785,2.28001916938099,75.951,3026939,78.9801864624023,16.306,58.5,30.0,25.0,83.6,72.3,55.0,,79.6,61.4,70.0,50.0,2446.9094994779807
Albania,ALB,2005,4.1489,3.17899814544722,8256658249.8128,5.13082193056189,2.36658195679795,76.427,3011487,82.9714279174805,15.966,57.8,30.0,25.0,83.3,71.0,55.0,49.0,85.0,60.2,70.0,50.0,2741.7213654957836
Albania,ALB,2006,4.1351,3.55321913781567,9150528132.17633,6.0189812403864,2.37072831904284,76.994,2992547,84.3257675170898,15.626,60.3,30.0,25.0,81.2,75.6,54.3,50.2,84.5,62.4,70.0,70.0,3057.772570381127
Albania,ALB,2007,4.246,5.86740351847628,11116937869.8568,6.50009261158209,2.93268248162317,77.691,2970017,86.2188568115234,15.966,61.4,30.0,24.0,87.3,75.1,64.1,49.7,80.3,73.2,60.0,70.0,3743.0552989618577
Albania,ALB,2008,4.195,9.40665320050491,13258506375.4518,6.90706230713707,3.32087090389275,78.248,2947314,87.8338394165039,13.06,62.4,30.0,26.0,90.3,76.0,55.6,49.5,80.4,75.8,70.0,70.0,4498.504867636024
Albania,ALB,2009,4.2836,10.9068201480963,12335540656.1006,2.69075152362146,2.26692209450826,78.509,2927519,89.3157196044922,13.674,63.7,30.0,29.0,92.8,75.6,67.0,47.2,79.6,75.8,70.0,70.0,4213.650075746938
Albania,ALB,2010,4.567,9.01744998049889,12086545641.299,2.97315442681247,3.6271009151748,78.414,2913021,93.6818237304688,14.086,66.0,35.0,34.0,92.6,74.2,68.0,52.1,78.7,85.8,70.0,70.0,4149.144699368456
Albania,ALB,2011,5.0007,8.08329285826067,12973755874.5365,2.46351683915714,3.42807130141501,78.303,2905195,95.4705276489258,13.481,64.0,35.0,32.0,92.1,68.7,67.1,50.4,79.9,79.8,65.0,70.0,4465.709143288661
Albania,ALB,2012,4.5385,7.49597513325321,12246499747.9714,0.984129880204108,2.03159268395296,78.084,2860708,97.6086120605469,13.376,65.1,35.0,33.0,91.4,69.5,78.2,51.0,78.6,79.8,65.0,70.0,4280.933163388713
Albania,ALB,2013,4.7703,9.80035898039468,12796985886.1478,1.7072283175406,1.93762080205223,77.995,2816902,102.903209514161,15.866,65.2,30.0,31.0,92.6,75.1,81.0,49.0,78.4,79.8,65.0,70.0,4542.929035567372
Albania,ALB,2014,5.1022,8.64846635716115,13296322588.1684,2.24022695382642,1.62586504402614,78.029,2773767,103.321377531566,18.055,66.9,30.0,30.4,92.7,75.6,78.1,49.7,80.0,87.5,75.0,70.0,4793.597511315262
Albania,ALB,2015,4.8756,8.62740636982337,11470171826.9575,2.2277040745779,1.89617402592356,78.358,2731293,102.440729325166,17.193,65.7,30.0,31.0,87.2,76.1,70.6,52.9,80.8,87.8,70.0,70.0,4199.539129253983
Albania,ALB,2016,4.5382,8.71147225448456,11988668784.6628,3.90893551362245,1.27543168367423,78.643,2689469,99.170755047578,15.418,65.9,35.0,33.0,87.8,75.0,67.6,51.5,81.7,87.6,70.0,70.0,4457.634122074952
Albania,ALB,2017,5.3613,7.71411336285186,13258268435.6048,3.28317593330073,1.98666133171194,78.9,2648285,97.5743697537481,13.616,64.4,54.0,39.7,86.9,72.5,79.3,50.7,81.4,87.7,70.0,70.0,5006.360129519595
Albania,ALB,2018,5.3341,7.83109146132114,15379508329.7568,3.67141928098908,2.02805963071135,79.238,2607733,98.822387862215,12.304,64.5,54.1,39.9,85.1,72.7,69.1,50.4,82.4,87.8,70.0,70.0,5897.654525887735
Albania,ALB,2019,4.984,7.70621465029911,15585111614.0376,2.06257790176122,1.41109078954242,79.467,2567801,99.01515356567,11.466,66.5,54.8,40.4,86.3,73.9,69.3,52.7,81.5,87.8,70.0,70.0,6069.439031310292
Albania,ALB,2020,4.5676,7.01865154497786,15241458744.5927,-3.31375636888916,1.62088661717021,77.824,2528480,95.9294474518951,11.639,66.9,57.1,38.8,85.9,74.6,65.7,52.1,81.2,88.4,70.0,70.0,6027.913507163474
Albania,ALB,2021,5.1122,6.75791457973236,18031989573.0294,8.96957619074095,2.04147163139545,76.844,2489762,97.665033031442,11.474,65.2,46.1,40.6,89.0,74.6,66.1,51.6,82.0,82.8,70.0,70.0,7242.45513146614
Albania,ALB,2022,4.5239,7.57934042905775,19017247013.8821,4.8268006234359,6.72520271530059,78.769,2451636,97.3224714726407,10.785,66.6,55.5,35.6,89.1,72.1,70.7,51.1,82.0,82.6,70.0,70.0,7756.961887442548
Albania,ALB,2023,4.2226,6.90036950940795,23491242727.4082,4.01541716935742,4.75834555150038,79.602,2411658,96.1368771236947,10.669,65.3,55.9,49.2,89.1,71.0,70.7,49.7,81.3,82.8,70.0,70.0,9740.702341463093
Albania,ALB,2024,4.2437,6.32558905401363,27037474263.2977,4.04592845095348,2.21587375089992,79.776,2377128,108.355392456055,10.689,64.8,56.8,36.6,88.8,69.8,74.1,51.5,75.7,82.6,70.0,70.0,11374.00857812356
Albania,ALB,2025,,,30540188271.3421,3.78893836241024,2.14618551167388,,2349580,,10.926,66.6,58.3,39.6,88.8,71.9,74.2,51.3,75.8,83.4,60.0,60.0,12998.147869552047
Algeria,DZA,2001,85.8235,1.87349238167778,59413400923.6364,2.99999999863043,4.22598834854673,71.025,31331221,68.763298034668,27.3,57.3,30.0,50.0,64.6,63.3,70.0,,78.2,59.6,50.0,50.0,1896.30020878013
Algeria,DZA,2002,89.6877,1.73118897497205,61516103406.1688,5.40000000000001,1.41830192345051,71.644,31750835,72.5830688476562,25.9,61.0,30.0,50.0,65.0,71.2,70.0,,82.8,60.0,70.0,50.0,1937.464114130189
Algeria,DZA,2003,96.5063,0.868036712018978,73482264190.9245,6.50000000062043,4.268953958395,71.906,32175818,75.4358673095703,23.72,57.7,30.0,50.0,65.2,74.9,70.0,,78.9,50.4,70.0,30.0,2283.772993461254
Algeria,DZA,2004,96.626,0.962586875552012,91913680985.1708,4.49999999976698,3.96180030257187,72.536,32628286,79.6298599243164,17.65,58.1,30.0,50.0,74.1,62.4,70.0,,81.1,55.0,70.0,30.0,2816.993849605548
Algeria,DZA,2005,101.4002,1.07990333031143,107046618669.707,5.39999999969525,1.38244656662118,72.836,33109249,81.8563690185547,15.27,53.2,30.0,26.0,73.9,61.8,70.0,55.9,80.1,54.4,50.0,30.0,3233.1333963421216
Algeria,DZA,2006,105.5039,1.49572335207526,123084258693.01,2.89999999905852,2.31149918514424,73.116,33623506,83.4811935424805,12.27,55.7,30.0,27.0,73.9,74.4,74.8,57.4,78.8,61.0,50.0,30.0,3660.661047453231
Algeria,DZA,2007,108.9161,1.1838181536619,142482739809.849,3.10000000128674,3.67899574741699,73.346,34189416,73.517822265625,13.79,55.4,30.0,28.0,73.8,74.2,73.7,57.6,80.7,66.0,50.0,20.0,4167.451699375298
Algeria,DZA,2008,113.7088,1.46277344571787,180383848331.135,2.49999999929371,4.85859062814939,73.618,34816961,80.2311401367188,11.33,56.2,30.0,31.0,77.0,74.6,73.6,57.0,80.2,68.8,40.0,30.0,5180.918815146876
Algeria,DZA,2009,116.0891,1.82742164668261,150317292079.359,1.19999999969519,5.73706036145628,73.871,35490445,96.3929595947266,10.16,56.6,30.0,30.0,77.2,74.1,72.5,55.5,78.6,68.6,50.0,30.0,4235.429904566116
Algeria,DZA,2010,118.6168,1.29390467487817,177785053939.531,4.80000000093564,3.91106195534028,74.144,36188236,100.739776611328,9.96,56.9,30.0,32.0,83.5,73.4,71.2,56.4,77.2,70.7,45.0,30.0,4912.785855036731
Algeria,DZA,2011,124.8035,1.17767329101171,218331946925.304,2.99999999941909,4.5242115050527,74.383,36903376,103.184272766113,9.96,52.4,30.0,28.0,83.5,62.4,69.4,52.9,75.4,72.8,20.0,30.0,5916.313643643443
Algeria,DZA,2012,140.2699,0.660551953898791,227143746075.934,2.40000000034432,8.89145091062317,74.609,37646166,,10.97,51.0,30.0,29.0,82.9,47.9,66.3,54.4,76.3,72.8,20.0,30.0,6033.648846895431
Algeria,DZA,2013,145.7286,0.736559065111634,229701430292.157,2.60000000061164,3.25423910998847,74.809,38414171,,9.82,49.6,30.0,29.0,80.4,44.1,65.2,52.6,76.6,67.8,20.0,30.0,5979.601389605857
Algeria,DZA,2014,155.033,0.628688968391006,238942664192.59,4.09999999866501,2.91692692067458,74.992,39205031,,10.207,50.8,30.0,28.7,80.5,51.0,66.3,48.3,67.8,60.8,45.0,30.0,6094.693923149557
Algeria,DZA,2015,164.5785,-0.286832290676438,187493855609.345,3.20000000089023,4.78444700693889,75.159,40019529,,11.206,48.9,30.0,36.0,80.0,38.7,66.6,50.5,71.2,60.8,25.0,30.0,4685.059027290026
Algeria,DZA,2016,160.7458,0.906300705997455,180763839522.151,3.90000000017621,6.39769480268757,75.31,40850721,,10.202,50.1,25.0,36.0,81.0,59.4,62.1,48.2,68.1,60.8,30.0,30.0,4424.985290275562
Algeria,DZA,2017,166.3203,0.647902696344894,189880896903.073,1.49999999895587,5.59111590961664,75.431,41689299,,12.0,46.5,38.2,31.7,81.1,51.0,62.1,49.5,67.0,63.3,35.0,30.0,4554.667539578274
Algeria,DZA,2018,174.8053,0.753576088552125,194554483655.528,1.40000000088281,4.26999020467084,75.555,42505035,,12.112,44.7,27.8,29.0,74.0,45.9,68.1,48.7,69.9,63.5,25.0,30.0,4577.210291804912
Algeria,DZA,2019,181.6864,0.713947308015691,193459662090.677,0.899999999219148,1.95176821052892,75.682,43294546,,12.302,46.2,31.6,28.9,76.4,48.7,61.6,49.9,74.9,67.4,30.0,30.0,4468.453418836567
Algeria,DZA,2020,171.9505,0.693816014772836,164873415325.201,-4.99999999908597,2.41513094083414,73.257,44042091,,14.08,46.9,37.9,28.3,75.4,52.6,63.0,50.5,76.2,66.2,30.0,30.0,3743.541952292887
Algeria,DZA,2021,181.3215,0.466728479682941,186231205262.082,3.79999999900707,7.22606307415477,75.208,44761099,,13.656,49.7,34.0,32.7,67.2,55.4,63.5,51.3,84.3,57.4,30.0,30.0,4160.55926736924
Algeria,DZA,2022,189.1886,0.107187812155079,225581644702.568,3.60000000094915,9.26551551551553,76.129,45477389,104.550270080566,12.382,45.8,27.9,30.1,67.2,57.1,50.0,51.5,80.1,57.4,30.0,30.0,4960.303343328879
Algeria,DZA,2023,190.5786,0.489819143410423,247923887214.655,4.10000000005964,9.32217375928322,76.261,46164219,101.264892578125,11.645,43.2,27.8,29.5,71.9,50.7,53.6,51.4,75.1,57.5,30.0,30.0,5370.477235077994
Algeria,DZA,2024,186.3584,0.455370730483787,269322281664.773,3.69999999907979,4.04611455313434,76.475,46814308,105.164131811213,11.655,43.9,27.5,27.7,79.4,54.7,54.4,51.4,71.9,57.4,30.0,30.0,5752.990766514652
Algeria,DZA,2025,,,287031225987.736,3.815543719231,1.41835151429016,,47435312,,11.633,47.5,27.6,29.5,80.3,64.4,59.1,52.4,70.9,57.4,20.0,20.0,6051.00322704183
Angola,AGO,2001,16.1923,24.0090757001341,8936079117.73136,4.20599855694861,152.561022469299,47.032,16747208,15.0013399124146,16.668,,,,,,,,,,,,533.5862024124475
Angola,AGO,2002,15.9155,10.0713557335229,17311512433.1938,13.6656887610553,108.897436089429,47.874,17327699,16.1495990753174,16.432,,,,,,,,,,,,999.0658559566277
Angola,AGO,2003,17.3297,17.5840588571476,20342128111.9406,3.48731240097521,98.2241436573304,50.218,17943712,,16.445,,,,,,,,,,,,1133.6633196041378
Angola,AGO,2004,17.6903,8.13849032857338,26997977896.2907,11.4198633904585,43.5421067519687,51.123,18600423,,16.313,,,,,,,,,,,,1451.4711787087153
Angola,AGO,2005,15.6389,-3.14962046169894,41396636383.8231,14.1547775343954,22.953513851394,52.13,19291161,,16.295,,,,,,,,,,,,2145.8862109866327
Angola,AGO,2006,16.3203,-0.0643009490169062,58653659979.5501,11.8418178757042,13.3052101780032,52.965,20015279,,16.123,43.5,30.0,20.0,84.9,40.1,26.8,44.9,40.3,68.0,30.0,50.0,2930.4442860651657
Angola,AGO,2007,17.0559,-1.22312266225493,73037821926.4655,13.0026889457976,12.2514974459487,54.2,20778561,,16.066,44.7,20.0,20.0,85.0,61.6,35.3,44.9,47.7,73.0,20.0,40.0,3515.0567898549616
Angola,AGO,2008,19.1195,1.69952793929117,98790432989.3077,10.7866360496581,12.4758291326398,55.281,21578655,22.7990207672119,16.152,46.9,20.0,22.0,85.2,72.8,36.7,41.5,57.8,73.0,20.0,40.0,4578.155264510587
Angola,AGO,2009,21.0889,2.69909240016183,81705175408.8809,1.99558909788963,13.7302839288408,56.225,22414773,24.3320198059082,16.383,47.0,20.0,22.0,85.2,62.2,43.6,43.5,61.8,72.0,20.0,40.0,3645.148465651689
Angola,AGO,2010,22.7399,-3.37761927935431,95546919754.2873,5.29366572819954,14.4696564932577,57.242,23294825,28.2108038778932,16.595,48.4,20.0,19.0,85.1,62.8,43.4,45.2,62.6,70.4,35.0,40.0,4101.637155646685
Angola,AGO,2011,23.6501,-2.40838836781619,125551634704.941,3.59386960240222,13.4824679218511,58.093,24218352,29.6869517832747,16.77,46.2,20.0,19.0,84.5,48.1,41.4,42.3,61.8,70.2,35.0,40.0,5184.15269151844
Angola,AGO,2012,24.7162,-1.02012839058611,143572907527.976,8.50312283866612,10.2779049218839,58.916,25177394,,16.539,46.7,20.0,19.0,84.1,53.2,45.5,43.9,61.2,65.2,35.0,40.0,5702.453062774329
Angola,AGO,2013,28.5343,-4.78350487026264,148845200696.335,4.88306129688392,8.77781429332624,59.705,26165620,,16.464,47.3,15.0,20.0,82.6,60.6,43.1,44.8,61.5,70.2,35.0,40.0,5688.579162134702
Angola,AGO,2014,30.8873,2.3835242701895,153449860495.966,4.65572356315585,7.28038730361121,60.396,27160769,,16.372,47.7,15.0,17.7,87.7,55.3,47.5,40.1,63.6,70.1,40.0,40.0,5649.6876246753545
Angola,AGO,2015,33.0865,9.7795154502365,102543067840.819,0.763177710914789,9.35597215533784,61.042,28157798,,16.472,47.9,15.0,23.0,84.5,50.1,47.4,43.2,65.4,70.2,40.0,40.0,3641.728939202526
Angola,AGO,2016,31.2748,-0.295404758867636,60770049747.3832,-0.233076954805284,30.6944150806719,61.619,29183070,54.4167987304753,16.572,48.9,15.0,19.0,87.8,50.1,50.3,44.8,72.2,70.2,40.0,40.0,2082.3734359470473
Angola,AGO,2017,27.9951,-8.6387131616293,85629598654.1906,-0.164688656961076,29.8444799015679,62.122,30234839,,16.617,48.5,36.4,12.8,87.7,58.6,58.5,40.4,70.6,56.7,30.0,40.0,2832.14997950512
Angola,AGO,2018,25.8142,-7.13330828809519,90506061877.2765,-0.506697543616156,19.6289379701521,62.622,31297155,,16.602,48.6,36.0,18.9,82.4,69.1,58.3,50.9,58.5,59.5,30.0,40.0,2891.8303237874657
Angola,AGO,2019,26.9963,-5.04777218289971,81193813808.0382,-1.05523414494337,17.080954143438,63.051,32375632,,16.497,50.6,35.9,20.5,83.9,80.7,55.7,58.8,55.4,61.2,30.0,40.0,2507.8680721364203
Angola,AGO,2020,20.538,-3.18988760374688,58512033805.8981,-5.27349128300007,22.271539247051,63.116,33451132,,16.696,52.2,36.9,15.1,87.3,85.7,57.7,61.1,59.6,66.2,30.0,40.0,1749.1794838482028
Angola,AGO,2021,25.5641,-5.56323234141154,78283923543.8237,1.09058369944815,25.7542948841891,62.958,34532429,53.1351542727131,15.799,54.2,30.3,20.4,87.3,86.9,56.9,59.6,67.5,70.2,30.0,40.0,2266.9683486158387
Angola,AGO,2022,26.6839,-5.14579186855198,128233959333.275,3.55749206675667,21.3552901320822,64.246,35635029,,14.124,52.6,39.8,20.6,86.6,86.4,37.6,53.9,61.2,70.0,30.0,40.0,3598.5366907734237
Angola,AGO,2023,27.336,-1.9988544144521,106042349567.303,1.32016587081031,13.6441017767715,64.617,36749906,51.4839046246776,14.051,53.0,41.1,24.8,86.5,86.9,41.6,53.9,58.9,64.8,30.0,40.0,2885.513491308059
Angola,AGO,2024,28.1004,-1.07650107199669,103080538044.058,4.95267860425956,28.2404948915772,64.805,37885849,,14.02,54.3,40.4,27.8,86.5,85.8,44.6,50.8,60.0,68.6,30.0,40.0,2720.8190066971442
Angola,AGO,2025,,,122174889423.635,3.13353542450008,20.1620197572331,,39040039,,14.108,55.0,39.9,28.2,86.9,89.5,45.2,50.8,64.2,70.4,30.0,40.0,3129.476623310622
Argentina,ARG,2001,131.3266,0.806164134759348,268696750000.0,-4.40883968258557,,74.154,37624825,97.6240463256836,17.32,68.6,50.0,30.0,72.5,79.7,85.0,,95.4,65.0,70.0,70.0,7141.475076628263
Argentina,ARG,2002,124.0151,2.19895819502207,97724004251.8602,-10.8944848285903,,74.312,38029349,96.9965667724609,19.59,65.7,50.0,35.0,72.4,76.5,70.0,,94.3,53.0,70.0,70.0,2569.699635191236
Argentina,ARG,2003,135.1954,1.29481086883944,127586973492.177,8.83704079576924,,74.307,38424282,96.0464477539062,15.36,56.3,30.0,35.0,72.2,76.8,70.0,,88.5,54.0,50.0,30.0,3320.4777513390363
Argentina,ARG,2004,149.6663,2.5050175164097,164657930452.787,9.02957330068152,,74.871,38815916,95.4575576782227,13.522,53.9,30.0,28.0,72.4,78.8,70.0,,64.0,61.6,50.0,30.0,4242.020990894224
Argentina,ARG,2005,153.6289,2.64935441452167,198737095012.282,8.85165992013437,,75.231,39216789,93.6376724243164,11.506,51.7,30.0,25.0,72.7,73.7,70.0,43.9,65.4,56.2,50.0,30.0,5067.653422932765
Argentina,ARG,2006,162.5613,2.38106854489628,232557260817.308,8.04715150043027,,75.279,39622115,92.4075775146484,10.078,53.4,30.0,25.0,71.5,81.5,62.9,44.4,71.5,67.4,50.0,30.0,5869.380289702051
Argentina,ARG,2007,173.0862,2.25129423568361,287530508430.568,9.00765087504757,,74.783,40016763,92.1874084472656,8.47,54.0,30.0,28.0,70.7,81.5,63.9,42.9,71.4,61.4,50.0,40.0,7185.251551470267
Argentina,ARG,2008,179.2241,2.68990096507093,361558037110.419,4.05723310346406,,75.428,40424148,93.183219909668,7.837,54.2,30.0,29.0,70.5,80.9,63.7,42.9,65.0,69.6,50.0,40.0,8944.110265735693
Argentina,ARG,2009,164.8204,1.20643922647566,332976484577.619,-5.91852507634947,,75.577,40854831,96.4056777954102,8.645,52.3,20.0,29.0,70.3,75.6,62.1,45.6,60.6,70.0,50.0,40.0,8150.23527028221
Argentina,ARG,2010,177.3162,2.67516171886535,423627422092.49,10.1253981561002,,75.68,41288694,99.0709991455078,7.714,51.2,20.0,29.0,69.5,75.6,62.1,50.1,61.2,69.5,45.0,30.0,10260.131310825429
Argentina,ARG,2011,184.8342,2.04465997872008,530158122010.442,6.00395169280579,,76.1,41730660,100.884559631348,7.18,51.7,20.0,29.0,68.7,81.7,62.4,47.9,63.2,69.5,45.0,30.0,12704.283181968414
Argentina,ARG,2012,188.8365,2.80667189982932,545982375701.128,-1.0264204544321,,75.802,42161721,102.709991455078,7.217,48.0,20.0,29.0,65.5,56.9,61.0,48.9,60.7,67.6,40.0,30.0,12949.717486654019
Argentina,ARG,2013,193.179,1.77920553648531,552025140252.246,2.40532378079436,,75.829,42582455,104.540863037109,7.1,46.7,15.0,30.0,64.3,52.1,60.1,47.4,60.4,67.6,40.0,30.0,12963.675773326033
Argentina,ARG,2014,190.0264,0.962406650325519,526319673731.638,-2.51261532081394,,76.268,43024071,106.038902282715,7.268,44.6,15.0,29.5,63.5,49.9,53.9,44.9,60.0,68.9,30.0,30.0,12233.144411918574
Argentina,ARG,2015,196.1938,1.97713461784426,594749285413.212,2.73115982828944,,76.6,43477012,107.504867553711,7.577,44.1,15.0,34.0,66.8,41.2,52.8,43.3,59.6,68.8,30.0,30.0,13679.626498095407
Argentina,ARG,2016,194.1404,0.584748941173009,557532320662.955,-2.08032784377811,,76.105,43900313,109.598327636719,8.088,43.8,15.0,34.0,66.1,51.3,56.0,43.9,44.0,67.4,30.0,30.0,12699.962313775643
Argentina,ARG,2017,191.3736,1.78936504083806,643628393281.364,2.81850297775918,,76.543,44288894,110.377799987793,8.347,50.4,32.4,38.2,62.6,54.6,57.3,46.1,50.9,66.7,50.0,50.0,14532.500930851062
Argentina,ARG,2018,189.8171,2.23253157689253,524819892360.176,-2.61739646282038,34.2772237131003,76.77,44654882,109.671241760254,9.22,52.3,40.8,32.6,65.7,55.6,56.2,43.3,51.3,70.3,55.0,60.0,11752.799892297913
Argentina,ARG,2019,183.2687,1.48500687570697,447754683615.225,-2.00086100285785,53.5483043492339,76.847,44973465,110.460151672363,9.843,52.2,47.8,33.5,69.3,49.5,56.4,46.9,60.2,70.0,55.0,60.0,9955.974786804285
Argentina,ARG,2020,168.1154,1.26616924308721,385740508436.965,-9.9004848136464,42.0150947376509,75.878,45191965,112.376731872559,11.461,53.1,50.5,49.7,69.6,50.7,60.2,46.5,53.7,69.2,55.0,60.0,8535.599380043886
Argentina,ARG,2021,185.676,1.36838083162438,486564085480.036,10.4418119882506,48.4093786255199,73.948,45312281,115.735778808594,8.736,52.7,46.1,54.0,70.4,52.8,59.5,46.3,41.9,62.6,55.0,60.0,10738.01792233845
Argentina,ARG,2022,195.0411,2.3984601182853,633993756301.08,6.02074537534855,72.430757531824,75.806,45407904,114.14811706543,6.805,50.1,35.1,45.1,73.3,53.0,55.1,51.0,37.9,60.6,55.0,60.0,13962.189408722323
Argentina,ARG,2023,189.8908,3.81190879856952,649461687959.174,-1.85578803046339,133.488935594175,77.395,45538401,105.574584297051,6.139,51.0,34.6,56.8,66.9,53.9,55.5,55.1,36.5,61.2,55.0,60.0,14261.84656679478
Argentina,ARG,2024,183.272,1.82409522925391,638365455340.04,-1.34293072157739,219.883929014578,77.543,45696159,,7.15,49.9,34.5,39.8,67.0,54.3,55.5,53.5,29.4,58.6,55.0,60.0,13969.783660373732
Argentina,ARG,2025,,,683097891618.597,4.36733330217022,,,45851378,,7.145,54.2,34.7,39.7,70.8,57.1,55.3,55.2,23.3,64.4,65.0,60.0,14898.088594384166
Armenia,ARM,2001,3.6334,3.29806741743693,2118467913.37873,9.59999999927597,3.1459046468502,72.9756097560976,3211800,86.7833099365234,11.012,66.4,50.0,30.0,81.9,85.5,55.0,,77.8,77.0,70.0,70.0,659.588988535628
Armenia,ARM,2002,3.1014,4.65949974895044,2376335048.39976,13.1999999979356,1.06004929341667,72.8268292682927,3199800,,10.888,68.0,50.0,25.0,88.3,81.3,55.0,,91.1,81.4,70.0,70.0,742.65111831982
Armenia,ARM,2003,3.4708,4.37657009672654,2807061008.69084,14.0000000015501,4.7215533660534,72.8268292682927,3182500,,10.769,67.3,50.0,25.0,88.9,84.1,55.0,,81.7,81.2,70.0,70.0,882.0301676954721
Armenia,ARM,2004,3.7592,6.90990201303095,3576615240.41616,10.4999999988202,6.96126135875795,73.0268292682927,3164900,88.6511611938477,10.676,70.3,50.0,25.0,90.0,88.7,55.0,,84.5,80.0,70.0,90.0,1130.0879144415812
Armenia,ARM,2005,4.4627,5.96010687349519,4900469511.10191,13.8999999991133,0.638928002410097,73.0756097560976,3146400,92.0563430786133,10.584,69.8,50.0,30.0,89.9,88.9,55.0,62.1,82.0,80.0,70.0,90.0,1557.4845890865465
Armenia,ARM,2006,4.4457,7.30731450469503,6384452066.5146,13.1999999994661,2.89235662459004,72.8243902439025,3127100,95.2676467895508,10.497,70.6,50.0,31.0,90.0,90.7,77.6,65.3,80.6,80.6,70.0,70.0,2041.6526706899683
Armenia,ARM,2007,5.1543,7.25233231640274,9206301269.79164,13.7000000015467,4.40736089644516,72.8731707317073,3107400,96.8182601928711,10.394,68.6,30.0,29.0,89.7,90.8,80.8,70.3,80.3,85.6,60.0,70.0,2962.702345945691
Armenia,ARM,2008,5.6485,8.09234920917782,11662040713.8753,6.90000000042959,8.94995335353387,73.0731707317073,3087100,96.5329437255859,17.1,69.9,35.0,29.0,89.0,86.4,81.3,68.2,84.6,85.0,70.0,70.0,3777.6685931376696
Armenia,ARM,2009,4.502,8.78869421378729,8647937081.2562,-14.1000000006998,3.40676682683801,73.0731707317073,3066000,102.957763671875,19.295,69.9,35.0,30.0,90.0,89.7,83.7,66.3,77.8,86.4,70.0,70.0,2820.5926553347035
Armenia,ARM,2010,4.2991,5.7160373406455,9260285755.62424,2.2000000002151,8.17636138473952,73.1731707317073,3044800,107.732391357422,19.523,69.2,30.0,29.0,89.3,90.9,83.4,70.6,72.9,80.5,75.0,70.0,3041.344507233395
Armenia,ARM,2011,4.9041,6.44066805582743,10142111824.5835,4.69999999867412,7.65000807859294,73.8170731707317,3027900,94.8774032592773,18.884,69.7,30.0,27.0,89.2,85.7,82.4,75.9,76.0,85.5,75.0,70.0,3349.553097719046
Armenia,ARM,2012,5.6696,4.67672759828402,10619320682.9474,7.20000000096486,2.55802007757907,74.119512195122,3024100,,17.511,68.8,30.0,26.0,89.3,74.9,87.8,76.6,73.1,85.4,75.0,70.0,3511.5639968742435
Armenia,ARM,2013,5.4929,3.11193185351156,11121464437.0415,3.3,5.78966778544651,74.6219512195122,3022000,86.8721923828125,16.576,69.4,30.0,26.0,88.0,82.1,87.6,77.1,73.0,85.4,75.0,70.0,3680.1669215888483
Armenia,ARM,2014,5.7607,3.50211415457343,11609513246.7958,3.60000000058993,2.98130868933672,74.8731707317073,3013800,86.5204010009766,17.498,68.9,30.0,26.7,86.5,81.3,83.1,78.5,77.0,85.5,70.0,70.0,3852.1180061038554
Armenia,ARM,2015,5.6172,1.74473701796819,10553337518.414,3.19999999896625,3.73169119261693,74.8707317073171,3004600,86.442138671875,18.261,67.1,20.0,36.0,84.4,82.8,82.7,64.3,70.6,85.4,75.0,70.0,3512.3935027670905
Armenia,ARM,2016,5.3749,3.16536727816995,10546136235.5219,0.199999999825991,-1.403607559009,74.8682926829268,2992300,,17.617,67.0,20.0,37.0,83.8,80.7,77.5,62.2,72.8,85.6,80.0,70.0,3524.4247687470843
Armenia,ARM,2017,5.6892,2.19257337687685,11527458709.0158,7.50000000164144,0.969553268816138,75.2170731707317,2979400,,17.704,70.3,55.5,43.4,83.7,81.7,78.5,72.4,72.8,80.2,80.0,70.0,3869.053738677519
Armenia,ARM,2018,5.9516,2.14204783415544,12457940694.7395,5.19999999965324,2.52023382001638,75.619512195122,2969000,83.0249410833595,18.966,68.7,55.3,40.5,84.7,80.0,78.7,69.9,75.8,80.0,75.0,70.0,4196.005623017682
Armenia,ARM,2019,6.4247,0.736345856475298,13619290539.2116,7.59999999853918,1.44344660770698,76.2219512195122,2962500,86.8260633029699,18.304,67.7,57.2,38.6,84.7,79.0,78.3,71.4,77.8,80.8,75.0,70.0,4597.2288739954765
Armenia,ARM,2020,6.9145,0.463408850763634,12641698583.2152,-7.19999999920631,1.21143577838465,73.3756097560976,2961500,88.5080298201293,18.175,70.6,60.7,43.4,84.9,80.6,81.0,72.5,76.0,80.6,75.0,70.0,4268.680933045822
Armenia,ARM,2021,7.4634,2.64014282794454,13878908628.9378,5.80000000065645,7.18483629443371,72.2780487804878,2962300,91.4853735120921,15.469,71.9,57.3,45.0,87.1,81.3,81.9,74.5,76.9,73.8,75.0,70.0,4685.1799712850825
Armenia,ARM,2022,7.7742,4.99991586140552,19513506553.1251,12.5999999997766,8.64091108973855,74.7658536585366,2969200,91.7106609922965,13.451,65.3,50.4,50.8,86.9,78.9,64.9,47.2,77.5,73.6,75.0,70.0,6571.974455450996
Armenia,ARM,2023,7.4987,2.39959276465582,24185982215.6543,8.29999999959539,1.98041877615554,77.4658536585366,2964300,89.4111027634947,12.405,65.1,50.3,31.5,87.5,76.3,64.9,58.7,70.5,73.6,75.0,70.0,8159.0872096799585
Armenia,ARM,2024,7.4936,0.506878336560983,25955275380.0321,5.90000000046228,0.269511978259125,78.319512195122,3033500,90.9458714101262,12.405,64.9,50.3,50.0,87.6,75.5,69.2,58.9,67.5,73.6,75.0,70.0,8556.2140695672
Armenia,ARM,2025,,,29243452882.3545,7.2,3.30693341072904,,3086700,,12.871,65.4,49.9,50.4,88.1,77.6,73.0,59.2,72.2,72.0,70.0,60.0,9474.018493003694
Australia,AUS,2001,360.4279,2.81762721403267,380360222861.197,2.03145880248898,4.40712998561533,79.6341463414634,19274701,,6.747,77.4,90.0,87.0,55.4,67.3,70.0,,87.9,79.0,70.0,90.0,19733.651010264544
Australia,AUS,2002,368.6413,3.69701188608667,396436967262.563,3.94980535772942,2.98157117047457,79.9365853658537,19495210,,6.375,77.3,90.0,83.0,56.4,61.1,85.0,,83.3,77.4,70.0,90.0,20335.096019102282
Australia,AUS,2003,368.1402,1.9178050221833,468517181129.878,3.0912800997751,2.73259754838937,80.2390243902439,19720737,,5.933,77.4,90.0,85.0,58.6,58.9,85.0,,82.1,77.0,70.0,90.0,23757.58984716839
Australia,AUS,2004,381.9789,6.96956991636737,615643050220.515,4.21894147547516,2.34325687131265,80.490243902439,19932722,,5.399,77.9,90.0,86.0,59.6,60.5,85.0,,83.2,77.2,70.0,90.0,30886.05009494012
Australia,AUS,2005,384.1228,-3.60113772652235,696811489612.816,3.15548121323168,2.69182949622197,80.8414634146341,20176844,,5.036,79.0,90.0,88.0,59.1,60.9,85.0,85.8,84.0,77.2,70.0,90.0,34535.20727090996
Australia,AUS,2006,390.1907,4.0750646338694,749708370332.989,2.7709261737475,3.55528696972984,81.0414634146342,20450966,,4.785,79.9,90.0,88.0,58.9,62.2,90.9,86.5,85.0,77.4,70.0,90.0,36658.824347612186
Australia,AUS,2007,400.701,5.18803286061474,856603595823.192,3.78947119882653,2.32761442623159,81.2926829268293,20827622,,4.381,81.1,90.0,88.0,59.5,62.6,89.1,93.7,84.8,83.8,70.0,90.0,41128.24766184022
Australia,AUS,2008,404.3323,4.26757732505596,1058448244063.77,3.62398503565633,4.35029726664093,81.3951219512195,21249199,,4.242,82.2,90.0,87.0,59.2,62.8,90.3,95.5,83.7,83.8,80.0,90.0,49811.20672189903
Australia,AUS,2009,410.3013,3.10519028312049,931761689770.843,1.95484826298522,1.77112025681656,81.5439024390244,21691653,,5.565,82.6,90.0,86.0,61.4,64.3,90.5,94.7,84.7,84.8,80.0,90.0,42954.84948845729
Australia,AUS,2010,415.3195,3.08482804330762,1152566632022.13,2.21004795300735,2.9183370211222,81.6951219512195,22031750,,5.214,82.6,90.0,87.0,61.4,64.9,90.3,94.9,82.7,85.1,80.0,90.0,52313.89390412155
Australia,AUS,2011,412.862,4.67434620832808,1402939868653.4,2.39473494330615,3.30384784681081,81.8951219512195,22340024,,5.083,82.5,90.0,87.0,61.3,64.7,90.1,92.2,85.0,84.4,80.0,90.0,62799.38950170331
Australia,AUS,2012,413.3728,3.70774989384992,1552728401401.58,3.95247138119184,1.76278299052228,82.0463414634146,22733465,,5.225,83.1,90.0,87.0,63.4,67.1,91.9,90.6,84.5,86.2,80.0,90.0,68301.44025125867
Australia,AUS,2013,405.7424,3.43950309398958,1583737461925.39,2.65445302592404,2.44988248109259,82.1487804878049,23128129,,5.663,82.6,90.0,88.0,66.4,62.8,95.5,83.5,83.8,86.2,80.0,90.0,68476.67884961165
Australia,AUS,2014,396.4423,4.28599049307814,1474677007565.64,2.60118978187332,2.48792932080492,82.3,23475686,,6.078,82.0,90.0,87.7,64.2,62.6,94.6,79.2,80.5,86.4,85.0,90.0,62817.20617517375
Australia,AUS,2015,400.6316,3.456117831131,1356805839935.9,2.16434780647852,1.50836803138463,82.4,23815995,159.110763549805,6.055,81.4,90.0,81.0,63.7,61.8,94.1,81.6,85.3,86.4,80.0,90.0,56970.3613028093
Australia,AUS,2016,408.6132,3.54660341826144,1211588128417.61,2.75564065529868,1.27699365720306,82.4487804878049,24190907,155.594390869141,5.711,80.3,90.0,80.0,63.2,62.0,89.4,77.2,85.2,86.4,80.0,90.0,50084.444060638576
Australia,AUS,2017,411.2113,3.62158795648508,1330890554614.09,2.29331030192918,1.94864309065653,82.5,24592588,153.576126098633,5.592,81.0,81.7,74.8,63.2,59.0,89.3,84.1,86.4,86.2,80.0,90.0,54117.54771860896
Australia,AUS,2018,409.2476,4.23450805251819,1433144978761.67,2.87417039499501,1.91140002818579,82.7487804878049,24963258,136.105545043945,5.345,80.9,78.7,77.4,63.0,61.2,89.1,79.7,87.4,86.2,80.0,90.0,57410.17373460106
Australia,AUS,2019,407.9086,2.77077560426989,1398349602956.35,2.19401703622717,1.610770929127,82.9,25334826,144.056564331055,5.143,80.9,79.1,79.9,62.8,60.1,88.3,84.1,86.6,87.6,80.0,90.0,55194.75850974268
Australia,AUS,2020,392.5458,1.34826011276187,1333336461648.09,-0.133531904304775,0.846900734607273,83.2,25649248,137.490737915039,6.394,82.6,82.8,89.3,63.0,61.6,87.8,84.0,86.2,88.2,80.0,90.0,51983.4523666382
Australia,AUS,2021,384.7347,2.01542405903096,1560617493202.69,2.00694844335034,2.86391284709318,83.3,25685412,135.526565551758,5.022,82.4,81.5,89.8,62.6,58.1,87.4,84.1,86.7,89.8,80.0,90.0,60758.90443971426
Australia,AUS,2022,378.0651,4.05215286724898,1695627535475.8,4.25304559238732,6.59409658717841,83.2,26018721,133.277267456055,3.728,77.7,91.7,87.0,62.5,51.6,84.6,64.2,83.2,90.0,80.0,90.0,65169.519111865644
Australia,AUS,2023,377.4957,2.03614704389564,1734451264655.6,3.58382100798981,5.59701792296707,83.0512195121951,26659922,134.099243164062,3.668,74.8,90.7,94.9,63.1,47.0,88.3,64.7,80.5,89.8,80.0,90.0,65058.37731466732
Australia,AUS,2024,383.4031,3.05761029844929,1757022451652.83,1.37340773365975,3.16656665428797,83.0512195121951,27194286,131.931564331055,3.942,76.2,91.0,85.2,62.6,48.2,92.1,65.4,75.6,89.8,80.0,90.0,64609.98651160873
Australia,AUS,2025,,,1798518933689.21,1.35039785076631,2.87403791660173,,27614411,,4.09,79.3,90.4,86.2,62.1,54.8,92.5,65.3,75.0,90.0,80.0,80.0,65129.72279905626
Austria,AUT,2001,71.3722,2.89572243102078,196477206829.33,1.31698749571339,2.65000077279529,78.5756097560976,8042293,98.8608627319336,4.007,68.1,90.0,76.0,44.2,25.0,70.0,,89.6,78.0,70.0,70.0,24430.495982840963
Austria,AUT,2002,73.2194,0.0650010498093938,212837224022.813,1.48436877605324,1.81035787764129,78.6780487804878,8081957,98.9512710571289,4.852,67.4,90.0,77.0,44.5,18.9,70.0,,86.4,79.6,70.0,70.0,26334.862215031953
Austria,AUT,2003,78.1693,2.37557550248335,260779834340.097,1.14156504542775,1.35555370896445,78.6317073170732,8121423,99.3974533081055,4.779,67.6,90.0,78.0,45.3,18.6,70.0,,85.1,81.4,70.0,70.0,32110.115966142508
Austria,AUT,2004,79.6087,1.0640170021225,299210411454.823,2.56525534067859,2.0612061803287,79.1804878048781,8171966,99.2856369018555,5.969,67.6,90.0,78.0,43.5,21.0,70.0,,85.9,79.8,70.0,70.0,36614.250653370684
Austria,AUT,2005,80.4137,25.8307026071969,313952317330.776,2.32036514266782,2.29913785639286,79.3317073170732,8227829,100.199432373047,5.682,68.8,90.0,80.0,44.4,22.6,70.0,73.6,87.0,80.2,70.0,70.0,38157.37022861997
Austria,AUT,2006,78.2717,3.14473468828869,333905979332.481,3.26933601506059,1.44154851119017,79.8804878048781,8268641,100.416679382324,5.32,71.1,90.0,84.0,50.2,23.2,82.0,72.7,86.4,82.4,70.0,70.0,40382.207829857536
Austria,AUT,2007,75.4421,17.8058113461032,386760177589.497,3.77522468729185,2.16855528800757,80.1804878048781,8295487,100.102569580078,4.909,71.6,90.0,87.0,50.3,24.7,81.7,70.1,86.0,86.6,70.0,70.0,46622.962291363605
Austria,AUT,2008,75.2415,1.46799597032563,429234399096.173,1.45330562142114,3.2159503323988,80.4317073170732,8321496,100.126129150391,4.198,71.4,90.0,86.0,51.2,25.3,80.9,73.2,81.4,86.0,70.0,70.0,51581.39823610718
Austria,AUT,2009,68.0602,3.58137196898673,399290118782.429,-3.58626472551299,0.506308827696504,80.3317073170732,8343323,100.594093322754,5.371,71.2,90.0,81.0,49.9,27.1,78.6,78.7,80.9,85.8,70.0,70.0,47857.444663526636
Austria,AUT,2010,73.7998,-5.64539670207833,389827789217.634,1.80898243043663,1.81353438995062,80.5804878048781,8363404,100.263969421387,4.883,71.6,90.0,81.0,51.2,28.8,73.6,79.1,79.3,87.5,75.0,70.0,46611.139342023176
Austria,AUT,2011,72.1872,5.35812778038962,428954737064.057,2.92746800169145,3.2865791487538,80.9829268292683,8391643,99.6729583740234,4.637,71.9,90.0,79.0,50.3,28.0,72.8,78.2,82.9,87.6,80.0,70.0,51116.895352204214
Austria,AUT,2012,69.0207,1.2830027920872,406750487603.59,0.628246239479637,2.48567562177015,80.9365853658537,8429991,100.108726501465,4.909,70.3,90.0,79.0,50.5,15.4,70.3,78.1,82.2,87.2,80.0,70.0,48250.405914263734
Austria,AUT,2013,69.6088,-0.302633479129545,426580502769.417,-0.250726423318454,2.00015616900597,81.1365853658537,8479823,101.173210144043,5.367,71.8,90.0,78.0,51.1,23.5,73.6,80.4,79.3,86.8,85.0,70.0,50305.35457749731
Austria,AUT,2014,65.9262,0.389557041234778,438556021078.034,0.755798850316665,1.60581182954474,81.490243902439,8546356,101.304809570312,5.674,72.4,90.0,75.5,51.0,23.5,76.3,80.5,79.5,87.8,90.0,70.0,51314.97226163221
Austria,AUT,2015,67.3632,-1.80409511056007,379546097300.633,1.30352331826198,0.89656333526032,81.190243902439,8642699,101.411582946777,5.802,71.2,90.0,69.0,50.1,19.8,78.0,76.7,80.3,88.0,90.0,70.0,43915.22802085702
Austria,AUT,2016,67.7745,-7.23989904197038,393687359770.273,2.11721964494312,0.891591752655362,81.6414634146342,8736668,100.227989196777,6.064,71.7,90.0,72.0,50.7,22.4,79.4,72.5,81.7,88.0,90.0,70.0,45061.499392019134
Austria,AUT,2017,70.0851,3.38180275607348,414926138132.691,2.27224992038207,2.08126911385587,81.6439024390244,8797566,100.337898254395,5.561,72.3,86.0,75.2,50.3,19.3,76.9,67.6,83.4,87.0,90.0,70.0,47163.74257751417
Austria,AUT,2018,67.2508,-6.15119207172195,452582294972.775,2.48422114080024,1.99837981429549,81.6926829268293,8840521,100.692596435547,4.933,71.8,83.5,73.5,49.9,19.4,75.5,66.7,83.7,86.9,90.0,70.0,51194.0749841299
Austria,AUT,2019,68.7767,-2.85255617561831,442983642371.842,1.75497619649288,1.53089564152644,81.8951219512195,8879920,101.543632507324,4.56,72.0,84.2,77.4,50.5,24.5,74.9,68.7,81.5,86.0,90.0,70.0,49885.99473552036
Austria,AUT,2020,62.9162,-2.76332070661681,434397601557.696,-6.31825509209936,1.38191063351854,81.1926829268293,8916864,101.690559387207,5.201,73.3,87.3,84.0,51.3,27.2,73.0,68.3,81.0,86.4,90.0,70.0,48716.40989003488
Austria,AUT,2021,66.2034,3.95409878611296,480466363176.806,4.92309171717903,2.7666666666667,81.190243902439,8955797,102.307662963867,6.459,73.9,86.8,84.8,45.7,29.1,72.6,68.4,81.7,84.0,90.0,70.0,53648.643797621364
Austria,AUT,2022,62.6472,3.0221599256451,473221298968.216,5.33096379400371,8.54686993188458,81.2951219512195,9041851,101.458000183105,4.992,73.8,98.4,82.9,45.5,20.3,82.3,78.4,82.3,79.2,80.0,70.0,52336.77252237578
Austria,AUT,2023,58.4761,0.566112370322707,516670509628.876,-0.786244288594673,7.81413417002831,81.7926829268293,9131761,100.504371643066,5.264,71.1,97.0,95.2,45.7,13.0,78.5,78.8,80.4,78.6,80.0,70.0,56579.50417546801
Austria,AUT,2024,58.0304,2.55351579610657,534790720466.822,-0.659089573171372,2.93791574279376,81.9951219512195,9177982,100.622657775879,5.2,68.4,96.9,74.8,45.1,8.6,81.9,78.9,73.8,79.2,80.0,70.0,58268.878765160145
Austria,AUT,2025,,,579470021095.418,0.615747280959056,3.52719439956928,,9208163,,5.582,69.7,97.0,75.4,46.3,13.5,81.7,81.8,72.7,79.6,60.0,70.0,62930.03513245997
Azerbaijan,AZE,2001,27.7171,14.3593922707314,5707616203.72011,9.89999986533643,1.5471959015228,66.043,8111200,,10.91,50.3,30.0,17.0,71.8,86.8,55.0,,65.1,66.8,30.0,30.0,703.6709985846866
Azerbaijan,AZE,2002,27.4864,32.4654989629361,6236087738.28284,9.43891626906561,2.7711647199827,66.769,8171950,,10.04,53.3,30.0,15.0,78.4,88.0,55.0,,78.8,74.4,30.0,30.0,763.1088954634866
Azerbaijan,AZE,2003,29.7755,55.0728766554257,7276413079.11451,10.2082994004776,2.23386492967049,67.036,8234100,,9.17,54.1,30.0,20.0,78.4,87.0,55.0,,84.8,71.6,30.0,30.0,883.6925807452557
Azerbaijan,AZE,2004,29.5011,54.3650509070362,8680405740.94125,9.25380179728907,6.70893042797786,67.488,8306500,,7.99,53.4,30.0,20.0,78.3,87.9,55.0,,80.2,69.2,30.0,30.0,1045.0136328106
Azerbaijan,AZE,2005,31.2193,33.7957978256418,13245421880.834,27.9615381082131,9.6795073191705,67.71,8391850,,7.26,54.4,30.0,18.0,79.2,87.0,55.0,64.8,80.4,69.2,30.0,30.0,1578.3673303066666
Azerbaijan,AZE,2006,31.9395,21.380140470442,20981929497.6188,34.4662096226792,8.32892482863209,68.489,8484550,,6.62,53.2,30.0,19.0,80.0,77.8,56.7,60.4,75.5,72.6,30.0,30.0,2472.957257322875
Azerbaijan,AZE,2007,28.9209,13.9011034961161,33049419431.2244,25.4632157314482,16.6997549618244,68.659,8581300,,6.33,54.6,30.0,22.0,80.8,79.9,58.0,60.8,76.8,77.6,30.0,30.0,3851.330151751413
Azerbaijan,AZE,2008,32.2309,8.1611083168233,48851293785.4483,10.591437462476,20.8490871772712,69.355,8763400,,5.86,55.3,30.0,24.0,80.4,82.9,62.6,58.7,76.5,78.4,30.0,30.0,5574.468104325753
Azerbaijan,AZE,2009,27.9826,6.54746236391725,44292427184.9492,9.36950260277183,1.45704835970321,69.874,8947243,,5.74,58.0,25.0,21.0,79.7,77.5,74.6,87.0,66.3,78.4,30.0,40.0,4950.399490094233
Azerbaijan,AZE,2010,26.6362,6.337255132933,52909294791.9262,4.78883248761557,5.72687224669605,70.309,9054332,83.0853181521079,5.63,58.8,20.0,19.0,79.5,77.5,74.6,82.5,62.7,77.1,55.0,40.0,5843.533768358196
Azerbaijan,AZE,2011,29.4692,6.80050011965746,65952796427.9473,-1.5729973511111,7.8583333333334,70.565,9173082,82.9176205382172,5.42,59.7,20.0,23.0,83.9,71.0,72.9,81.1,72.6,77.1,55.0,40.0,7189.818692119759
Azerbaijan,AZE,2012,32.2811,7.59651867931835,69679944504.1972,2.20293891708398,1.06621339720303,71.08,9295784,82.762274922741,5.19,58.9,20.0,24.0,84.9,63.7,68.6,81.6,74.5,77.2,55.0,40.0,7495.865276580997
Azerbaijan,AZE,2013,33.2118,3.53211598676051,74160560123.6902,5.84341590483928,2.41571745279419,71.485,9416801,83.1376553563209,4.97,59.7,25.0,24.0,85.5,67.8,69.2,79.4,73.5,77.2,55.0,40.0,7875.345366615499
Azerbaijan,AZE,2014,34.7247,5.88846176710651,75239785452.1022,2.79758521448559,1.37344181533176,71.93,9535079,83.4386600193183,4.91,61.3,20.0,22.7,88.1,64.8,73.5,77.9,78.8,77.2,60.0,50.0,7890.840280620874
Azerbaijan,AZE,2015,34.5229,7.62606837682972,53076235354.746,1.04954641215085,4.02768573742726,72.349,9649341,84.8098586425184,4.96,61.0,20.0,28.0,88.1,59.7,74.5,79.1,79.8,76.0,55.0,50.0,5500.50364628486
Azerbaijan,AZE,2016,34.4155,11.8828171505465,37866996882.9157,-3.06359842251706,12.4433748584372,72.568,9757812,86.5856935803605,5.0,60.2,20.0,29.0,88.0,56.7,70.3,75.2,77.0,75.8,60.0,50.0,3880.6852276837985
Azerbaijan,AZE,2017,34.226,7.01669598350389,40866627351.9817,0.153614661745507,12.9359184187335,72.694,9854033,89.2625164667822,5.0,63.6,50.5,37.6,87.7,57.5,71.5,75.0,73.6,74.4,55.0,50.0,4147.198142322204
Azerbaijan,AZE,2018,34.7625,2.97797589143235,47112470051.7701,1.50040167167313,2.26854690373999,73.016,9939771,108.488781124,4.9,64.3,53.6,39.9,87.5,59.4,72.3,71.9,65.6,74.6,55.0,60.0,4739.794312340808
Azerbaijan,AZE,2019,36.9819,3.12183056112494,48174235294.1176,2.47980879185565,2.61057182799215,73.29,10024283,107.863960509557,5.0,65.4,59.1,44.7,87.5,59.5,69.5,63.9,63.0,74.6,60.0,60.0,4805.753717659169
Azerbaijan,AZE,2020,35.4067,1.18790387182911,42693000000.0,-4.19896065333343,2.75980947008127,70.312,10093121,91.365513501165,7.24,69.3,67.1,38.7,88.0,63.0,80.8,66.2,69.8,74.6,70.0,60.0,4229.910649045028
Azerbaijan,AZE,2021,37.4242,-3.11473447263613,54825411764.7059,5.61644027150554,6.65029912708779,70.999,10137750,91.4106367606057,6.04,70.1,67.9,46.8,88.1,65.2,80.5,65.9,73.2,68.0,70.0,60.0,5408.045351750231
Azerbaijan,AZE,2022,39.6836,-5.67773710614177,78807470588.2353,4.71468033247649,13.8522590144267,74.125,10141756,90.9530364179442,5.65,61.6,53.6,28.6,87.7,62.7,64.6,55.9,74.5,66.6,70.0,60.0,7770.594223350996
Azerbaijan,AZE,2023,41.7458,0.349083720733803,72428470588.2353,1.35447749115767,8.78543049849081,74.429,10153958,92.7402972401367,5.64,61.4,51.7,15.9,87.3,63.0,68.3,55.8,70.3,68.6,70.0,60.0,7133.028380483286
Azerbaijan,AZE,2024,38.8875,0.310746244591944,74426000000.0,4.15806800428062,2.21217188919901,74.576,10202830,91.1228035886648,5.648,61.6,53.0,24.0,87.9,67.6,69.6,56.1,63.9,69.0,70.0,60.0,7294.64276088105
Azerbaijan,AZE,2025,,,75937647058.8235,1.44985591122698,5.62208788068338,,10246996,,5.457,62.5,52.9,22.0,87.9,72.3,71.2,57.6,70.1,69.8,70.0,60.0,7410.722816601422
Bahrain,BHR,2001,18.4025,0.895243944446186,8976196808.51064,2.49094875338352,-1.20757180156659,74.942,661316,92.7467269897461,1.118,75.9,60.0,70.0,99.2,73.0,85.0,,90.3,75.4,50.0,80.0,13573.233988759745
Bahrain,BHR,2002,19.2269,2.26180894388216,9593510638.29787,3.34855067103268,-0.495540138751154,75.209,710553,85.6890182495117,1.137,75.6,60.0,70.0,99.3,74.8,85.0,,84.3,76.6,50.0,80.0,13501.470880142468
Bahrain,BHR,2003,19.8961,4.66554367760963,11074813829.7872,6.29644129075703,1.59362549800787,75.486,764517,81.412971496582,1.126,76.3,70.0,70.0,99.5,79.2,85.0,,83.4,69.6,50.0,80.0,14486.026902982145
Bahrain,BHR,2004,19.9206,6.58021002500264,13150159574.4681,6.98096175867695,2.35294117647062,75.787,823741,80.4924011230469,1.064,75.1,60.0,70.0,99.5,76.6,85.0,,84.7,69.6,50.0,80.0,15963.949317161705
Bahrain,BHR,2005,23.3702,6.56659445840223,15968723404.2553,6.76899737789502,2.58620689655173,76.125,888822,81.2799224853516,1.021,71.2,70.0,61.0,99.5,68.1,85.0,40.0,89.0,69.6,50.0,80.0,17966.16578376244
Bahrain,BHR,2006,25.449,15.7508650085886,18504760638.2979,6.4669995195042,2.00746965452849,76.51,960424,83.5526885986328,1.021,71.6,70.0,58.0,99.4,73.2,80.0,40.0,86.3,69.6,50.0,90.0,19267.282615071992
Bahrain,BHR,2007,25.8519,8.08243218951671,21730000000.0,8.29396129093843,3.25666666666703,76.952,1039295,,1.006,71.2,60.0,58.0,99.4,75.3,80.0,40.0,80.1,79.6,50.0,90.0,20908.404254807345
Bahrain,BHR,2008,27.669,6.97757782740497,25710904255.3191,6.24501094995797,3.52600316363721,77.457,1103496,89.0208892822266,1.015,72.2,60.0,57.0,99.7,80.3,80.0,40.0,74.3,80.8,60.0,90.0,23299.49927803916
Bahrain,BHR,2009,27.6556,1.12105291032725,22938218085.1064,2.53988570158225,2.79551283550412,78.016,1178415,90.1288833618164,1.07,74.8,60.0,50.0,99.9,79.4,79.6,85.1,74.0,80.0,60.0,80.0,19465.314074503804
Bahrain,BHR,2010,28.8353,0.581105356633959,26805984042.5532,4.3342989754845,1.96188468334623,78.593,1228543,90.1969414818577,1.13,76.3,60.0,54.0,99.9,80.8,77.8,89.4,73.4,82.9,65.0,80.0,21819.329109809914
Bahrain,BHR,2011,29.0035,2.61026038592024,29914680851.0638,1.92815791170796,-0.40004069748808,79.141,1195020,93.2938990893653,1.21,77.7,60.0,51.0,99.8,80.2,77.4,97.0,74.0,82.8,75.0,80.0,25032.78677433332
Bahrain,BHR,2012,30.2164,4.83265436536461,31963404255.3191,3.80302899043062,2.75739669962979,79.622,1208964,98.4732914840696,1.2,75.2,55.0,49.0,99.9,72.2,76.5,91.1,70.4,82.8,75.0,80.0,26438.673323042785
Bahrain,BHR,2013,32.1308,11.0211306090707,33823324468.0851,5.29262224906203,3.30001156888442,79.998,1253191,107.610472634995,1.184,75.5,55.0,51.0,99.9,72.4,75.8,90.4,72.5,82.8,75.0,80.0,26989.760114846897
Bahrain,BHR,2014,33.2899,4.36728984042946,34772526595.7447,4.30885692657077,2.64755321246189,80.214,1314562,104.203846916518,1.144,75.1,60.0,49.4,99.9,71.4,76.3,82.0,78.4,78.6,75.0,80.0,26451.79656474529
Bahrain,BHR,2015,33.4691,0.199529633421541,32523297872.3404,2.50787205267615,1.84862742374977,80.338,1370322,100.303914816394,1.164,73.4,60.0,48.0,99.9,73.1,72.5,83.1,74.2,78.6,65.0,80.0,23734.055114301893
Bahrain,BHR,2016,33.4571,0.718174283238518,33884680851.0638,3.81499327422425,2.78679347602044,80.407,1423726,100.583649344321,1.19,74.3,60.0,49.0,99.9,75.4,71.9,79.1,74.6,82.6,70.0,80.0,23800.001440630993
Bahrain,BHR,2017,33.7521,3.83300891199591,37204813829.7872,4.95383534123657,1.38671830576406,80.407,1501116,100.923412884105,1.18,68.5,64.2,55.5,99.9,69.8,69.4,78.7,80.7,82.8,75.0,80.0,24784.769351460647
Bahrain,BHR,2018,33.822,4.18079308703845,39567978723.4043,2.05258864979861,2.08766938046978,80.412,1503091,100.701887411111,1.188,67.7,62.1,51.8,99.9,66.4,75.5,76.5,79.9,83.4,75.0,80.0,26324.406654955885
Bahrain,BHR,2019,36.8474,2.32837980010521,40446808510.6383,2.05287774418655,1.00582004702137,80.471,1483756,102.128281941881,1.217,66.4,63.5,53.6,99.7,62.7,71.4,71.1,81.6,83.8,75.0,80.0,27259.743859932696
Bahrain,BHR,2020,36.8402,2.84973228101032,35837632978.7234,-5.9113629524152,-2.31770629331379,78.683,1472204,,1.765,66.3,70.6,51.0,99.4,66.1,70.5,71.1,81.1,79.4,75.0,80.0,24342.844455471793
Bahrain,BHR,2021,37.3578,4.3566259787756,40840212765.9574,4.35004091668986,-0.60631938514085,78.083,1504365,,1.548,69.9,71.5,64.4,100.0,67.1,76.7,71.4,82.8,83.6,75.0,80.0,27147.80838822852
Bahrain,BHR,2022,38.8307,4.20018456310523,46458191489.3617,6.18016125475185,3.62574104304482,80.992,1524693,103.393222951005,1.265,62.0,65.9,41.6,99.9,65.5,60.2,54.9,81.1,83.0,85.0,80.0,30470.52192760228
Bahrain,BHR,2023,38.689,15.6428756083644,46192260638.2979,3.87811614845566,0.0746206782192256,81.284,1577059,104.392938701638,1.049,62.5,65.4,28.1,99.9,66.3,64.0,53.6,83.5,84.2,85.0,80.0,29290.128421509846
Bahrain,BHR,2024,37.9692,5.72467195311559,47210732712.766,2.89710543153512,0.919635459817651,81.423,1588670,98.8139181413527,1.084,63.4,65.1,38.0,99.9,68.7,72.0,56.7,79.5,85.2,85.0,80.0,29717.142460527357
Bahrain,BHR,2025,,,48965725531.9149,3.48137573668635,-0.137708855447902,,1600366,,1.102,65.6,65.4,39.8,99.9,74.3,76.5,55.3,88.7,86.6,90.0,80.0,30596.579489888503
Bangladesh,BGD,2001,32.633,0.145443904569924,53991289844.3291,5.07728777526728,2.0071737421384,62.836,136805810,48.4609718322754,3.609,51.2,30.0,23.0,77.3,93.3,40.0,,68.6,48.8,50.0,30.0,394.65641001891004
Bangladesh,BGD,2002,34.3448,0.0955793676464671,54724081490.5102,3.83312393993225,3.33256493271913,63.591,138933658,49.6199493408203,3.966,51.9,30.0,23.0,77.3,93.3,40.0,,72.7,50.6,50.0,30.0,393.88642232762777
Bangladesh,BGD,2003,35.9887,0.44596078329809,60158929188.2556,4.73956739963045,5.66870773441476,64.288,140970351,49.5259017944336,4.32,49.3,30.0,4.0,77.2,94.0,40.0,,80.8,38.0,50.0,30.0,426.7488075436203
Bangladesh,BGD,2004,37.9102,0.689472335587339,65108544250.0425,5.23953291029852,7.5875363850469,64.912,142902856,46.3084297180176,4.316,50.0,30.0,12.0,77.2,94.1,40.0,,78.9,38.0,50.0,30.0,455.6140169097985
Bangladesh,BGD,2005,40.3834,1.17065167448603,69476001239.419,6.53594493875502,7.04661816222039,65.509,144715786,45.1695098876953,4.25,47.5,30.0,13.0,84.1,93.4,40.0,64.1,76.3,34.0,30.0,10.0,480.08585075451964
Bangladesh,BGD,2006,43.4924,0.635863899506714,71795736172.1561,6.67190498576788,6.76526117054757,66.048,146405973,45.7007904052734,3.591,52.9,30.0,15.0,84.1,94.4,58.2,64.2,74.9,48.2,30.0,30.0,490.3880265332897
Bangladesh,BGD,2007,46.2192,0.817756922700044,79611644974.5571,7.05859935449848,9.10698496905383,66.458,147989278,46.4658813476562,4.015,46.7,30.0,17.0,84.1,94.0,59.1,63.8,68.7,0.0,30.0,20.0,537.955492792911
Bangladesh,BGD,2008,51.3301,1.4496579161576,91636997370.9772,6.01378975738535,8.90194489465154,67.047,149474264,44.5729598999023,4.49,44.2,25.0,20.0,84.0,93.2,56.5,54.5,68.9,0.0,20.0,20.0,613.0620410412404
Bangladesh,BGD,2009,55.1298,0.879517142536145,102475158190.998,5.04512479919337,5.42347236174679,67.527,150873714,48.1255798339844,5.0,47.5,25.0,20.0,72.8,94.2,62.9,52.3,67.3,40.2,20.0,20.0,679.2114774280561
Bangladesh,BGD,2010,60.7693,1.06896766308322,115275540051.262,5.57178818533122,8.12667639169917,68.009,152201981,49.5031106793162,3.379,51.1,20.0,21.0,72.8,93.9,59.4,53.8,66.6,58.0,45.0,20.0,757.3852803615085
Bangladesh,BGD,2011,65.3074,0.983399364184761,128607482310.357,6.46437912497728,11.3951651552399,68.499,153591076,49.7515496494472,3.737,53.0,20.0,24.0,72.7,92.4,65.0,54.3,68.6,58.0,55.0,20.0,837.3369446956475
Bangladesh,BGD,2012,69.872,1.18850391920183,133310747603.483,6.52145877906443,6.21750422069284,68.989,155070101,51.6718482971191,4.07,53.2,20.0,24.0,72.8,93.9,68.5,55.9,67.5,54.0,55.0,20.0,859.6805363755003
Bangladesh,BGD,2013,72.0796,1.73532012481503,149998957434.186,6.01360565834344,7.53040640913172,69.487,156532141,55.6214332189314,4.426,52.6,20.0,27.0,72.7,92.1,68.0,51.9,65.4,54.0,55.0,20.0,958.2629897982805
Bangladesh,BGD,2014,76.6542,1.46870305074204,172886611653.786,6.0610593588495,6.99163889220849,70.016,157964929,,4.417,54.1,20.0,23.3,72.5,92.3,70.8,51.9,65.9,59.0,55.0,30.0,1094.4619970283784
Bangladesh,BGD,2015,85.4452,1.4507824552936,195146608978.131,6.55263987816197,6.19428022984984,70.543,159383179,59.4217414855957,4.397,53.9,20.0,27.0,72.7,92.0,62.2,63.7,67.7,59.0,45.0,30.0,1224.3864766816516
Bangladesh,BGD,2016,93.9921,0.879528340271998,265224515675.034,7.11347821270093,5.51352572692995,71.075,160811932,64.1664546117285,4.35,53.3,20.0,25.0,72.7,93.6,52.6,62.5,68.2,63.6,45.0,30.0,1649.2838085860071
Bangladesh,BGD,2017,101.0415,0.616341784631384,293732446624.596,6.59024999794057,5.70207015717239,71.606,162186147,62.3408639225315,4.372,55.0,34.9,19.1,72.8,94.0,53.4,68.7,68.6,63.6,50.0,30.0,1811.0822166864598
Bangladesh,BGD,2018,105.1823,0.75354913412869,321362752441.78,7.31941263014136,5.54362139486476,72.122,163523103,65.2714888764112,4.439,55.1,32.4,21.2,72.7,94.2,52.1,66.4,69.0,61.2,50.0,30.0,1965.2437273146659
Bangladesh,BGD,2019,109.3222,0.543244141585063,351231654603.692,7.88191515117722,5.59199639930629,72.625,164913055,65.1185413488915,4.504,55.6,36.1,24.4,72.7,94.5,50.9,68.2,69.9,63.6,45.0,30.0,2129.7989695460556
Bangladesh,BGD,2020,104.1229,0.407859894856915,373979442362.193,3.44801755122445,5.69107474746211,71.421,166298024,66.4329548486639,5.539,56.4,41.0,26.6,72.7,94.3,52.3,68.4,70.0,63.6,45.0,30.0,2248.850788282325
Bangladesh,BGD,2021,117.7683,0.414118154040593,416271647911.014,6.93867912442445,5.54565430773473,71.103,167658854,66.8282318620991,5.457,56.5,38.0,27.7,84.0,93.8,55.6,68.8,69.9,63.4,45.0,30.0,2482.8491784335706
Bangladesh,BGD,2022,120.8657,0.347960024540439,460131689083.083,7.09982877575158,7.69695437176898,74.265,169384897,67.0384586440383,4.593,52.7,36.3,22.2,82.6,93.2,55.6,36.6,70.0,63.8,50.0,40.0,2716.485927804313
Bangladesh,BGD,2023,118.9891,0.335721505298968,437415333018.291,5.77511237007889,9.8835030377921,74.672,171466990,65.9856598598849,3.352,54.4,36.8,28.0,82.1,94.7,56.7,46.8,70.1,62.0,50.0,40.0,2551.0177382730694
Bangladesh,BGD,2024,124.1907,0.283870773350074,450119432068.852,4.22325911250161,10.4657482763412,74.93,173562364,64.2997191043961,3.635,54.4,36.0,23.0,82.4,94.9,50.2,47.3,69.5,62.0,50.0,40.0,2593.416116807743
Bangladesh,BGD,2025,,,456319229255.578,3.48990671836833,8.7687628116114,,175686899,,3.778,54.7,36.5,23.3,82.6,95.0,53.9,47.4,67.1,62.2,50.0,40.0,2597.3435233527457
Barbados,BRB,2001,0.5649,2.99574106858733,3054500000.0,-2.36546415544167,2.57783490431288,74.707,262425,108.259826660156,9.85,71.5,90.0,70.0,58.8,65.3,85.0,,87.4,46.8,70.0,70.0,11639.516052205392
Barbados,BRB,2002,0.6061,7.35049907613069,3106500000.0,0.787401645449506,0.12524945805602,74.82,264148,107.798782348633,10.32,73.6,90.0,70.0,59.0,65.3,85.0,,86.3,66.8,70.0,70.0,11760.452473613277
Barbados,BRB,2003,0.6372,5.75483061520486,3209500000.0,2.175481019956,1.61943319838054,74.865,265776,107.189636230469,11.0,71.3,90.0,70.0,60.4,64.7,85.0,,85.1,66.8,50.0,70.0,12075.958702064896
Barbados,BRB,2004,0.6307,6.62895921033532,3444500000.0,1.411597864066,1.39442231075691,75.15,267298,108.061492919922,9.57,69.4,90.0,70.0,59.8,58.9,85.0,,88.9,52.0,50.0,70.0,12886.366527246744
Barbados,BRB,2005,0.6457,10.2123680027307,3819500000.0,3.95545709487497,6.08218729535043,74.96,268706,108.776031494141,9.08,70.1,90.0,70.0,60.6,56.0,85.0,80.0,87.7,52.0,50.0,70.0,14214.420221357172
Barbados,BRB,2006,0.6979,8.11575176366603,4217323400.0,6.07054679359618,7.3076626282894,75.049,270002,107.878128051758,8.73,71.9,90.0,73.0,67.4,58.7,90.0,80.0,87.7,52.0,50.0,70.0,15619.600595551145
Barbados,BRB,2007,0.6716,10.1887985471991,4675767950.0,2.07918360507011,4.0342298288507,75.263,271288,109.740669250488,7.41,70.0,90.0,69.0,67.4,59.8,90.0,80.0,76.6,57.0,50.0,60.0,17235.439643478516
Barbados,BRB,2008,0.7921,12.8407137023166,4790410400.0,0.633460425791839,8.1081081081078,75.3,272714,110.919006347656,8.12,71.3,90.0,67.0,71.3,62.2,90.0,80.0,74.0,58.8,60.0,60.0,17565.692997059192
Barbados,BRB,2009,0.7987,7.970079027098,4466809600.0,-5.01727544996282,3.64386189258337,75.458,274123,110.282241821289,10.02,71.5,90.0,69.0,70.9,66.3,90.0,80.0,74.5,64.6,50.0,60.0,16294.909949183395
Barbados,BRB,2010,0.8204,7.83499963061945,5428683250.0,-8.08072121134387,5.82421853311866,75.488,275243,107.682540893555,10.69,68.3,80.0,70.0,70.1,54.6,90.0,80.0,73.1,60.5,45.0,60.0,19723.238193160225
Barbados,BRB,2011,0.6789,8.26064263874895,5563162050.0,-0.074211165126286,9.4322024017722,75.599,276139,107.300071716309,11.19,68.5,80.0,74.0,70.7,48.8,90.0,80.0,76.3,60.5,45.0,60.0,20146.238126450808
Barbados,BRB,2012,0.6436,9.62445304629791,5486500500.0,-2.85797051387257,4.53334753888775,75.737,276938,,11.59,69.0,80.0,78.0,71.1,40.1,90.0,80.0,75.8,60.5,55.0,60.0,19811.29530797507
Barbados,BRB,2013,0.7307,1.83901684216295,5660059700.0,0.195322007310409,1.81410436049096,75.816,277665,,11.55,69.3,80.0,78.0,74.5,54.2,74.8,84.4,72.1,60.5,55.0,60.0,20384.491023355484
Barbados,BRB,2014,0.667,13.2577062663761,5684901000.0,0.807325350394564,1.76950322089729,75.926,278348,108.186309814453,12.17,68.3,80.0,77.9,74.0,49.8,72.8,78.4,74.6,60.6,55.0,60.0,20423.717792116342
Barbados,BRB,2015,0.7195,12.0802096629405,5699619150.0,-0.772620078410995,-1.11278992510958,76.055,278990,108.196029663086,9.803,67.9,80.0,75.0,73.8,42.1,71.6,69.2,78.2,63.8,65.0,60.0,20429.47471235528
Barbados,BRB,2016,0.7728,9.81682382442232,5679029450.0,1.41632446821541,1.28192813061895,76.168,279598,108.310737609863,8.247,68.3,80.0,74.0,75.8,37.6,70.2,67.3,80.8,62.2,75.0,60.0,20311.40941637637
Barbados,BRB,2017,0.6819,1.56449398077594,5847381600.0,0.654655602860373,4.66018463955995,76.237,280171,109.804237365723,8.62,54.5,55.5,34.3,74.0,39.0,69.6,67.7,83.7,62.2,75.0,60.0,20870.75964321789
Barbados,BRB,2018,0.7782,4.02586921729395,6001101550.0,-0.252085325827849,3.1060057242059,76.378,280711,108.216751098633,8.321,57.0,51.4,53.8,74.0,39.3,70.5,63.2,85.0,62.2,70.0,60.0,21378.220126749577
Barbados,BRB,2019,0.8686,3.49246359988213,6166710800.0,0.241099789148677,1.67662473276988,76.495,281207,106.086326599121,8.41,64.7,52.9,53.8,70.1,65.0,69.8,59.9,78.3,56.6,70.0,60.0,21929.435611489047
Barbados,BRB,2020,0.6726,4.85078698836817,5403246950.0,-17.4059314651747,,76.647,281698,104.318992614746,10.586,61.4,56.6,44.0,73.6,69.2,69.4,60.0,77.9,56.6,70.0,60.0,19180.991522836513
Barbados,BRB,2021,0.6515,4.01309546170598,5948900600.0,8.0198770096479,,76.58,282147,103.569473266602,11.015,65.0,52.7,50.2,79.3,73.1,69.7,60.1,77.3,58.4,70.0,60.0,21084.40139359979
Barbados,BRB,2022,0.6889,2.90417181231459,6886644900.0,15.9453206225473,,75.676,282318,104.222328186035,7.261,71.3,72.6,68.7,80.6,70.8,64.7,63.4,78.6,58.4,70.0,60.0,24393.219348394363
Barbados,BRB,2023,0.6906,3.11355771433659,7223248150.0,1.81419817804516,3.18718905472632,76.178,282336,102.513702392578,6.54,69.8,71.9,86.9,79.2,69.7,68.5,62.6,78.8,57.6,60.0,60.0,25583.872230250483
Barbados,BRB,2024,0.7128,3.98890634980471,7597571450.0,3.3669492581395,1.4464366430616,76.332,282467,104.371182990274,6.448,66.8,72.3,68.3,81.4,66.3,73.3,56.2,77.7,43.6,60.0,60.0,26897.200203917626
Barbados,BRB,2025,,,8016550000.0,2.70000021764021,0.846576563196289,,282623,,6.524,68.9,72.8,71.7,83.6,74.1,73.1,56.4,78.4,40.8,60.0,60.0,28364.81814997364
Belarus,BLR,2001,54.9987,0.775405864952368,12354820143.8849,4.72530605111095,61.1349331618477,68.5073170731707,9928549,,11.561,38.0,30.0,34.0,66.0,41.9,40.0,,0.0,70.2,30.0,30.0,1244.3731852343076
Belarus,BLR,2002,55.1904,1.69305705420781,14594900944.7658,5.04526758311702,42.5375481348794,68.0560975609756,9865548,,10.874,39.0,30.0,41.0,68.2,36.5,40.0,,0.0,75.4,30.0,30.0,1479.3806633717459
Belarus,BLR,2003,55.8311,0.963790820679998,17825444724.4878,7.04319246586394,28.3978399133474,68.5536585365854,9796749,,10.191,39.7,30.0,41.0,65.3,41.1,40.0,,14.1,66.0,30.0,30.0,1819.526531146996
Belarus,BLR,2004,59.1875,0.707817258030317,23141566292.9462,11.4497432088167,18.1082424937646,68.9560975609756,9730146,,9.463,43.1,30.0,48.0,75.4,36.8,40.0,,31.6,65.8,30.0,30.0,2378.3370047012863
Belarus,BLR,2005,60.0192,1.01489264466989,30210091836.8294,9.40000151584914,10.3388794457932,68.8512195121951,9663915,,8.759,46.7,30.0,42.0,76.2,35.4,40.0,72.0,42.7,69.0,30.0,30.0,3126.0717666524797
Belarus,BLR,2006,62.4637,0.966130137383779,36961894281.3444,9.99999473022963,6.99712903535591,69.4048780487805,9604924,,8.066,47.5,30.0,33.0,78.9,33.2,54.4,68.2,49.8,67.2,30.0,30.0,3848.223503001627
Belarus,BLR,2007,61.0589,3.99176494489288,45275711995.825,8.60000659811426,8.42675273505306,70.2073170731707,9560953,,7.41,47.0,20.0,26.0,81.8,60.0,55.7,68.2,61.5,67.2,20.0,10.0,4735.481075560669
Belarus,BLR,2008,64.7655,3.60135661387402,60752106347.126,10.1999994860937,14.8378764828254,70.4560975609756,9527985,115.713592529297,6.728,45.3,20.0,21.0,81.0,55.5,58.8,68.6,66.2,52.2,20.0,10.0,6376.175691620631
Belarus,BLR,2009,61.6066,3.68858496262614,50873167326.0414,0.199995231733979,12.9456563410402,70.4073170731707,9504583,113.701538085938,6.1,45.0,20.0,21.0,79.4,30.9,63.7,70.8,66.8,67.2,20.0,10.0,5352.488091906967
Belarus,BLR,2010,66.1204,2.43465600372626,57231904542.8755,7.75001707500896,7.73574804312515,70.4048780487805,9483836,111.028998547015,6.052,48.7,20.0,20.0,85.2,32.0,72.1,84.8,62.6,80.3,20.0,10.0,6034.678851772163
Belarus,BLR,2011,62.961,6.48031997656593,61762382327.9319,5.54997471638077,53.2286983118172,70.5536585365854,9461643,108.98986744867,6.024,47.9,20.0,24.0,83.6,26.2,70.6,82.3,62.2,80.3,20.0,10.0,6527.659342878599
Belarus,BLR,2012,64.269,2.22818019245943,65685890438.8922,1.70785253368828,59.2197360232519,71.9658536585366,9446836,107.657786407767,5.962,49.0,20.0,25.0,86.6,34.9,71.3,77.0,65.3,80.4,20.0,10.0,6953.215916831011
Belarus,BLR,2013,64.4295,2.97388136295762,75527558966.4473,0.998719299661161,18.3122610377873,72.4707317073171,9443211,104.523124130077,5.942,48.0,20.0,24.0,88.8,43.5,75.2,76.9,40.7,80.8,20.0,10.0,7998.080204545604
Belarus,BLR,2014,63.9709,2.36255232890544,78813069120.9984,1.65112470228097,18.1195543526734,72.9707317073171,9448515,103.510351178762,5.908,50.1,20.0,24.6,89.2,61.2,73.4,77.7,33.9,81.4,30.0,10.0,8341.318092948828
Belarus,BLR,2015,59.1683,2.92676775504253,56454769844.7632,-3.82957056812593,13.5344897649734,73.6243902439025,9461076,102.895731001158,5.881,49.8,20.0,29.0,86.4,54.7,72.0,80.1,44.5,81.0,20.0,10.0,5967.055950587776
Belarus,BLR,2016,59.0629,2.61275643208459,47723545321.259,-2.5264464460425,11.8365807653497,73.8268292682927,9469379,102.969005936733,5.844,48.8,20.0,31.0,88.6,44.8,69.0,74.9,50.4,79.0,20.0,10.0,5039.775609494456
Belarus,BLR,2017,60.2218,2.33218919527708,54725405751.1559,2.53218349471909,6.03183725177795,74.1292682926829,9458989,102.480850468241,5.648,58.6,50.9,37.6,89.8,48.7,71.3,74.6,60.4,80.6,30.0,10.0,5785.544919351942
Belarus,BLR,2018,63.4486,2.37627120733619,60031026576.26,3.14919758275296,4.87230220550686,74.1756097560976,9438785,101.596010989492,4.763,58.1,53.5,42.0,89.8,47.9,74.1,73.1,62.3,81.4,30.0,10.0,6360.037502312003
Belarus,BLR,2019,61.2475,1.976861708457,64410170653.4569,1.44645548204305,5.59815595039848,74.2268292682927,9419758,100.438744155791,4.165,57.9,55.2,37.7,89.4,41.3,75.0,75.3,67.0,76.4,30.0,10.0,6837.773396456353
Belarus,BLR,2020,58.1601,2.27010267778425,61371673344.7424,-0.672742918585868,5.54814357456519,72.1385609756098,9379952,100.575710351095,4.049,61.7,63.2,37.4,88.8,54.1,76.4,74.8,69.8,82.0,30.0,20.0,6542.855799767674
Belarus,BLR,2021,58.6423,1.76640687852003,69673747131.87,2.43886210234947,9.46028389623099,72.0714634146342,9302585,100.42063921059,3.9,61.0,58.6,39.8,92.9,55.5,75.9,75.7,70.2,76.0,30.0,20.0,7489.7189471388865
Belarus,BLR,2022,55.8945,2.17745011943276,73775179924.603,-4.65839591328999,15.209675274081,74.1033658536585,9228071,99.0602032881737,3.574,53.0,34.5,43.7,93.3,56.7,54.5,46.8,70.2,75.6,30.0,20.0,7994.648060748882
Belarus,BLR,2023,53.8204,2.74854001098901,72478760370.4258,4.12654007153881,5.0005990309131,74.1837804878049,9178298,97.4265999006565,3.461,51.0,31.2,11.1,89.9,57.8,53.7,47.1,66.9,70.8,30.0,20.0,7896.753882955837
Belarus,BLR,2024,54.2158,2.20948690351676,78591839299.7087,4.34999638140579,5.78531910428005,74.3653414634147,9132629,94.7902702871216,3.458,48.4,22.1,33.0,90.1,58.8,52.9,46.3,62.2,70.8,30.0,20.0,8605.60954569694
Belarus,BLR,2025,,,93397215864.198,1.29999999999998,6.59877945951182,,9085991,,3.38,48.9,20.9,28.8,89.3,55.6,50.9,48.0,67.2,69.2,30.0,20.0,10279.25471907225
Belgium,BEL,2001,125.7555,37.2564694834172,236746141604.37,1.09960362419645,2.46925823086083,77.9731707317073,10286570,155.946166992188,6.178,63.8,90.0,53.0,33.2,22.0,70.0,,88.3,78.0,70.0,70.0,23015.071263246155
Belgium,BEL,2002,118.493,7.01242443993657,258383599375.177,1.70689430349601,1.64521436175361,78.0756097560976,10332785,157.648773193359,6.91,67.6,90.0,61.0,33.7,28.0,70.0,,86.0,79.6,90.0,70.0,25006.191397109007
Belgium,BEL,2003,123.3712,10.8648744877518,318082528506.588,1.03795518162204,1.58896399970372,78.1292682926829,10376133,158.87922668457,7.68,68.1,90.0,66.0,33.7,26.8,70.0,,85.2,81.4,90.0,70.0,30655.209267902406
Belgium,BEL,2004,121.9791,12.0521106747569,369214712443.206,3.57120671942319,2.09728311239316,78.8780487804878,10421137,151.638092041016,7.363,68.7,90.0,71.0,43.1,23.5,70.0,,81.3,79.8,90.0,70.0,35429.40779333445
Belgium,BEL,2005,119.0079,8.72717720186463,385714762230.039,2.32173792911834,2.78143263670029,78.9804878048781,10478617,157.343399047852,8.44,69.0,90.0,76.0,42.1,22.0,70.0,68.0,81.8,80.2,90.0,70.0,36809.7013403619
Belgium,BEL,2006,116.0773,14.4078713936675,408259840868.823,2.55234087322462,1.79120770070454,79.380487804878,10547958,158.685104370117,8.246,71.8,90.0,75.0,42.8,26.8,90.7,68.4,81.5,82.4,90.0,70.0,38705.10679591472
Belgium,BEL,2007,112.9137,20.5026740062328,470922156309.453,3.67692462515802,1.8230563002681,79.7829268292683,10625700,159.439895629883,7.459,72.5,80.0,74.0,44.1,26.5,92.6,70.8,80.5,86.6,90.0,80.0,44319.165448813066
Belgium,BEL,2008,114.2497,36.8029204549975,517328087920.078,0.446905130727231,4.48944420508404,79.6804878048781,10709973,160.468811035156,6.976,71.7,80.0,73.0,43.9,17.9,93.7,71.6,80.4,86.0,90.0,80.0,48303.397956285975
Belgium,BEL,2009,107.2918,15.948905674901,485014525992.461,-1.90644105515335,-0.0531456741254177,80.0341463414634,10796493,159.661544799805,7.908,72.1,80.0,71.0,41.5,28.3,93.2,70.5,81.0,85.8,90.0,80.0,44923.34001350818
Belgium,BEL,2010,114.9031,26.0596407490286,481556503720.001,2.71031150254662,2.18929920422458,80.1829268292683,10895586,160.66047668457,8.293,70.1,80.0,73.0,42.2,30.0,92.9,67.1,77.9,87.5,80.0,70.0,44197.39367116197
Belgium,BEL,2011,104.4948,31.0366884311298,527196649048.639,1.93115502411325,3.5320821072274,80.5853658536585,11038264,159.349304199219,7.14,70.2,80.0,71.0,41.8,25.0,92.6,71.0,82.5,87.6,80.0,70.0,47760.829877654585
Belgium,BEL,2012,103.0142,2.36956900950954,498414364944.961,0.215803612089744,2.83966343445899,80.3853658536585,11106932,160.110534667969,7.542,69.0,80.0,71.0,44.8,12.1,92.3,71.3,81.2,87.1,80.0,70.0,44874.17091821225
Belgium,BEL,2013,104.3595,-5.65561784857252,524097026598.55,0.305494549070232,1.1130959402754,80.5878048780488,11159407,161.845886230469,8.425,69.2,80.0,75.0,45.0,14.5,91.6,69.8,79.3,86.8,80.0,70.0,46964.59467770554
Belgium,BEL,2014,97.7801,-2.82643623555084,537987419164.351,1.76554038149924,0.340002833356922,81.2878048780488,11209057,162.421981811523,8.523,69.9,80.0,74.2,44.8,14.8,89.9,72.7,79.5,87.8,85.0,70.0,47995.77869613394
Belgium,BEL,2015,102.4165,-4.23261410354123,461044767544.531,1.47416433731927,0.561429152790158,80.9926829268293,11274196,164.079818725586,8.482,68.8,80.0,75.0,43.6,10.2,90.7,63.7,81.7,88.0,85.0,70.0,40893.804537772005
Belgium,BEL,2016,101.3516,12.1319420227113,474271566739.729,1.19350273007754,1.97385264653163,81.4390243902439,11331422,160.689270019531,7.83,68.4,80.0,76.0,44.2,11.0,85.4,60.5,84.0,88.0,85.0,70.0,41854.54982964442
Belgium,BEL,2017,99.7694,-7.4442379017663,500908767351.53,1.47446761556785,2.12597086002616,81.4926829268293,11375158,158.670288085938,7.09,67.8,83.3,71.5,44.1,9.6,82.0,61.1,84.9,87.0,85.0,70.0,44035.32393585479
Belgium,BEL,2018,100.4585,-7.66649538713467,542638913427.921,1.87796847383565,2.05316499865178,81.5951219512195,11427054,156.509765625,5.941,67.5,81.2,70.9,44.0,12.1,80.6,59.5,82.6,86.9,85.0,70.0,47487.21003925605
Belgium,BEL,2019,100.3135,-1.97252997818915,536726344405.489,2.4428900448156,1.43681956996438,81.9951219512195,11488980,156.635375976562,5.364,67.3,81.3,72.5,47.1,15.2,78.1,61.0,76.1,86.0,85.0,70.0,46716.62274679641
Belgium,BEL,2020,91.9274,-5.69020542304612,529694473501.791,-4.7929839083518,0.740791812220344,80.6951219512195,11538604,151.727508544922,5.545,68.9,84.5,80.2,46.7,17.2,75.2,61.1,80.5,86.4,85.0,70.0,45906.287580524564
Belgium,BEL,2021,96.0214,5.6774240968721,598522422241.851,6.25445686466593,2.44024851144084,81.790243902439,11586195,143.163513183594,6.248,70.1,84.0,81.3,46.5,18.4,80.1,61.1,82.0,84.0,85.0,70.0,51658.238294958006
Belgium,BEL,2022,89.6767,2.22097062697703,591474463578.602,4.02460852835887,9.597511728725,81.7487804878049,11680210,142.918075561523,5.57,69.6,92.5,83.6,48.2,10.1,82.8,57.4,84.3,79.2,85.0,70.0,50639.02648827393
Belgium,BEL,2023,85.7301,-0.652733821591808,650779364363.737,1.56125539542029,4.04901077613941,82.4,11779946,142.960266113281,5.547,67.1,92.0,91.4,50.2,8.1,79.0,57.8,80.3,78.6,85.0,70.0,55244.68145811
Belgium,BEL,2024,86.6463,-6.1637514992582,670983130618.828,1.09775383828703,3.14349136500041,82.3,11858610,,5.7,65.6,91.6,78.9,51.1,6.1,82.6,58.8,72.4,79.2,85.0,70.0,56581.937564253145
Belgium,BEL,2025,,,725466462859.646,0.983117967125935,2.46705543774613,,11941781,,5.906,69.0,92.8,79.3,50.6,11.8,82.3,58.6,76.8,79.6,85.0,70.0,60750.2735864647
Belize,BLZ,2001,0.1425,5.21949933984009,1172045150.0,4.99356206143864,3.65141786561502,68.944,248379,69.2901992797852,9.07,65.9,70.0,50.0,83.6,74.8,70.0,,88.9,56.0,50.0,50.0,4718.777151047391
Belize,BLZ,2002,0.1422,2.04686311047792,1243912050.0,5.39907320663811,4.24026660688645,69.528,256009,,10.04,65.6,50.0,50.0,84.5,74.8,70.0,,94.0,66.8,50.0,50.0,4858.860625993618
Belize,BLZ,2003,0.1497,-0.83504705917142,1308280250.0,9.66522679614125,2.31808274663101,69.819,263780,75.2354507446289,10.342,63.5,50.0,50.0,84.3,60.9,70.0,,89.2,66.8,50.0,50.0,4959.740124346046
Belize,BLZ,2004,0.1372,7.9628629551609,1400202000.0,4.78066505273344,6.39443099742399,70.152,271688,76.6425094604492,10.586,62.8,50.0,50.0,84.1,64.7,70.0,,86.5,60.0,50.0,50.0,5153.713082653632
Belize,BLZ,2005,0.1509,8.6080583090955,1474298400.0,2.2191905367057,-1.1043104441191,70.335,279731,75.2656326293945,10.91,64.5,50.0,45.0,83.9,68.9,70.0,83.3,85.2,58.4,50.0,50.0,5270.4147913531215
Belize,BLZ,2006,0.1745,6.84256959940517,1590463100.0,4.51145460193301,-7.11376771265014,70.535,287878,76.0926818847656,9.39,64.7,50.0,38.0,83.9,71.5,77.4,83.8,84.2,58.4,50.0,50.0,5524.7816783498565
Belize,BLZ,2007,0.1684,8.22731936335606,1706190450.0,3.33939738340764,2.31808274642021,70.652,296100,75.4892196655273,8.51,63.3,50.0,37.0,69.7,74.9,77.4,83.2,73.2,67.2,50.0,50.0,5762.210233029382
Belize,BLZ,2008,0.1628,9.75973413898317,1738453600.0,-1.62747776449082,6.39443100250034,70.665,304361,75.4095230102539,8.18,63.0,50.0,35.0,69.3,74.8,76.5,82.5,77.3,64.6,50.0,50.0,5711.8145885970935
Belize,BLZ,2009,0.1967,6.44782371601601,1688012750.0,-0.446709636828217,-1.10431044864355,70.806,312614,75.1112899780273,8.323,63.0,50.0,30.0,68.8,77.6,75.5,80.6,78.4,69.6,50.0,50.0,5399.671000019193
Belize,BLZ,2010,0.2333,5.51460930694585,1748988400.0,1.41741099233461,0.917977378808888,70.875,320245,75.6223037349759,8.412,61.5,40.0,29.0,68.3,74.9,74.1,81.7,75.6,71.5,50.0,50.0,5461.4073599900075
Belize,BLZ,2011,0.15,5.20581667105349,1831576700.0,-0.13007112300869,1.602056156402,70.975,327298,76.1272789038614,8.424,63.8,40.0,29.0,82.3,76.1,73.7,86.5,78.8,71.5,50.0,50.0,5596.052221522894
Belize,BLZ,2012,0.1629,10.1300443506209,1917083500.0,3.94389321816617,1.30058074547858,71.134,334414,78.8095397154118,8.378,61.9,30.0,20.0,82.8,74.6,73.6,82.2,77.6,78.1,50.0,50.0,5732.665199423469
Belize,BLZ,2013,0.2057,4.53263160783493,2035191450.0,4.06646561608865,0.50974776898322,71.276,341627,80.6694303700292,8.349,57.3,30.0,0.0,82.2,72.6,72.6,71.4,77.3,77.2,40.0,50.0,5957.349536190055
Belize,BLZ,2014,0.2045,6.5987393918196,2138242200.0,3.89226067249989,1.20139964481058,71.437,348923,80.3583033664053,8.244,56.7,30.0,6.7,82.1,74.2,71.6,67.2,77.6,67.8,40.0,50.0,6128.120530890769
Belize,BLZ,2015,0.2472,2.69569808214426,2193095150.0,2.7602602736023,-0.861584009427748,71.647,356333,81.2936199454549,7.578,56.8,30.0,6.7,82.4,78.3,59.1,61.8,79.3,70.4,50.0,50.0,6154.622642303688
Belize,BLZ,2016,0.2608,1.46157075571746,2239604950.0,-0.0187414958130319,0.663427167917601,71.843,364705,87.7313726328389,7.0,57.4,35.0,6.7,82.1,71.9,63.3,60.3,79.2,70.0,55.0,50.0,6140.867139194692
Belize,BLZ,2017,0.2847,1.40473162686238,2266028250.0,-1.83323729057784,1.14765339305816,72.062,373202,86.323893201399,6.596,58.6,43.5,35.0,81.3,68.6,62.7,53.6,79.6,70.1,50.0,50.0,6071.854518464531
Belize,BLZ,2018,0.2846,5.33885311944147,2285915050.0,0.822068592512508,0.269982622646335,72.322,380226,86.2833561409511,9.346,57.1,42.1,34.7,80.0,65.5,62.9,48.7,78.3,64.9,55.0,50.0,6011.990368885873
Belize,BLZ,2019,0.3982,3.94384011758557,2381187850.0,4.25658710030072,0.187069385181424,72.577,385829,87.4526596660355,9.053,55.4,41.7,27.2,79.9,65.9,61.8,54.8,78.7,64.0,55.0,50.0,6171.614497614228
Belize,BLZ,2020,0.3186,3.72214070775569,2047284600.0,-13.5228997055506,0.121434644614894,71.58,390812,86.1886596150512,10.763,57.4,44.4,33.5,79.5,66.3,60.9,54.3,80.4,64.2,55.0,50.0,5238.540781756958
Belize,BLZ,2021,0.3361,5.16738739330779,2428606250.0,17.9899244143607,3.23563659237071,70.917,395346,88.8215546932903,10.302,57.5,41.8,36.3,78.7,64.7,60.0,54.2,80.2,55.0,55.0,50.0,6142.9893055703105
Belize,BLZ,2022,0.3545,4.95003696669658,2846604350.0,9.25051329530994,6.27689319447544,72.19,402733,87.4381668552162,8.682,56.6,34.7,38.1,77.0,64.1,54.0,59.9,82.5,55.6,55.0,50.0,7068.217280431452
Belize,BLZ,2023,0.3756,0.553310090034322,3052362650.0,0.500127941638667,4.38984017487675,73.566,411106,83.619553808705,8.278,59.8,34.1,71.0,80.7,76.6,59.0,60.7,75.6,52.2,55.0,50.0,7424.758213210218
Belize,BLZ,2024,0.3889,4.01045578413843,3203631800.0,3.50466435023895,3.28955985952768,73.739,417072,86.4571583269413,8.698,61.2,34.1,41.4,82.0,78.5,67.2,64.1,70.9,55.2,55.0,50.0,7681.244005831128
Belize,BLZ,2025,,,3326500000.0,2.74831731763744,1.06281547952896,,422924,,8.856,64.2,35.1,44.4,83.2,82.2,68.3,65.1,71.2,56.6,55.0,50.0,7865.479376909327
Benin,BEN,2001,1.8573,0.456588183737808,3666222635.13875,5.33313570603937,3.98429547767893,56.654,7445596,21.7104396820068,0.766,60.1,30.0,30.0,71.5,97.0,70.0,,81.2,61.0,50.0,50.0,492.4014995090722
Benin,BEN,2002,2.1429,-0.462423415216639,4194342686.2178,4.64303087074482,2.48916235491541,56.851,7675426,23.5846691131592,0.69,57.3,30.0,30.0,71.4,90.3,55.0,,78.3,61.0,50.0,50.0,546.4638296581584
Benin,BEN,2003,2.4,0.198870349303422,5349258094.48239,3.44357677591658,1.48724246145442,57.092,7913070,24.9001197814941,0.747,54.9,30.0,30.0,52.3,87.9,55.0,,77.8,61.0,50.0,50.0,676.0028780842821
Benin,BEN,2004,2.5584,-0.658688596039682,6190270380.49856,4.42968455385082,0.8738908308685,57.346,8159094,26.7041492462158,0.79,54.6,30.0,30.0,52.4,87.6,55.0,,79.0,57.0,50.0,50.0,758.6958037863714
Benin,BEN,2005,2.8015,-0.133820369489742,6567654954.38903,1.71316456361184,5.36452085832342,57.738,8426144,,0.859,52.3,30.0,30.0,52.2,88.5,55.0,52.6,81.1,54.0,30.0,50.0,779.4377777532677
Benin,BEN,2006,3.8591,-0.175764667500161,7034111314.88812,3.94373882815798,3.78217696540375,57.966,8693242,,0.888,54.0,30.0,32.0,67.3,86.6,48.0,53.4,83.1,59.6,30.0,50.0,809.1470725062203
Benin,BEN,2007,4.3986,1.70386973478894,8169048382.83875,5.98634932177609,1.29806813334152,58.249,8953969,,0.902,55.1,30.0,29.0,67.8,87.0,48.5,51.9,82.4,64.6,30.0,60.0,912.3382471883418
Benin,BEN,2008,4.3662,0.492562990177947,9787734526.23965,4.89657708429647,7.94729876067854,58.099,9228466,,0.895,55.2,30.0,25.0,67.5,86.4,48.1,52.7,77.5,65.2,40.0,60.0,1060.6025450209872
Benin,BEN,2009,4.6845,-0.193121764606275,9738626517.00319,2.31929213912838,0.896072355749069,58.258,9509423,,0.95,55.4,30.0,27.0,67.2,88.5,43.8,50.3,79.6,67.4,40.0,60.0,1024.1027785811177
Benin,BEN,2010,5.0815,0.561144747750256,9535345015.78355,2.11406472648392,2.20783532536524,58.387,9797484,,1.04,55.4,30.0,31.0,75.9,85.2,42.3,47.8,74.6,57.0,60.0,50.0,973.2442549315264
Benin,BEN,2011,4.9611,1.50844050539908,10693321363.6574,2.96375291904201,2.7042390774728,58.462,10093623,45.7294692993164,2.647,56.0,30.0,29.0,75.8,84.1,43.0,50.7,78.2,58.8,60.0,50.0,1059.413588525884
Benin,BEN,2012,4.7249,2.52705777310103,11141358115.8991,4.811223315688,6.74468253340712,58.559,10397657,,2.458,55.7,30.0,28.0,76.2,79.9,42.9,51.5,79.7,59.3,60.0,50.0,1071.5258366282999
Benin,BEN,2013,4.9707,2.87863747120321,12517845123.9315,7.19143372144946,0.428888888888884,58.863,10708834,52.0378494262695,2.198,57.6,30.0,30.0,76.1,86.1,45.4,49.7,79.9,59.3,70.0,50.0,1168.9269927922592
Benin,BEN,2014,5.4598,3.054209933397,13284527846.9081,6.35767909791932,-0.548757550948181,59.008,11030004,52.5952682495117,1.952,57.1,30.0,29.5,68.3,86.1,51.0,50.5,75.4,60.0,70.0,50.0,1204.3991867009386
Benin,BEN,2015,5.8104,1.31501182124746,11388160996.7738,1.77815106030278,0.218785923536245,59.123,11360681,55.1333084106445,1.886,58.8,30.0,36.0,68.3,86.7,55.2,53.2,79.9,58.4,70.0,50.0,1002.4188687961399
Benin,BEN,2016,7.1473,1.11488130998834,11821065853.3838,3.33967342629693,-0.793310145785624,59.283,11697842,55.2945899963379,1.834,59.3,30.0,39.0,68.1,84.9,51.3,53.8,82.2,58.8,75.0,50.0,1010.5338961992991
Benin,BEN,2017,7.2445,1.58170495191393,12701655836.9467,5.67156195150444,0.0432648555103608,59.528,12039780,,1.691,59.2,36.0,31.3,68.6,85.9,51.9,52.4,85.4,68.7,80.0,50.0,1054.9740806681434
Benin,BEN,2018,8.251,1.36073573251591,14262408089.9261,6.69725362180888,0.919170717886054,59.71,12383347,,1.426,56.7,35.5,30.2,67.4,85.6,60.7,49.9,84.7,55.6,80.0,50.0,1151.740970347201
Benin,BEN,2019,8.1435,1.51620780888962,14391686313.4641,6.86568662848335,0.732849371241066,59.888,12726755,,1.214,55.3,37.2,28.1,69.3,83.4,62.4,53.8,86.4,61.8,70.0,50.0,1130.8213533979479
Benin,BEN,2020,8.7059,1.10934414138144,15686741883.934,3.84879240030133,3.02272119663759,60.154,13070169,43.9858703613281,1.518,55.2,41.3,29.6,69.0,84.2,58.0,53.7,84.3,49.4,60.0,50.0,1200.1942655778973
Benin,BEN,2021,6.7467,1.95608661099463,17687623530.3355,7.1554516457574,1.73353962694036,59.61,13413417,44.2737998962402,1.833,59.6,42.5,32.2,68.4,92.0,54.6,58.5,83.7,60.4,50.0,50.0,1318.6515807519813
Benin,BEN,2022,7.0594,2.15770537478617,17425405090.862,6.25294705373625,1.35077863583527,60.475,13759501,43.5606498718262,1.685,61.0,44.3,40.3,68.4,91.6,47.7,59.6,80.4,61.4,50.0,50.0,1266.4271103190442
Benin,BEN,2023,6.8922,2.25158090881957,19673291004.1444,6.3527773854442,2.73870078406075,60.774,14111034,,1.641,59.8,43.2,48.2,69.6,90.4,47.0,60.0,81.1,60.8,50.0,50.0,1394.1778472183116
Benin,BEN,2024,7.0481,2.5276563137227,21482643706.4249,7.45311566226201,1.16093089640415,60.961,14462724,,1.637,57.7,44.6,41.3,69.6,88.5,48.9,59.1,81.9,61.0,50.0,50.0,1485.3801888513465
Benin,BEN,2025,,,24566420903.5337,8.07408453688336,1.10155247902978,,14814460,,1.589,58.5,44.8,42.4,69.4,88.4,53.7,58.7,80.3,63.0,50.0,50.0,1658.2731266299074
Bhutan,BTN,2001,0.4392,,496110225.710307,7.32837435673082,3.41478946111594,63.323,610794,33.8684310913086,1.9,,,,,,,,,,,,812.2382107720557
Bhutan,BTN,2002,0.4774,0.433615900118682,559345263.708309,10.4437797168913,2.45535714285714,63.984,624409,,1.854,,,,,,,,,,,,895.7994899309732
Bhutan,BTN,2003,0.496,0.516969908871867,651935430.314445,7.78656040877364,2.57230861693339,64.662,637663,,1.8,,,,,,,,,,,,1022.3824031101774
Bhutan,BTN,2004,0.501,1.20485866433723,735348490.428435,5.15725736177561,4.10593698272958,65.29,650544,,2.49,,,,,,,,,,,,1130.35934606796
Bhutan,BTN,2005,0.5429,0.721867150911614,860391000.221655,6.93507146766659,5.3126310463775,65.875,661865,43.8849105834961,3.1,,,,,,,,,,,,1299.949385783589
Bhutan,BTN,2006,0.5686,0.649361841531609,942879878.538879,5.6408051539139,5.00045438022541,66.499,670799,46.4304084777832,3.13,,,,,,,,,,,,1405.6071618158032
Bhutan,BTN,2007,0.5773,5.88132297381915,1255767964.00491,16.1047836542012,5.15611138758463,67.152,678641,50.2249412536621,3.7,,,,,,,,,,,,1850.4157043339703
Bhutan,BTN,2008,0.5797,0.23863062320184,1317517834.59916,4.52944877696235,8.32716049382713,67.733,686351,53.5040893554688,3.848,,,,,,,,,,,,1919.5977489639556
Bhutan,BTN,2009,0.8011,1.37452904839501,1331343797.77308,7.66749238553135,4.36112219119805,68.156,693988,58.5537414550781,3.96,57.7,60.0,50.0,83.6,58.3,61.7,85.8,75.9,42.0,30.0,30.0,1918.3959921109301
Bhutan,BTN,2010,0.905,4.40487201345335,1708880730.20989,11.9318738376229,7.03638316073019,68.765,701632,62.9354400634766,3.32,57.0,60.0,52.0,84.1,58.3,60.5,85.1,73.4,52.0,15.0,30.0,2435.5798056672015
Bhutan,BTN,2011,1.1062,1.57461513860453,1977728658.68259,8.4892584842808,8.848985699468,69.28,709377,66.9861221313477,3.23,57.6,60.0,50.0,83.9,64.1,59.8,84.7,71.8,52.0,20.0,30.0,2787.9796760856216
Bhutan,BTN,2012,1.0551,1.2354733641673,1973387227.96519,5.16482012683895,10.919656944683,69.759,717279,72.1302185058594,2.05,56.6,60.0,57.0,83.8,55.3,59.7,78.6,72.6,49.5,20.0,30.0,2751.212886429395
Bhutan,BTN,2013,1.1068,1.05127659163372,1943696951.65411,1.73634039505693,8.77638345268213,70.161,725273,76.680793762207,2.87,55.0,60.0,57.0,82.7,38.8,60.5,84.4,67.3,49.5,20.0,30.0,2679.952172015379
Bhutan,BTN,2014,1.1293,1.12656942719562,2089079570.58285,5.88108550658288,8.27106093949328,70.504,733139,84.1404190063477,2.63,56.7,60.0,58.8,82.9,57.2,59.4,83.6,65.8,49.4,20.0,30.0,2849.499986473029
Bhutan,BTN,2015,1.3096,0.294858179551153,2187815803.36833,6.66080128866197,4.54814395082205,70.797,740618,85.2313079833984,2.45,57.4,60.0,63.0,82.6,60.1,61.9,81.1,66.0,49.4,20.0,30.0,2954.0408191109723
Bhutan,BTN,2016,1.4244,0.504099187674602,2357504760.78592,8.47594339232963,3.21988689395718,71.119,747866,85.6766128540039,2.707,59.5,60.0,65.0,83.1,67.5,65.2,77.6,66.9,60.0,20.0,30.0,3152.3090510678653
Bhutan,BTN,2017,1.4736,-0.638806366922729,2591358009.20276,2.08684522733067,4.95508366985129,71.413,754335,86.5600433349609,3.027,58.4,60.1,44.7,83.1,73.6,72.6,77.6,67.1,60.0,20.0,30.0,3435.2880473566256
Bhutan,BTN,2018,1.7505,0.10255942689779,2583335721.85904,3.50187185732737,2.72396386183713,71.711,759759,87.5722870683987,3.35,61.8,60.9,50.9,83.0,72.2,72.5,75.7,70.5,74.4,20.0,30.0,3400.2041724534224
Bhutan,BTN,2019,1.8063,0.475617042344246,2735683570.46155,5.75514851246506,2.72643037388832,72.005,764824,90.6185575459377,2.72,62.9,62.5,54.5,83.0,71.6,68.7,79.5,72.6,79.4,20.0,30.0,3576.8798710050287
Bhutan,BTN,2020,1.4131,-0.113401528947433,2457604333.90927,-10.2183974208569,5.62936522632508,72.253,770006,89.7711428873908,5.03,62.1,69.9,51.2,82.9,71.1,68.2,79.4,71.6,79.4,20.0,30.0,3191.6690699933115
Bhutan,BTN,2021,1.5445,0.244983575408047,2768802960.11204,4.42136738945015,7.3468144053353,72.448,775442,92.5248380307052,4.803,58.3,62.6,55.0,82.2,71.6,67.3,79.6,74.3,40.8,20.0,30.0,3570.6125798087287
Bhutan,BTN,2022,1.5172,0.289904655137253,2898227743.75576,5.21386783786224,5.6391667139637,72.754,780914,89.9829129407455,5.947,59.3,67.2,73.5,82.4,71.6,62.9,57.2,72.7,40.8,20.0,30.0,3711.327679815908
Bhutan,BTN,2023,1.5607,0.338339566522946,3012896789.79753,4.63215702969933,4.22934419929251,72.975,786385,86.8564415582911,3.126,59.0,66.9,61.6,84.0,72.2,63.0,56.6,65.6,37.6,20.0,30.0,3831.3253556432664
Bhutan,BTN,2024,1.5919,0.0841982308924301,3346603858.7495,7.49856206754038,2.76131569624098,73.262,791524,86.1810001963554,3.282,55.4,67.3,71.0,83.6,61.8,67.0,56.7,69.2,37.6,20.0,30.0,4228.051024036542
Bhutan,BTN,2025,,,3579320145.13077,8.00502716233098,3.55513663074987,,796682,,3.227,57.5,69.7,71.1,83.4,68.2,67.2,57.7,70.5,63.0,20.0,30.0,4492.78400306618
Bolivia,BOL,2001,7.9363,8.66860569359696,8141516928.39489,1.68379914527159,1.58965377879568,62.538,8752736,75.7862701416016,2.623,68.0,50.0,25.0,88.2,74.8,55.0,,87.7,71.6,90.0,70.0,930.1682272143122
Bolivia,BOL,2002,8.4679,8.55789350643914,7905485146.44351,2.48556576601922,0.92825885161107,63.068,8900355,80.6306991577148,2.603,65.1,30.0,27.0,88.7,69.3,55.0,,81.9,74.2,90.0,70.0,888.2213289743511
Bolivia,BOL,2003,9.0191,2.442343967183,8082399639.54305,2.7113398065361,3.33727499671534,63.455,9050700,83.4697265625,2.654,64.3,30.0,20.0,88.6,73.0,55.0,,85.2,66.8,90.0,70.0,893.0137602111494
Bolivia,BOL,2004,9.4522,0.745772608696722,8773451751.5121,4.1732955905708,4.43738080101725,63.819,9204287,86.3809967041016,2.615,64.5,30.0,22.0,88.9,69.9,55.0,,87.5,67.0,90.0,70.0,953.1918932462776
Bolivia,BOL,2005,9.9372,-2.49886824544741,9549122905.32852,4.42143313550196,5.39323106890663,64.182,9360754,87.4255523681641,2.598,58.4,30.0,23.0,88.9,66.7,55.0,47.7,84.9,67.4,50.0,70.0,1020.1232620073682
Bolivia,BOL,2006,10.7816,2.45168756123775,11451844902.2214,4.79700881067477,4.28239604802561,64.529,9521689,86.5906295776367,2.575,57.8,30.0,22.0,90.4,68.1,60.9,49.2,82.6,74.4,30.0,70.0,1202.7115044632733
Bolivia,BOL,2007,11.996,2.79185385749299,13120108008.3477,4.56438425143126,8.70560923578869,64.939,9685960,86.0495986938477,2.614,54.2,30.0,25.0,88.9,69.3,59.9,28.6,70.9,79.2,30.0,60.0,1354.5490594992855
Bolivia,BOL,2008,12.8434,3.07261074755318,16674276285.8956,6.14849787777658,14.0068107702519,65.299,9850858,85.3683776855469,2.603,53.1,25.0,27.0,87.8,68.1,59.0,28.8,76.5,79.0,20.0,60.0,1692.6724845587662
Bolivia,BOL,2009,13.6594,2.43967814560444,17339992193.7322,3.35699958346049,3.34645420142014,65.656,10016275,83.7523803710938,2.973,53.6,20.0,29.0,84.8,71.9,58.5,41.9,67.9,81.8,20.0,60.0,1731.181721122094
Bolivia,BOL,2010,14.7927,3.16542867647895,19649723722.1034,4.12672258996274,2.50327605844241,66.003,10182345,87.7601876397411,2.609,49.4,10.0,30.0,84.3,67.5,57.3,39.4,63.2,76.9,15.0,50.0,1929.7837307715856
Bolivia,BOL,2011,16.0948,3.58442251378885,23963164696.592,5.20409245282328,9.88446419823883,66.282,10348929,85.300407946135,2.255,50.0,10.0,27.0,83.9,63.7,57.2,41.5,68.8,77.6,20.0,50.0,2315.521219306075
Bolivia,BOL,2012,17.0414,3.9135501461408,27084497481.9103,5.12227560125973,4.51560291399376,66.586,10515807,87.0108512162742,2.066,50.2,10.0,28.0,87.0,62.2,56.5,40.8,72.8,74.3,20.0,50.0,2575.5985709808388
Bolivia,BOL,2013,18.1017,5.7066221190291,30659338885.6729,6.79601141268498,5.73640023719607,66.777,10682608,88.7650557098116,2.437,47.9,10.0,28.0,88.8,64.1,55.8,30.8,67.4,74.3,10.0,50.0,2870.023770007558
Bolivia,BOL,2014,19.463,1.98982485629696,32996188017.3661,5.46056949136766,5.76660074579144,66.97,10848888,89.4564819756877,2.021,48.4,10.0,28.1,87.1,62.5,53.4,29.9,70.0,77.6,15.0,50.0,3041.43503162408
Bolivia,BOL,2015,19.9523,1.68072787961335,33000198248.9146,4.85718718508603,4.05961041135645,67.205,11014705,90.6139031958796,3.111,46.8,10.0,34.0,86.8,60.9,53.7,25.5,69.7,77.6,10.0,40.0,2996.0128981134403
Bolivia,BOL,2016,21.3607,0.988080149462259,33941126193.9219,4.26392086992173,3.62321431764138,67.392,11180020,90.6152852803158,3.498,47.4,10.0,35.0,86.4,55.5,58.8,31.7,65.0,76.6,15.0,40.0,3035.8734773213196
Bolivia,BOL,2017,21.7833,1.55130384811576,45927439594.7902,4.19520633364647,2.8227580554717,67.536,11344587,89.4000212849504,3.655,47.7,25.7,32.6,86.1,49.1,58.9,35.8,66.4,76.0,5.0,40.0,4048.4011973983893
Bolivia,BOL,2018,21.9655,0.624547731622922,48414038842.2576,2.86808404814794,2.27205987230155,67.699,11508368,88.7218999579042,3.519,44.1,19.0,23.1,85.7,46.5,59.2,49.2,67.5,75.5,5.0,40.0,4206.855293666104
Bolivia,BOL,2019,21.9997,-0.44160551411852,49056643589.0014,1.50672102666863,1.83954504969026,67.82,11671386,88.8235046622532,3.682,42.3,20.5,19.7,82.4,49.3,58.8,52.9,68.8,70.4,15.0,40.0,4203.154928557877
Bolivia,BOL,2020,18.5659,-2.66931283946252,42313784081.042,-12.7194690092717,0.940742153381849,62.906,11816299,88.8672369779995,7.903,42.8,20.1,23.1,86.3,54.2,58.3,52.9,69.9,67.8,15.0,40.0,3580.96761778303
Bolivia,BOL,2021,21.8696,1.21888494970059,47877892402.3155,10.0290488827886,0.737383721452275,61.427,11937360,90.4144137410078,5.089,42.7,18.7,25.9,85.3,58.4,58.4,53.4,71.0,61.6,15.0,40.0,4010.760536862045
Bolivia,BOL,2022,23.3823,0.0122391923945909,50959081953.6903,3.74741781241461,1.74632872945969,67.434,12077154,90.3729338176816,3.552,43.0,14.1,28.7,86.0,58.8,54.7,46.2,72.8,60.8,15.0,40.0,4219.461137424454
Bolivia,BOL,2023,24.4241,0.458812480265399,52340206946.4544,2.51636590154891,2.57688800489192,68.581,12244159,91.3676827044767,3.024,43.4,21.1,28.4,87.1,60.8,55.1,44.9,74.0,60.0,15.0,40.0,4274.7082054761295
Bolivia,BOL,2024,28.4356,0.652112801170427,54881327452.9667,-1.12335595517212,5.09976568317427,68.739,12413315,90.5272216796875,3.274,43.5,21.3,28.2,86.9,61.2,54.5,46.0,72.4,60.6,15.0,40.0,4421.166098899987
Bolivia,BOL,2025,,,64768947525.3256,-1.58237567348246,19.517120804733,,12581843,,2.967,44.1,19.9,27.3,88.8,61.8,54.8,56.5,70.6,60.6,15.0,40.0,5147.81081955367
Bosnia and Herzegovina,BIH,2001,14.0968,2.04280429156892,5800615374.76094,2.42331312996704,,75.573,4179438,,26.485,36.6,10.0,10.0,67.0,0.0,40.0,,75.2,67.6,30.0,30.0,1387.893629421214
Bosnia and Herzegovina,BIH,2002,14.8282,3.97979747748747,6728220982.88398,5.027444647203,,75.994,4188002,,27.477,37.4,10.0,10.0,66.8,0.0,40.0,,77.2,72.6,30.0,30.0,1606.5467454132017
Bosnia and Herzegovina,BIH,2003,15.1887,4.49216828974651,8498894359.38629,3.86713552011777,,76.449,4178523,,28.424,40.6,10.0,10.0,66.1,3.2,40.0,,77.9,78.2,30.0,50.0,2033.9470093586392
Bosnia and Herzegovina,BIH,2004,16.0341,8.75886067110945,10156541220.9704,6.32526794858342,,76.489,4140987,,29.279,44.7,10.0,10.0,70.1,18.3,40.0,,82.4,71.8,30.0,70.0,2452.686091738612
Bosnia and Herzegovina,BIH,2005,16.8463,5.55844401745043,11222796336.5426,3.89718320544974,,76.424,4096493,,30.218,48.8,10.0,33.0,70.1,23.8,40.0,54.8,84.5,71.8,30.0,70.0,2739.610768660559
Bosnia and Herzegovina,BIH,2006,18.6905,6.57577358932059,12864841905.9543,5.41400299607282,6.12556615620285,76.028,4063272,,31.11,55.6,10.0,31.0,75.1,47.8,55.7,54.9,86.1,75.2,50.0,70.0,3166.1286534483293
Bosnia and Herzegovina,BIH,2007,19.7252,11.6737641903938,15778734264.3787,5.85911689412598,1.50077710611542,76.162,4013424,80.9894485473633,28.984,54.4,10.0,29.0,74.9,47.8,55.4,53.8,82.5,80.2,50.0,60.0,3931.4894873750445
Bosnia and Herzegovina,BIH,2008,21.6523,5.25748627826673,19112796623.1175,5.44184730165964,7.42704310332953,76.3,3947544,85.227912902832,23.405,53.9,10.0,29.0,73.7,48.3,57.2,54.2,76.6,79.8,50.0,60.0,4841.693119346485
Bosnia and Herzegovina,BIH,2009,21.6601,0.786371182353603,17613949091.2294,-3.0044555389081,-0.381464282453057,76.701,3879794,87.0009307861328,24.068,53.1,10.0,33.0,71.8,37.6,59.9,52.1,79.0,77.2,50.0,60.0,4539.918637749684
Bosnia and Herzegovina,BIH,2010,22.2176,2.58402449142469,17176315803.7298,0.865667236280544,1.99621236745887,76.827,3811472,85.5183715820312,27.312,56.2,10.0,32.0,83.2,28.8,61.3,61.2,74.7,80.8,70.0,60.0,4506.478285483876
Bosnia and Herzegovina,BIH,2011,25.2681,2.52952738058176,18644233537.1093,0.959511709726897,3.67125,76.963,3741798,87.7279968261719,27.582,57.5,20.0,30.0,83.9,24.1,60.4,60.2,80.6,86.0,70.0,60.0,4982.693757682617
Bosnia and Herzegovina,BIH,2012,23.3108,2.27539881306156,17226735995.6905,-0.821837252962993,2.05267452001717,77.037,3670113,90.7853088378906,28.01,57.3,20.0,32.0,84.3,24.4,55.2,60.4,80.7,86.0,70.0,60.0,4693.788991153814
Bosnia and Herzegovina,BIH,2013,23.2132,1.72337931811156,18179109209.3892,2.34985873172397,-0.0930456838317588,77.129,3610859,92.2983932495117,27.49,57.3,20.0,32.0,83.2,26.9,54.3,61.2,79.0,86.4,70.0,60.0,5034.566348170671
Bosnia and Herzegovina,BIH,2014,20.7957,2.93590253684149,18558734107.1478,1.15384793371298,-0.897194054194333,77.089,3564829,90.2868576049805,27.517,58.4,20.0,33.9,82.9,27.4,55.5,62.4,80.1,86.9,75.0,60.0,5206.065734751316
Bosnia and Herzegovina,BIH,2015,20.8309,2.33529310215055,16404348361.0926,4.28413016137854,-1.03602303425474,77.073,3518541,85.716178894043,27.695,59.0,20.0,42.0,82.9,27.3,53.5,63.4,84.0,87.2,70.0,60.0,4662.258692194464
Bosnia and Herzegovina,BIH,2016,23.5062,1.82975695066218,17116926553.8513,3.24225822231566,-1.58400833333336,77.124,3473003,83.1699523925781,25.408,58.6,20.0,39.0,83.9,33.1,54.6,59.4,84.3,87.0,65.0,60.0,4928.56659031141
Bosnia and Herzegovina,BIH,2017,23.9898,2.77975922538249,18326373135.6099,3.24409895306594,0.810039425333895,77.385,3428682,83.668083190918,20.527,60.2,41.2,32.7,83.5,33.7,47.4,59.3,84.0,86.6,65.0,60.0,5345.019787664735
Bosnia and Herzegovina,BIH,2018,24.0642,2.93781298692857,20484058033.1144,3.82900399349064,1.41710814018034,77.942,3387000,85.6409912109375,18.4,61.4,39.5,28.4,83.5,41.5,49.3,59.6,83.5,87.8,65.0,60.0,6047.84707207393
Bosnia and Herzegovina,BIH,2019,22.5975,2.18661375097898,20482608984.3316,2.88585242083978,0.56278215406123,77.394,3345533,85.5401306152344,15.692,61.9,40.2,30.2,84.3,46.1,49.7,67.0,83.1,82.6,65.0,60.0,6122.375413523525
Bosnia and Herzegovina,BIH,2020,22.5364,2.38939027026416,20226038369.9191,-3.01509335460439,-1.0512960076349,76.04,3299349,85.5591125488281,15.868,62.6,44.4,41.8,83.6,49.3,45.7,67.4,82.7,80.0,65.0,60.0,6130.311879682659
Bosnia and Herzegovina,BIH,2021,23.0097,3.24230818475028,23672712121.2671,7.39164256472846,1.98163900587622,74.567,3244907,85.6761474609375,14.897,62.9,44.1,42.4,93.8,49.5,48.2,67.8,84.1,69.2,65.0,60.0,7295.343786822581
Bosnia and Herzegovina,BIH,2022,22.3986,3.78827280691079,24534663636.1778,4.22681333390325,14.0208440826771,76.777,3204802,87.0373992919922,12.657,63.4,49.2,33.4,94.0,46.2,66.6,60.2,84.9,68.8,65.0,60.0,7655.594210243815
Bosnia and Herzegovina,BIH,2023,20.8288,4.0920266922729,27592361498.4057,1.99439414850893,6.1059011284828,77.85,3185073,87.8663787841797,10.668,62.9,48.2,34.3,93.2,46.6,67.0,60.6,81.9,68.0,65.0,60.0,8663.023264586307
Bosnia and Herzegovina,BIH,2024,20.4074,3.3761353835982,29737363103.0492,3.22679979810856,,78.044,3164253,,10.69,62.0,48.2,33.2,93.3,48.6,66.8,60.6,70.1,68.0,65.0,60.0,9397.909428559979
Bosnia and Herzegovina,BIH,2025,,,32599982936.3931,2.12861913138053,,,3140095,,11.037,63.5,48.3,36.2,93.6,51.2,67.1,66.2,72.5,70.0,65.0,60.0,10381.846070387393
Botswana,BWA,2001,3.9558,0.558884523880211,5489608299.66445,0.250573949689084,6.55903767014862,52.21,1712254,75.3002014160156,18.54,66.8,70.0,61.0,80.4,61.1,70.0,,77.6,61.0,50.0,70.0,3206.0712368985264
Botswana,BWA,2002,4.1754,7.50151858437683,5438863982.88692,6.06953087648317,8.03279662527486,52.373,1744763,75.8795700073242,21.277,66.2,70.0,60.0,73.1,44.5,70.0,,76.9,61.0,70.0,70.0,3117.250871830111
Botswana,BWA,2003,4.1354,5.56528127484831,7511582173.37724,4.62589474959299,9.18990265632739,52.851,1775736,76.5648727416992,23.8,68.6,70.0,60.0,69.4,46.8,85.0,,78.0,68.0,70.0,70.0,4230.123269099258
Botswana,BWA,2004,4.0534,4.36383657370126,8957467706.5354,2.70582170611173,6.94570363654675,53.573,1807146,78.3988189697266,21.755,69.9,70.0,64.0,75.9,54.6,85.0,,77.4,62.2,70.0,70.0,4956.692877352134
Botswana,BWA,2005,4.3907,4.24294905100869,9918907108.09702,4.55664565323181,8.6102252854644,54.386,1839877,79.5636215209961,19.852,69.3,70.0,57.0,75.6,45.0,85.0,66.6,76.4,77.8,70.0,70.0,5391.070766196338
Botswana,BWA,2006,4.1486,4.90881469396689,9919158482.41085,8.36387109282306,11.5552187914379,55.112,1874516,81.6948394775391,17.782,68.8,70.0,60.0,73.9,50.5,69.6,68.9,77.6,77.8,70.0,70.0,5291.583791448486
Botswana,BWA,2007,4.4229,4.6808134501234,10567270655.5027,5.79255577727118,7.08099847172693,56.735,1911201,82.4867095947266,16.976,68.1,70.0,59.0,73.9,56.2,66.1,69.4,76.8,69.6,70.0,70.0,5529.125746325321
Botswana,BWA,2008,4.5094,4.85440497340622,10730829116.4105,3.25207295796832,12.7021883920076,57.661,1949970,77.806510925293,16.293,68.2,70.0,56.0,76.4,61.8,69.1,71.1,69.7,67.6,70.0,70.0,5503.073953143125
Botswana,BWA,2009,4.1279,2.06256005196384,10118459242.3183,-14.1442346163423,8.02729703109582,58.297,1990673,,16.169,69.7,75.0,54.0,75.1,70.6,71.2,70.0,71.8,69.0,70.0,70.0,5082.933883324032
Botswana,BWA,2010,3.3822,1.7280613479871,12637273429.1339,10.119723322694,6.94887658743103,59.137,2033111,,17.86,70.3,70.0,58.0,74.1,67.1,70.5,70.8,68.8,73.9,80.0,70.0,6215.73216077917
Botswana,BWA,2011,4.0133,1.94040749024403,15110643612.1729,6.83841052493574,8.45987233408583,59.715,2073535,,18.049,68.8,70.0,56.0,78.4,51.5,70.5,70.0,70.9,75.2,75.0,70.0,7287.3829533491835
Botswana,BWA,2012,3.5247,1.05040106491218,13907464500.1489,-0.170857099335691,7.53690261091916,60.384,2108617,,17.916,69.6,70.0,58.0,78.3,53.7,69.1,70.2,72.4,79.7,75.0,70.0,6595.538450154248
Botswana,BWA,2013,5.5218,0.470417841005353,14271738933.2042,11.1029068737822,5.88460707056817,61.217,2140682,,18.167,70.6,70.0,61.0,79.5,65.1,69.0,69.8,72.0,79.7,70.0,70.0,6666.912195834879
Botswana,BWA,2014,7.1481,3.33019730942426,15470088500.7414,5.69714422072884,4.40225309243427,62.167,2172044,,18.484,72.0,70.0,61.2,81.0,69.8,68.5,69.7,72.4,82.7,75.0,70.0,7122.364234215052
Botswana,BWA,2015,7.091,2.79773267452093,13530748844.505,-4.85132507409779,3.06203169580558,63.215,2203273,,18.915,69.8,70.0,64.0,79.5,61.9,66.8,70.0,73.9,72.2,70.0,70.0,6141.203947266181
Botswana,BWA,2016,6.7524,0.944944816734731,15082637184.0496,7.20442475914267,2.81495791361944,64.32,2234776,,19.328,71.1,70.0,63.0,79.1,68.4,66.4,68.5,76.3,84.0,65.0,70.0,6749.059943390121
Botswana,BWA,2017,7.4408,1.61796092921322,16105155856.7708,4.11437856445083,3.30828076768219,65.42,2266747,,19.671,70.1,58.1,57.6,77.1,61.2,68.8,68.6,77.9,83.8,65.0,70.0,7104.964010880261
Botswana,BWA,2018,8.2088,1.67893386448584,17031943186.1353,4.18869237159223,3.23801558947715,66.371,2299141,,19.665,69.9,57.7,56.6,76.1,63.4,69.5,64.6,79.0,83.9,65.0,70.0,7407.959401417877
Botswana,BWA,2019,7.342,0.559653498041763,16725908148.5481,3.0317733945467,2.77286442863321,67.167,2332083,,20.094,69.5,58.1,52.4,82.7,65.9,68.7,68.2,78.8,83.8,65.0,70.0,7172.089564800266
Botswana,BWA,2020,6.0919,0.212513875084985,14960251607.8135,-8.72888243996397,1.8903591682421,67.643,2365894,,21.017,69.6,60.9,46.4,87.0,69.1,69.3,68.2,73.6,82.8,65.0,70.0,6323.297496765916
Botswana,BWA,2021,6.5464,-1.70161470195308,18750182236.2211,11.9162724376008,7.24097765588442,63.303,2401441,70.6292572021484,23.106,67.6,58.6,48.8,87.4,68.2,68.4,68.2,74.1,77.4,65.0,70.0,7807.887945704725
Botswana,BWA,2022,6.8377,3.49204705165089,20321150599.1523,5.48601706446772,11.665567478802,68.749,2439892,,23.615,64.8,74.2,61.4,87.4,59.8,56.7,61.6,75.4,77.2,65.0,70.0,8328.709057266593
Botswana,BWA,2023,6.7207,3.8196512349079,19413614554.6944,3.20806812224438,5.0676154934383,69.163,2480244,,23.381,64.9,72.8,68.2,87.3,61.1,65.2,62.3,70.6,78.6,65.0,70.0,7827.30027960733
Botswana,BWA,2024,6.9016,2.42279666305462,19286251067.5078,-2.77988981666252,2.81835131676251,69.293,2521139,,23.81,68.0,73.6,58.7,86.7,68.7,66.0,60.6,65.1,78.8,60.0,60.0,7649.816637443552
Botswana,BWA,2025,,,19928479839.4476,-0.733898323852287,2.6597506179431,,2562122,,24.477,69.9,74.1,60.1,84.9,70.8,70.6,60.7,68.3,78.8,50.0,60.0,7778.115109057102
Brazil,BRA,2001,351.3367,4.14759377398385,559983634798.981,1.38989640095637,6.84035902487523,69.98,176301203,,10.649,61.9,50.0,41.0,87.0,71.2,70.0,,81.3,57.0,50.0,50.0,3176.2893574752347
Brazil,BRA,2002,351.437,3.25358061271527,509795273806.715,3.05346185909312,8.45016437708331,70.396,178503484,,10.641,61.5,50.0,39.0,86.3,71.2,70.0,,79.3,58.0,50.0,50.0,2855.9401888576867
Brazil,BRA,2003,346.5055,1.81340052439304,558233745651.874,1.14082899824888,14.7149197228147,70.884,180622688,,11.168,63.4,50.0,40.0,90.2,82.7,70.0,,78.6,59.0,50.0,50.0,3090.607009745498
Brazil,BRA,2004,365.3106,2.71353166307823,669289424806.307,5.75996463670954,6.59718509985963,71.361,182675143,,10.072,62.0,50.0,40.0,90.2,68.1,70.0,,77.2,62.8,50.0,50.0,3663.8231880639996
Brazil,BRA,2005,369.2574,1.73389354602718,891633839894.183,3.20213206130431,6.86953720898964,71.832,184688101,,10.551,61.7,50.0,39.0,86.2,69.9,70.0,64.6,72.7,65.2,50.0,50.0,4827.781730747142
Brazil,BRA,2006,373.6873,1.753125703626,1107626541434.92,3.96198871122617,4.18356812896909,72.296,186653106,,9.692,60.9,50.0,39.0,83.8,71.7,53.5,66.1,76.3,69.0,50.0,50.0,5934.144709249681
Brazil,BRA,2007,393.1254,3.19082601308524,1397114486368.67,6.06987060678338,3.64127299102652,72.73,188552320,,9.28,56.2,50.0,37.0,68.6,55.5,54.2,64.1,72.6,69.8,50.0,40.0,7409.691306734756
Brazil,BRA,2008,412.7913,2.99060946922903,1695855083497.52,5.09419544658736,5.67859390284168,73.111,190367302,,8.268,56.2,50.0,33.0,68.6,55.5,54.0,63.9,75.7,70.8,50.0,40.0,8908.331765386474
Brazil,BRA,2009,385.5933,1.88848224095724,1666996438581.43,-0.125812002161169,4.88803479876799,73.457,192079951,,9.419,56.7,50.0,35.0,65.8,50.3,54.4,62.7,77.2,71.6,50.0,50.0,8678.659224467576
Brazil,BRA,2010,439.9219,3.73001288350945,2208837745100.55,7.52822581815364,5.03872690108075,73.779,193701929,,8.42,55.6,50.0,35.0,68.4,50.3,54.5,57.5,75.8,69.2,45.0,50.0,11403.282127874678
Brazil,BRA,2011,463.643,3.91518011405433,2616156223917.69,3.97442307944702,6.6364496221309,74.047,195284734,,7.578,56.3,50.0,37.0,69.0,49.6,54.3,57.8,75.9,69.8,50.0,50.0,13396.624356298582
Brazil,BRA,2012,497.9036,3.75496285641218,2465227802806.76,1.92117598576537,5.40349914036997,74.335,196876111,94.5829467773438,7.251,57.9,50.0,37.0,69.1,54.8,53.7,59.1,75.8,69.7,50.0,60.0,12521.721351996635
Brazil,BRA,2013,523.4755,3.04150901624338,2472819535557.21,3.00482266944432,6.20431066640101,74.609,198478299,104.086219787598,7.071,57.7,50.0,38.0,70.3,54.8,53.0,57.2,74.4,69.7,50.0,60.0,12458.891213881321
Brazil,BRA,2014,546.4394,3.57135266957477,2456043727198.85,0.503955740242247,6.32904015516139,74.823,200085127,102.780311584473,6.755,56.9,50.0,37.9,68.8,54.1,53.8,49.8,69.9,69.3,55.0,60.0,12274.993968936282
Brazil,BRA,2015,517.9408,3.59214931791344,1802212206814.5,-3.54576339269425,9.02990102416136,75.106,201675532,101.086227416992,8.538,56.6,50.0,42.0,68.4,50.9,53.6,52.1,69.4,69.6,50.0,60.0,8936.19661712111
Brazil,BRA,2016,482.7112,4.13737803865892,1795693482853.01,-3.27591690782192,8.73914352329393,75.081,203218114,102.692901611328,11.58,56.5,45.0,43.0,69.7,55.2,61.4,52.5,64.2,69.4,55.0,50.0,8836.286527356562
Brazil,BRA,2017,494.7579,3.33825981739039,2063514977365.65,1.32286905404399,3.44637335032669,75.383,204703445,102.989486694336,12.792,52.9,55.0,33.4,70.1,53.1,61.3,52.3,67.0,69.4,50.0,50.0,10080.509281930501
Brazil,BRA,2018,471.0836,4.07858821454947,1916933898010.99,1.783666761634,3.66485028376729,75.633,206107261,104.818481445312,12.329,51.4,55.8,31.4,70.6,50.7,58.6,46.8,71.4,68.5,50.0,50.0,9300.661649232192
Brazil,BRA,2019,468.5794,3.692673213156,1873288205059.69,1.22077782360842,3.73297621216894,75.809,207455459,103.667556762695,11.936,51.9,57.3,28.1,70.5,55.2,57.9,51.9,75.5,69.0,50.0,50.0,9029.833266810732
Brazil,BRA,2020,447.921,2.59263795310275,1476107231310.49,-3.2767587964736,3.21176803803376,74.506,208660842,103.882659912109,13.697,53.7,57.3,45.6,70.4,54.6,60.5,49.5,77.2,67.8,60.0,50.0,7074.193783376423
Brazil,BRA,2021,506.2334,2.77979084938159,1670647398904.9,4.76260437908608,8.30165975585673,73.038,209550294,106.298461914062,13.158,53.4,55.0,47.5,70.1,56.5,58.0,50.7,77.8,64.6,60.0,50.0,7972.53664986459
Brazil,BRA,2022,479.2664,3.8680317970139,1951923942083.32,3.01669435393015,9.28010608956873,74.872,210306415,105.702369689941,9.231,53.3,50.3,40.0,69.9,53.8,63.2,55.9,78.4,60.0,60.0,50.0,9281.333344412342
Brazil,BRA,2023,480.235,2.86383344298207,2191131765684.63,3.24165532906981,4.59356282283204,75.848,211140729,,7.947,53.5,49.7,55.3,70.9,55.0,63.6,57.0,73.7,65.0,60.0,50.0,10377.589279255684
Brazil,BRA,2024,491.4688,3.38960808548439,2185821610689.31,3.41931516501906,4.36746407652337,76.023,211998573,104.144660949707,6.801,53.2,49.1,36.9,69.7,34.9,67.0,56.9,71.6,66.8,50.0,50.0,10310.548697369346
Brazil,BRA,2025,,,2279920092492.13,2.2857464902475,5.01675279604836,,212812405,,5.97,55.1,51.4,36.4,74.8,44.3,66.8,57.1,74.4,71.6,40.0,40.0,10713.285686951049
Brunei Darussalam,BRN,2014,8.1068,3.35660901155102,17097797386.0336,-2.50788727590711,-0.207108731719822,74.862,416750,96.2848663330078,6.862,69.0,40.0,53.3,90.2,66.1,68.2,96.5,74.2,81.8,70.0,50.0,41026.508424795684
Brunei Darussalam,BRN,2015,7.3653,1.32471179544033,12930296870.1247,-0.392383749502031,-0.488347420743522,74.88,422212,92.8161697387695,7.703,68.9,35.0,60.0,87.0,63.6,68.3,96.9,76.6,81.8,70.0,50.0,30625.128774465673
Brunei Darussalam,BRN,2016,7.8994,-1.32059047324396,11400266044.6651,-2.47791771833224,-0.278693265753083,74.905,427564,90.0986175537109,8.537,67.3,30.0,60.0,87.0,57.3,71.3,90.2,76.8,85.2,65.0,50.0,26663.297295060154
Brunei Darussalam,BRN,2017,7.8716,3.85818821585897,12128168045.1245,1.32872661057823,-1.2605056462896,74.943,432772,88.6814727783203,9.316,69.8,62.5,40.9,85.6,61.2,76.6,90.4,76.1,89.1,65.0,50.0,28024.382458025244
Brunei Darussalam,BRN,2018,8.0303,3.80486552830842,13566908391.0895,0.0523710418528935,1.02505179290212,74.992,437810,89.1818084716797,8.7,64.2,56.6,45.4,85.6,57.7,79.9,88.9,75.1,89.1,65.0,50.0,30988.11902672278
Brunei Darussalam,BRN,2019,7.6035,2.77118007919324,13469235364.7032,3.86884436177075,-0.390522069165529,75.049,442680,88.2910308837891,6.6,65.1,64.0,43.7,90.7,59.9,80.2,90.8,76.5,84.0,65.0,50.0,30426.57306565284
Brunei Darussalam,BRN,2020,10.1279,4.71057565284031,12005799653.9835,1.1335733495246,1.94031996607184,75.114,447404,86.6857810342997,7.409,66.6,69.8,49.6,89.8,61.5,84.1,90.5,77.1,85.0,65.0,50.0,26834.35922339429
Brunei Darussalam,BRN,2021,9.9862,1.47404982867232,14006496617.4458,-1.59076260099606,1.73341388450593,74.869,451721,,4.905,66.6,61.1,47.5,92.3,67.6,83.6,90.9,74.7,84.6,65.0,50.0,31006.96362897851
Brunei Darussalam,BRN,2022,9.5371,-1.73946797718401,16681536466.7183,-1.62833154515108,3.68225030604216,72.917,455370,,5.191,64.8,67.0,61.1,90.8,68.1,72.4,75.0,72.3,84.6,65.0,50.0,36632.92809521554
Brunei Darussalam,BRN,2023,9.7036,-0.37050451622702,15095084656.1634,1.12764418162719,0.35706431153689,75.327,458949,91.8381544399811,5.296,65.7,69.1,51.9,96.3,70.0,72.4,75.2,71.8,84.4,65.0,50.0,32890.54918120184
Brunei Darussalam,BRN,2024,9.3667,0.189449066349964,15340808592.48,4.05251709306727,-0.388674165036461,75.501,462721,,5.18,65.9,68.8,59.8,95.8,73.7,76.5,75.2,68.9,84.8,65.0,50.0,33153.47389135137
Brunei Darussalam,BRN,2025,,,15031980994.1121,0.66956214816436,-0.302994414446762,,466330,,5.277,67.0,69.7,34.2,95.0,75.9,77.1,75.1,72.8,84.8,65.0,50.0,32234.642836858235
Bulgaria,BGR,2001,50.424,5.73133418235157,14184170318.951,3.82370222571771,7.36093927231841,71.7682926829268,8009142,80.9440765380859,19.921,51.9,50.0,33.0,58.1,67.3,55.0,,26.2,57.2,70.0,50.0,1770.997482495753
Bulgaria,BGR,2002,47.5974,5.51491322727398,16403880782.9964,5.87193134676191,5.81014365721826,71.8658536585366,7837161,83.9819869995117,18.11,57.1,50.0,35.0,68.3,49.6,55.0,,75.8,60.2,70.0,50.0,2093.0896766056485
Bulgaria,BGR,2003,53.4629,9.91575177653408,21146038619.2612,5.23715282493174,2.34864169582758,72.0658536585366,7775327,88.118782043457,13.733,57.0,50.0,39.0,72.4,56.7,55.0,,77.5,62.4,50.0,50.0,2719.633350373714
Bulgaria,BGR,2004,51.4635,11.7456390264716,26159078743.1056,6.5104241389717,6.14713074246267,72.5634146341463,7716860,90.5342712402344,12.037,59.2,30.0,40.0,81.1,64.5,55.0,,78.7,63.2,50.0,70.0,3389.8604799239065
Bulgaria,BGR,2005,52.4905,13.7197787160527,29870182424.913,7.05634916258309,5.0388380711191,72.5609756097561,7658972,91.3667678833008,10.083,62.3,30.0,39.0,80.3,53.4,55.0,80.3,83.1,82.0,50.0,70.0,3900.0250196649104
Bulgaria,BGR,2006,54.0356,22.9027065931613,34382295487.2238,6.80259262432862,7.26159462769947,72.6121951219512,7601022,92.4120101928711,8.951,64.1,30.0,41.0,83.2,49.8,70.5,79.8,80.7,65.8,70.0,70.0,4523.377973017813
Bulgaria,BGR,2007,57.6391,31.2270329208635,44433521724.8301,6.65438512368812,8.40253419005893,72.6634146341463,7545338,93.1541595458984,6.878,62.7,30.0,40.0,82.4,57.8,70.3,79.8,75.8,70.8,60.0,60.0,5888.8709458516105
Bulgaria,BGR,2008,54.5628,18.8987994198003,54483464293.1671,6.12955885899744,12.3487195994021,72.9634146341463,7492561,92.3840713500977,5.609,63.7,30.0,40.0,82.7,56.0,68.4,80.6,73.7,86.0,60.0,60.0,7271.674437240765
Bulgaria,BGR,2009,46.5361,7.48977436208207,52026461289.6618,-3.34714308501542,2.75320223914819,73.4121951219512,7444443,92.5213775634766,6.817,64.6,30.0,41.0,86.2,58.7,73.5,78.4,72.8,85.8,60.0,60.0,6988.630484464962
Bulgaria,BGR,2010,49.5094,3.63551033232729,50691645231.0083,1.55536266288017,2.43899060504117,73.5121951219512,7395599,94.1819229125977,10.279,62.3,30.0,36.0,86.3,48.3,77.8,78.1,69.5,87.4,50.0,60.0,6854.298783777798
Bulgaria,BGR,2011,54.7842,3.64711376075685,57684243980.4624,2.09017598337418,4.21990346601872,74.1634146341463,7348328,96.4361267089844,11.26,64.9,30.0,38.0,86.9,58.3,75.8,82.0,75.5,87.6,55.0,60.0,7849.982197373662
Bulgaria,BGR,2012,49.9165,3.29303083433452,54299825600.0647,0.748814556346105,2.95456829831012,74.3146341463415,7305888,95.3903503417969,12.27,64.7,30.0,36.0,93.6,50.3,72.7,84.2,77.8,87.1,55.0,60.0,7432.337533789828
Bulgaria,BGR,2013,44.452,3.56317557891608,55822115861.1854,-0.542753400392826,0.890093540913096,74.8609756097561,7160005,100.78581237793,12.941,65.0,30.0,33.0,94.0,64.2,73.6,74.8,78.6,86.8,55.0,60.0,7796.379452414545
Bulgaria,BGR,2014,47.315,1.91577938000482,57083817239.8145,0.949449772002041,-1.4181838026484,74.4658536585366,7073572,104.942199707031,11.424,65.7,30.0,35.2,91.2,64.5,73.5,80.2,79.6,87.8,55.0,60.0,8070.012893035442
Bulgaria,BGR,2015,49.8572,4.37552708346678,50768512172.9373,3.39755351999294,-0.104633261008479,74.6146341463415,6984225,103.889343261719,9.143,66.8,30.0,41.0,91.0,64.5,68.5,76.6,83.2,88.0,65.0,60.0,7269.02586513712
Bulgaria,BGR,2016,47.1301,2.759819403762,53932152153.5457,3.02662820096305,-0.798649886453617,74.8121951219512,6894139,103.003921508789,7.575,65.9,30.0,43.0,91.1,60.4,66.9,71.6,82.6,88.0,65.0,60.0,7822.898864317313
Bulgaria,BGR,2017,49.2832,3.39237322223916,59170671046.4798,2.74592737750996,2.06159619443141,74.8146341463415,6803468,103.46102142334,6.164,67.9,62.5,41.8,91.0,58.4,66.7,68.3,83.3,87.0,70.0,60.0,8697.133733337145
Bulgaria,BGR,2018,46.3135,2.73803840992463,66100606676.6544,2.33015054210419,2.81454473824838,74.9634146341464,6710798,104.043922424316,5.211,68.3,63.6,38.2,90.9,60.5,64.3,66.1,82.8,86.9,70.0,60.0,9849.887699891191
Bulgaria,BGR,2019,44.6358,3.24216894514095,68511235459.4907,3.79331964589196,3.10372944796771,75.1121951219512,6616726,102.656936645508,4.148,69.0,62.5,35.1,90.2,63.9,62.7,68.4,88.0,86.0,70.0,60.0,10354.250041408803
Bulgaria,BGR,2020,39.4151,3.97413959442467,70490478088.1395,-3.13323543125917,1.67244096855756,73.3560975609756,6550696,101.354942321777,5.037,70.2,64.2,44.2,90.3,66.1,62.6,68.1,85.7,86.4,70.0,60.0,10760.761618023413
Bulgaria,BGR,2021,45.8711,2.52871196630769,84378926047.3002,7.82817310703665,3.29774435299506,71.2121951219512,6507301,98.7087631225586,5.166,70.4,66.2,46.8,93.9,64.7,62.9,68.5,85.2,84.0,70.0,60.0,12966.808519738091
Bulgaria,BGR,2022,49.4431,5.24634717472155,90510784777.6397,4.08386398118941,15.3252589264367,74.1609756097561,6465097,96.6720733642578,4.148,71.0,77.3,45.6,93.9,60.5,72.1,64.4,81.9,79.2,60.0,60.0,13999.91133584534
Bulgaria,BGR,2023,36.9706,5.05862477510411,102204457334.822,1.68151075832925,9.44284140088564,75.7560975609756,6446596,95.6239624023438,4.319,69.3,75.3,57.1,93.7,56.5,71.8,63.8,80.2,78.6,60.0,60.0,15854.019289377216
Bulgaria,BGR,2024,34.1885,2.69152439380972,113349149166.793,3.38708962009333,2.44651943006079,75.7609756097561,6441421,94.7816314697266,4.2,68.5,75.9,44.0,92.9,56.2,75.3,68.7,70.5,79.2,60.0,50.0,17596.916762123295
Bulgaria,BGR,2025,,,130777235529.606,3.0963663917961,4.58084355235697,,6433302,,3.536,68.8,75.7,48.5,94.2,56.7,74.9,68.0,70.8,79.6,60.0,50.0,20328.166706553806
Burkina Faso,BFA,2001,1.0203,0.196436710369704,3190371080.94768,6.61340574539679,5.00743290822373,51.188,12295001,10.0396404266357,2.748,56.7,30.0,10.0,73.4,76.5,55.0,,84.6,61.0,70.0,50.0,259.4852233804357
Burkina Faso,BFA,2002,1.0828,0.414815789165315,3622350062.96053,4.35296382988099,2.17569480664608,51.447,12680897,,2.862,58.8,30.0,30.0,65.9,78.1,55.0,,89.4,61.0,70.0,50.0,285.65408763753305
Burkina Faso,BFA,2003,1.2062,0.614299394603336,4740768142.67494,7.80249388870359,2.03456574053815,51.959,13082532,11.2848196029663,2.78,58.9,30.0,30.0,77.1,78.1,55.0,,78.8,61.0,70.0,50.0,362.3738999969532
Burkina Faso,BFA,2004,1.0691,0.263190384062024,5451688537.60959,4.47845213670386,-0.400228702115452,52.6,13500533,12.3676996231079,3.48,58.0,30.0,30.0,77.7,84.9,55.0,,79.7,64.8,50.0,50.0,403.8128374346101
Burkina Faso,BFA,2005,1.1383,0.848145874654018,6146353173.34929,8.66187322841225,6.41504018369684,53.271,13932123,13.3723297119141,4.0,56.6,30.0,30.0,77.6,86.4,55.0,43.8,80.4,62.6,50.0,50.0,441.16414801601235
Burkina Faso,BFA,2006,1.1497,1.28064578676022,6547419820.38113,6.25316468817478,2.3331085637222,53.784,14373707,14.1544599533081,3.67,55.8,30.0,30.0,77.6,87.3,39.2,45.7,85.9,62.2,50.0,50.0,455.5136556200241
Burkina Faso,BFA,2007,1.6344,0.284717939080865,7625722836.76847,4.11137901761516,-0.230627306273049,54.377,14816307,15.2793703079224,3.3,55.1,30.0,34.0,77.4,86.5,43.8,45.1,76.8,67.2,40.0,50.0,514.684451177238
Burkina Faso,BFA,2008,1.9003,0.351169723487995,9451435490.11467,5.79999174105387,10.6597978997424,55.199,15258093,17.9947395324707,3.501,55.7,30.0,32.0,77.5,85.9,50.7,45.8,78.8,66.6,40.0,50.0,619.437533256264
Burkina Faso,BFA,2009,1.8421,0.599468939611006,9450696873.34326,2.96195085866692,2.60817666368314,55.791,15710066,19.4353504180908,3.723,59.5,30.0,29.0,80.7,83.7,58.7,69.0,83.7,70.4,40.0,50.0,601.5695206718584
Burkina Faso,BFA,2010,1.9623,0.384492219825665,10109619740.6994,8.44628157707625,-0.764230734676768,56.343,16176498,21.1780201888507,3.725,59.4,30.0,35.0,80.4,80.0,60.0,64.4,73.0,71.3,50.0,50.0,624.9572522247646
Burkina Faso,BFA,2011,2.2171,1.19074493368624,12080295977.5632,6.62256261306693,2.75976724854534,57.001,16661908,23.1764371916742,3.827,60.6,30.0,36.0,80.5,86.0,61.5,53.5,76.8,76.2,55.0,50.0,725.024767725473
Burkina Faso,BFA,2012,2.5815,2.62145990530181,12561015156.5683,6.45267237953146,3.8181524025238,57.457,17172287,25.2399681000378,3.849,60.6,30.0,31.0,80.4,84.0,62.8,58.9,81.4,72.5,55.0,50.0,731.470138867834
Burkina Faso,BFA,2013,3.0405,3.64766773141753,13444300485.8412,5.79258484509867,0.533738507090536,57.903,17695409,27.6008880705968,4.054,59.9,30.0,30.0,81.4,82.0,61.2,56.4,80.6,72.5,55.0,50.0,759.7620651684965
Burkina Faso,BFA,2014,2.7537,2.56255154786841,13943016076.7436,4.32684561452976,-0.258089517535291,58.331,18229461,29.5668744354491,4.255,58.9,30.0,31.3,83.0,82.3,60.7,55.0,78.8,67.8,60.0,40.0,764.8616751062251
Burkina Faso,BFA,2015,3.9361,1.95992715697747,11832159315.6298,3.9212287937935,0.724838981070517,58.778,18777487,32.8931343608996,4.472,58.6,25.0,38.0,82.4,79.8,49.6,57.8,80.0,68.2,65.0,40.0,630.1247507523132
Burkina Faso,BFA,2016,3.9314,3.04380349897538,12833363045.3367,5.95797670754024,0.441041448058809,59.173,19334856,34.9336280775566,4.598,59.1,30.0,38.0,82.8,76.8,46.3,58.9,84.9,68.2,65.0,40.0,663.7423648428879
Burkina Faso,BFA,2017,4.5408,0.0182370342122821,14106955615.3442,6.20348941121868,1.48299897161326,59.578,19894407,37.1627510802261,4.662,59.6,38.2,31.7,82.6,82.5,46.4,53.3,84.6,69.2,70.0,40.0,709.0915358946964
Burkina Faso,BFA,2018,5.412,1.68919942943091,15890066221.2882,6.60456906812341,1.95594302672532,59.972,20438288,39.6278467471779,4.695,60.0,42.1,31.8,80.6,83.7,51.5,47.0,84.5,65.8,65.0,40.0,777.4656185140458
Burkina Faso,BFA,2019,5.6993,1.0164787373679,16032813503.3707,5.88920497068135,-3.23338933983322,60.184,20961952,40.0770460332282,4.493,59.4,49.1,36.6,81.9,80.0,51.6,52.3,86.2,65.2,65.0,40.0,764.8530777749468
Burkina Faso,BFA,2020,5.7011,-0.557279533533573,17725010532.5268,2.01077262406221,1.88470066518847,60.454,21478690,39.2540084845692,4.59,56.7,46.9,34.1,81.3,77.0,47.6,52.1,82.4,61.8,65.0,40.0,825.2370387824769
Burkina Faso,BFA,2021,6.4371,-0.405926078113797,19697516284.3787,6.94252492572348,3.65326761825509,60.046,21995243,38.1480312365517,4.511,56.5,45.1,34.5,80.9,81.9,44.8,52.2,74.7,61.0,65.0,40.0,895.5352884429919
Burkina Faso,BFA,2022,6.4885,3.59640793567206,18622421394.6133,1.62673258211919,14.2902354303358,60.7,22509038,33.6212866168282,3.828,58.3,47.0,41.4,81.8,82.3,41.9,61.6,75.6,61.0,65.0,40.0,827.3308434866608
Burkina Faso,BFA,2023,6.2637,0.54430723483886,20106062971.6533,3.00027415814125,0.742910428668918,61.092,23025776,30.8551216331757,3.601,56.2,38.2,36.9,81.5,80.6,41.1,61.8,73.5,61.2,65.0,40.0,873.1980616702474
Burkina Faso,BFA,2024,6.4757,-0.874048616893636,23136514855.7646,4.83395810163883,4.19081721344523,61.292,23548781,29.9905774531085,3.441,51.9,38.0,42.4,82.2,76.3,42.0,61.8,64.5,60.6,65.0,40.0,982.4931004184292
Burkina Faso,BFA,2025,,,27627297461.3181,5.29461839319283,-0.586235316330579,,24074580,,3.477,51.0,28.1,40.7,82.0,73.3,38.6,61.9,71.9,61.4,65.0,40.0,1147.5713163560113
Burma,MMR,2001,8.7748,3.21565753506977,6477790688.22844,11.3439970699605,21.101305376923,60.64,45771139,40.303840637207,0.689,46.1,30.0,10.0,74.9,95.7,40.0,,55.1,69.0,10.0,30.0,141.525660705722
Burma,MMR,2002,8.8446,2.22070502562137,6777632512.0781,12.0255134340315,57.0745112621703,60.925,46232653,41.8484497070312,0.685,45.5,10.0,10.0,74.9,95.7,40.0,,69.6,69.0,10.0,30.0,146.5983903644487
Burma,MMR,2003,10.9584,2.3777576671811,10467109977.6717,13.8439968903798,36.5897175323924,61.196,46667192,42.1795806884766,0.686,44.9,10.0,10.0,81.9,98.7,40.0,,54.3,69.0,10.0,30.0,224.2926889124098
Burma,MMR,2004,10.6311,2.0001628964787,10567354056.4049,13.5646616163416,4.53421374129692,61.443,47068772,45.0282783508301,0.677,43.6,10.0,10.0,81.9,98.7,40.0,,41.6,70.4,10.0,30.0,224.5088114133273
Burma,MMR,2005,11.2422,1.95966396539679,11986972418.5103,13.5689500216456,9.36861814196704,61.72,47438365,45.6932487487793,0.672,40.5,10.0,16.0,82.0,97.8,40.0,20.0,48.2,70.8,10.0,10.0,252.68519306072838
Burma,MMR,2006,10.4556,1.90182128285749,14502553709.8303,13.0761013792372,19.9964873359214,62.026,47785135,47.5437698364258,0.676,40.0,10.0,17.0,81.9,97.3,20.0,20.0,61.4,72.2,10.0,10.0,303.4950871192537
Burma,MMR,2007,10.9238,3.5175166973129,20182477480.5512,11.9914352402146,35.0245970717698,62.367,48125043,47.3708114624023,0.684,41.0,10.0,18.0,81.9,98.0,20.0,20.0,70.1,71.8,10.0,10.0,419.37578072504164
Burma,MMR,2008,8.3603,2.71127181000311,31862554101.9378,10.2553053929808,26.7995371934022,56.364,48390793,49.9790115356445,0.7,39.5,10.0,19.0,81.7,97.0,20.0,20.0,56.5,71.0,10.0,10.0,658.4424872297051
Burma,MMR,2009,7.7887,2.92355415980151,36906181380.8127,10.5500090961932,1.47234311385647,63.095,48660459,49.9621315002441,0.712,37.7,5.0,14.0,81.8,98.5,20.0,20.0,45.3,72.2,10.0,10.0,758.4429357892554
Burma,MMR,2010,8.6324,1.81897202342465,49540813342.4834,9.6344394520444,7.71838195873614,63.479,49024382,50.8663902282715,0.725,36.7,5.0,13.0,81.9,98.4,20.0,20.0,46.5,72.3,0.0,10.0,1010.5341734340149
Burma,MMR,2011,9.1725,4.20127651183029,59977326085.9908,5.59148237823661,5.0214601462073,63.859,49419820,,0.749,37.8,5.0,14.0,81.9,98.1,20.0,20.0,56.6,72.3,0.0,10.0,1213.628987033761
Burma,MMR,2012,12.5577,2.22540068514517,59937796648.2158,7.33267044704149,1.46758322674679,64.251,49837446,,0.768,38.7,10.0,14.0,82.0,96.0,20.0,20.0,61.2,73.6,0.0,10.0,1202.6658960055015
Burma,MMR,2013,14.2206,3.74085607932619,60269732854.827,8.42600102501767,5.64303883425501,64.617,50262658,,0.775,39.2,10.0,15.0,81.9,96.8,20.0,20.0,65.1,73.6,0.0,10.0,1199.0956159705481
Burma,MMR,2014,17.7423,3.31904421407388,65531374199.6663,8.16990745558277,4.953299184844,64.994,50681634,57.1178512573242,0.763,46.5,10.0,11.6,86.9,89.2,28.3,75.7,64.8,73.6,15.0,10.0,1293.0004229868812
Burma,MMR,2015,19.7406,6.85124098710894,59607290407.6191,6.99284029026121,9.45417189526018,65.288,51089056,,0.766,46.9,10.0,21.0,86.9,77.9,28.7,79.3,66.1,74.2,15.0,10.0,1166.7330554633677
Burma,MMR,2016,22.9806,5.17880132517466,63298361996.2153,5.86247291518572,6.92882525816076,65.64,51495696,67.7588500976562,1.058,48.7,10.0,21.0,86.6,75.3,32.6,76.8,70.0,74.2,20.0,20.0,1229.1971351589325
Burma,MMR,2017,33.7539,7.27335555212816,66053040483.0016,6.13610824360305,4.5725365531752,65.909,51894938,72.3457412719727,1.356,52.5,23.0,29.6,86.2,81.5,50.1,77.1,65.4,74.2,20.0,20.0,1272.8224183060322
Burma,MMR,2018,33.5187,2.60563229851106,67860515989.517,6.26886221471075,6.87232865662935,66.232,52272247,77.0191497802734,0.767,53.9,32.5,28.2,86.3,84.7,54.2,65.9,67.6,70.9,30.0,20.0,1298.2131032078455
Burma,MMR,2019,34.3911,2.31211211194364,75065106227.6892,6.57911006765414,8.82506696804558,66.457,52640713,,0.407,53.6,34.7,30.6,86.6,85.4,52.8,65.7,69.6,70.8,30.0,20.0,1425.9895421190286
Burma,MMR,2020,34.7186,2.41393222885654,79006113643.1906,-9.04834717984643,,66.612,53016522,,1.476,54.0,32.5,31.5,86.6,87.5,53.1,59.9,77.5,70.8,30.0,20.0,1490.2168354836742
Burma,MMR,2021,31.8377,3.11492561696787,66345291160.1683,-12.0163724829177,,65.553,53387102,,4.34,55.2,37.2,32.7,87.2,87.1,60.0,64.3,72.5,70.0,30.0,20.0,1242.7213441959875
Burma,MMR,2022,31.031,1.98946076080719,62253049891.6449,4.0374934360085,,66.506,53756787,,3.063,49.6,23.1,29.8,87.2,86.8,41.7,49.6,73.9,69.4,30.0,20.0,1158.0500503433157
Burma,MMR,2023,31.241,2.27715131661601,66757619000.0,0.958446625126115,,66.889,54133798,,2.977,46.5,21.5,9.5,88.5,86.4,42.1,45.6,76.4,69.4,30.0,20.0,1233.1966620926912
Burma,MMR,2024,31.3628,1.47879223317634,74068349523.8095,-0.97204641363362,,67.095,54500091,,2.887,42.2,18.0,21.2,88.5,86.3,39.8,46.3,67.9,69.6,30.0,20.0,1359.0500156010655
Burma,MMR,2025,,,81665773809.5238,-2.01184475795665,,,54850648,,3.047,43.7,17.3,18.7,88.6,84.0,39.9,53.2,59.7,68.6,30.0,20.0,1488.8752783654224
Burundi,BDI,2001,0.2358,-0.001304856473564,876794723.068586,2.05580710835243,9.29618771341889,48.509,6634365,9.41998958587646,3.154,,,,,,,,,,,,132.1595545419322
Burundi,BDI,2002,0.2227,,825394519.423728,4.44651941224797,-1.3656800532806,49.924,6824132,9.92739963531494,3.168,,,,,,,,,,,,120.95230857546835
Burundi,BDI,2003,0.1851,,784654423.620476,-1.22372796023444,10.6474645658306,50.997,7043154,10.2563495635986,3.145,,,,,,,,,,,,111.40668280439075
Burundi,BDI,2004,0.2191,0.0048828571441574,915257323.3961,4.83365776809453,8.17642937482053,52.217,7310656,11.8093099594116,3.177,,,,,,,,,,,,125.19496518453337
Burundi,BDI,2005,0.184,0.0523404213217611,1117113079.73645,0.900000000901912,13.2520699188224,53.053,7587299,12.9770698547363,3.162,,,,,,,,,,,,147.23461929422447
Burundi,BDI,2006,0.2304,0.0024811054278952,1273375078.44844,5.41380714491444,2.74542000214241,53.962,7865547,14.3381099700928,3.185,48.7,30.0,30.0,70.1,62.6,37.0,53.7,67.3,56.0,50.0,30.0,161.89275564031848
Burundi,BDI,2007,0.3728,0.036885807330262,1356199387.42308,3.44449364663615,8.41206285772544,54.832,8161874,15.3361196517944,2.404,46.9,30.0,23.0,70.1,52.5,49.6,55.0,68.2,60.6,30.0,30.0,166.16274490675548
Burundi,BDI,2008,0.2207,0.23781629691625,1611835857.04588,4.90874190813545,24.4069510353914,55.581,8505637,,1.634,46.2,30.0,24.0,72.1,59.4,35.5,56.0,74.7,50.2,30.0,30.0,189.5020745707676
Burundi,BDI,2009,0.2224,0.0196229518082158,1775495032.424,3.7870758305051,10.5554355299529,56.422,8947646,20.8934001922607,1.622,48.8,30.0,25.0,72.5,55.8,34.4,64.3,72.7,63.0,40.0,30.0,198.43152404822453
Burundi,BDI,2010,0.3199,0.0384119130803941,2032135192.01248,5.09373697323055,6.49326591473993,57.088,9376444,23.7647094726562,1.615,47.5,25.0,19.0,72.2,42.7,37.8,66.9,62.7,68.6,50.0,30.0,216.7277053019759
Burundi,BDI,2011,0.4154,0.150057243665302,2235812879.56709,4.02442793864228,9.5921660597967,57.804,9717978,26.7943801879883,1.602,49.6,20.0,18.0,72.3,52.0,36.8,67.1,66.1,78.8,55.0,30.0,230.06976138113197
Burundi,BDI,2012,0.3993,0.0259911934949934,2327402362.81574,4.42303118490126,18.1610453065451,58.501,10071028,29.5732898712158,1.593,48.1,20.0,18.0,72.2,22.9,46.1,67.2,70.9,78.9,55.0,30.0,231.09878781150644
Burundi,BDI,2013,0.4522,4.7612156740524,2451624637.67157,4.92392485117456,7.93795807492418,59.179,10439341,34.2124507321275,1.584,49.0,20.0,19.0,71.5,22.6,58.4,66.4,68.7,78.9,55.0,30.0,234.84477015087157
Burundi,BDI,2014,0.4055,3.38973967159169,2705826648.21019,4.24490803087248,4.40535234185293,59.764,10799785,40.2641258748146,1.572,51.4,20.0,15.9,73.5,51.9,59.8,63.1,68.2,71.8,60.0,30.0,250.54449215518548
Burundi,BDI,2015,0.435,0.264702987630016,2810532912.49975,-0.404525595204191,5.54468891259779,60.107,11047580,43.9351929825496,1.449,53.7,20.0,21.0,73.5,61.3,61.4,68.1,69.8,72.2,60.0,30.0,254.40258522678724
Burundi,BDI,2016,0.4859,0.0021047272647444,2618093125.14687,3.20017470408993,5.55768961400965,60.789,11239451,47.4715342848197,1.352,53.9,20.0,20.0,73.8,70.5,54.2,67.6,73.8,74.2,55.0,30.0,232.9378121001524
Burundi,BDI,2017,0.5463,2.30701019619549,2831362208.34039,3.83185757061784,16.0525353030392,61.345,11506762,48.2243487332289,1.25,53.2,25.7,24.6,73.8,69.5,53.5,67.4,75.2,74.2,55.0,30.0,246.06072571418355
Burundi,BDI,2018,0.7765,0.228727114717487,2913411408.44783,5.34224473186408,-2.81469807668465,61.806,11859446,46.330394174756,1.147,50.9,17.6,26.2,71.0,78.6,53.0,63.2,70.2,69.2,55.0,30.0,245.66167833200896
Burundi,BDI,2019,0.7652,1.05451097508345,2871555326.31029,4.45934202358784,-0.686772170797359,62.18,12255336,41.8352417514484,1.043,48.9,20.6,26.2,74.0,83.3,50.3,67.5,62.2,68.2,50.0,30.0,234.31061590724968
Burundi,BDI,2020,0.9258,0.66481142584294,3188355943.63513,0.306443811651718,7.32110643415521,62.569,12617036,44.9151717353101,1.03,49.0,24.9,22.3,73.7,85.8,55.1,67.4,70.3,68.2,50.0,30.0,252.70245275000642
Burundi,BDI,2021,0.8974,0.652577753652764,3425127990.70519,3.23707479372925,8.40453845076341,62.101,12965481,,1.118,49.9,28.0,27.0,77.1,79.3,51.8,67.3,74.7,49.8,50.0,30.0,264.172844085398
Burundi,BDI,2022,0.9301,0.627981649090288,4020736756.64256,2.31770122350822,18.8008786664945,62.882,13321097,,0.909,39.4,18.8,12.2,77.1,76.4,27.5,41.5,70.3,51.0,50.0,30.0,301.8322557551049
Burundi,BDI,2023,0.9495,0.9942604776831,3419558408.35408,3.25476897326196,26.9414835762453,63.651,13689450,,0.911,41.9,19.8,7.6,76.0,75.6,30.6,41.8,67.8,52.8,50.0,30.0,249.7951640390286
Burundi,BDI,2024,0.9687,1.0970222856868,3037579858.38142,4.11227376394912,20.2124925027847,63.818,14047786,,0.915,38.4,28.2,12.0,76.0,67.6,27.7,41.9,60.3,49.6,50.0,30.0,216.23192853175726
Burundi,BDI,2025,,,3364713864.08488,4.24010529884178,34.1339985744832,,14390003,23.1256008148193,0.922,39.7,28.6,14.2,76.1,71.1,31.9,50.0,54.4,50.8,50.0,30.0,233.8230133853954
Cabo Verde,CPV,2001,0.3248,1.60013112628632,563090490.377368,2.23165454528898,3.34996472317894,68.707,460293,63.2078514099121,13.242,56.3,70.0,30.0,64.9,61.1,70.0,,71.2,39.4,70.0,30.0,1223.3305533157531
Cabo Verde,CPV,2002,0.3613,2.37854487715663,620507387.466174,5.25089116960211,1.88453410076765,69.447,467046,66.3999862670898,13.379,57.6,50.0,30.0,64.5,49.6,70.0,,87.2,46.8,70.0,50.0,1328.5787427066584
Cabo Verde,CPV,2003,0.3632,4.82213415181345,813260468.873834,4.17625932578332,1.18817038620528,70.006,473383,67.3274078369141,13.604,56.1,50.0,30.0,64.2,36.5,85.0,,81.1,58.4,50.0,50.0,1717.9756536965501
Cabo Verde,CPV,2004,0.3895,7.312720061603,924940011.836897,10.197072633926,-1.8908217230618,70.499,479370,66.9400405883789,13.456,58.1,50.0,30.0,64.0,69.7,85.0,,86.4,38.0,50.0,50.0,1929.490814687813
Cabo Verde,CPV,2005,0.6073,8.2812271109681,972241676.907662,6.91245795720201,0.41889161285517,70.936,485115,70.2636032104492,13.439,57.8,50.0,30.0,81.2,64.5,85.0,56.9,87.1,23.0,50.0,50.0,2004.1468041756327
Cabo Verde,CPV,2006,0.6606,11.8764317277784,1107571457.90614,7.98375044795048,5.36907687065549,71.341,490728,81.5834884643555,13.378,58.6,70.0,30.0,77.1,71.0,55.7,57.0,89.3,36.2,50.0,50.0,2256.996661910753
Cabo Verde,CPV,2007,0.749,11.6247473388534,1649621738.63689,15.1706879735517,4.41099704193489,71.487,496190,80.4710464477539,13.294,56.5,70.0,30.0,67.0,56.5,55.7,56.4,88.1,41.2,50.0,50.0,3324.5767521249722
Cabo Verde,CPV,2008,0.7254,10.7624753520891,1959620648.31578,7.03901129565128,6.77443546371143,71.888,501355,82.10888671875,13.307,57.9,70.0,40.0,66.2,60.5,55.3,56.7,78.7,41.2,60.0,50.0,3908.648858225768
Cabo Verde,CPV,2009,0.7081,6.80241863090143,1852334575.17521,-1.50358672385678,0.991103480568085,72.142,506141,81.2256927490234,13.517,61.3,70.0,49.0,65.5,62.2,57.1,46.9,76.9,65.4,60.0,60.0,3659.7204636162846
Cabo Verde,CPV,2010,0.7498,6.36802137795552,1824751467.92957,1.83641914989978,2.07866470906424,72.507,509784,83.5471330073283,10.67,61.8,65.0,51.0,65.6,65.3,63.3,48.1,74.5,65.5,60.0,60.0,3579.4600613780935
Cabo Verde,CPV,2011,0.8717,4.99538224029443,2046817987.20109,3.92471821338283,4.47388342165023,72.913,511447,86.7000153273789,10.956,64.6,65.0,51.0,77.3,71.0,64.8,50.0,79.2,67.6,60.0,60.0,4002.0138688878615
Cabo Verde,CPV,2012,0.748,6.69129799994045,1913081210.41411,1.08364848376166,2.54039644167109,73.315,511955,89.9634082592786,11.145,63.5,65.0,51.0,77.3,61.8,59.0,48.5,80.5,66.9,65.0,60.0,3736.815170110869
Cabo Verde,CPV,2013,0.7315,4.40125011545419,2028910915.16446,0.632136727385131,1.50654285701407,73.481,512225,94.7526092529297,11.398,63.7,70.0,55.0,77.9,65.4,58.9,40.3,78.0,66.9,65.0,60.0,3960.9759679134363
Cabo Verde,CPV,2014,0.7741,8.84407322092194,2041930125.42979,0.696666840118581,-0.238778144990624,73.788,512326,93.6074664791524,11.689,66.1,70.0,54.9,77.4,68.6,63.8,48.0,79.1,69.6,70.0,60.0,3985.6070654813343
Cabo Verde,CPV,2015,0.7908,5.49024513305668,1749857620.35329,0.936026507808833,0.131187999024545,74.096,512394,96.6012286324786,11.923,66.4,75.0,58.0,78.3,67.9,61.8,42.1,81.0,69.6,70.0,60.0,3415.062667309317
Cabo Verde,CPV,2016,0.8304,6.82845117866997,1849789985.99572,4.28071482662371,-1.40781637091706,74.35,512554,98.2528458088996,12.085,66.5,75.0,57.0,78.1,66.9,61.3,43.6,84.5,68.2,70.0,60.0,3608.9660523490597
Cabo Verde,CPV,2017,0.8881,5.59469673480566,1996741539.95088,4.5513148102974,0.784415251101334,74.71,512893,99.462782259485,12.24,56.9,42.6,41.8,78.3,70.7,65.5,43.2,86.7,68.2,75.0,60.0,3893.095713825067
Cabo Verde,CPV,2018,0.7961,4.69595735976167,2205099506.99994,3.70696458310842,1.25699566690509,74.84,513415,94.8972015380859,12.17,60.0,42.1,42.8,74.0,71.5,64.6,40.5,83.5,68.2,80.0,60.0,4294.9651003572935
Cabo Verde,CPV,2019,0.8379,5.45788755667341,2252177124.32402,6.94782634051859,1.10666674296063,75.449,514104,95.2902285572104,12.123,63.1,44.1,43.7,76.4,71.2,65.2,55.7,84.1,68.2,80.0,60.0,4380.781173311276
Cabo Verde,CPV,2020,0.6283,3.71218491455203,1821565613.68613,-20.8052758990735,0.605795808395385,73.818,514679,98.3093023666237,14.65,63.6,47.5,46.1,77.7,71.7,58.5,55.6,83.1,68.2,80.0,60.0,3539.226612482985
Cabo Verde,CPV,2021,0.6479,4.45730498164251,2051842618.70539,7.03353010694514,1.86215297494647,74.424,516649,97.0059250429478,13.932,63.8,44.5,48.7,77.9,70.7,60.6,55.2,83.3,68.0,80.0,60.0,3971.4440920342245
Cabo Verde,CPV,2022,0.6801,5.43014452079405,2247003344.34242,15.843675684642,7.93092925430087,75.907,519741,96.4315940376876,12.239,66.7,66.1,60.9,77.5,68.1,59.8,52.4,84.4,66.0,80.0,60.0,4323.313620327086
Cabo Verde,CPV,2023,0.6508,6.33796272131159,2504525537.51069,4.7947613911073,3.72437517668748,76.059,522331,,11.882,65.8,65.0,76.7,83.2,71.7,67.5,51.9,82.3,68.0,80.0,60.0,4794.9011977284335
Cabo Verde,CPV,2024,0.6762,4.0509951845415,2713721857.39153,6.98888280991075,1.04817001091965,76.224,524877,,11.883,62.9,63.7,49.1,84.6,72.8,72.1,52.0,74.8,66.4,80.0,60.0,5170.205319325347
Cabo Verde,CPV,2025,,,3056630435.32463,6.29698518253096,2.34333897365163,,527326,,11.939,68.7,64.6,64.4,84.4,77.8,80.2,59.6,76.5,67.0,60.0,60.0,5796.472078609114
Cambodia,KHM,2001,2.1876,3.53337669089546,4145665969.92864,7.38971065070517,-0.600648300123686,60.457,12658484,20.176570892334,0.778,59.6,30.0,30.0,91.6,94.1,55.0,,73.2,62.8,50.0,50.0,327.50098431444394
Cambodia,KHM,2002,2.2479,2.90934773211661,4501227626.62752,6.26507280509637,0.211466568022607,61.395,12855241,23.8959407806396,0.862,60.7,30.0,30.0,91.3,91.3,55.0,,81.6,67.0,50.0,50.0,350.1472766342941
Cambodia,KHM,2003,2.4181,1.61651685032136,5046693484.31767,10.2836813071691,0.94174611779921,62.345,13050968,27.8392200469971,0.909,63.7,30.0,30.0,91.3,92.5,55.0,,86.5,68.0,50.0,70.0,386.69112393177807
Cambodia,KHM,2004,2.4195,2.2337173477841,5883297159.87352,9.45769481103929,4.31933677434786,63.256,13244731,30.9775104522705,1.004,61.1,30.0,30.0,91.4,91.0,55.0,,80.8,52.0,50.0,70.0,444.19906752908156
Cambodia,KHM,2005,2.7013,5.36603852621255,7066296463.3598,13.3033338358455,6.61525912001587,64.113,13439202,,1.061,60.0,30.0,30.0,91.3,90.4,55.0,43.9,87.0,52.0,50.0,70.0,525.7973251209261
Cambodia,KHM,2006,3.0079,5.78657071926189,8350531016.65753,10.9433600681694,5.81068550464306,64.886,13639028,39.1435394287109,1.16,56.7,30.0,10.0,91.3,90.9,43.0,44.2,83.7,53.4,50.0,70.0,612.2526485507274
Cambodia,KHM,2007,3.6974,8.56334609470361,10127916459.8983,10.398458101201,8.70882770568049,65.549,13841770,41.7365608215332,1.257,55.9,30.0,23.0,91.4,93.3,43.5,44.3,81.0,52.2,50.0,50.0,731.6922951254284
Cambodia,KHM,2008,4.0975,6.69590818514056,12174303999.0812,7.47636606631011,24.096851930605,66.147,14053479,44.2504997253418,0.825,55.9,30.0,21.0,91.4,94.2,43.0,46.3,80.9,52.2,50.0,50.0,866.283999789746
Cambodia,KHM,2009,4.8779,7.42542554520067,12502901169.7377,4.07477850599065,-1.24171754189637,66.747,14276810,,0.579,56.6,30.0,20.0,91.4,94.5,42.7,44.5,80.0,63.4,50.0,50.0,875.7489361935684
Cambodia,KHM,2010,5.1593,10.169807189939,13808673288.0696,5.07691843229247,3.99639528107218,67.311,14500726,,0.771,56.6,30.0,18.0,91.0,92.9,39.9,43.6,70.5,70.0,60.0,50.0,952.2746163240103
Cambodia,KHM,2011,5.3651,9.59845134883877,16032622023.8265,7.28665813879552,5.4784474961745,67.869,14722584,,0.577,57.9,30.0,20.0,90.9,94.2,39.5,46.3,78.0,70.0,60.0,50.0,1088.9815282308118
Cambodia,KHM,2012,5.6329,11.1524912445112,17826536699.8016,7.65025657870362,2.93431609293951,68.371,14945085,,0.505,57.6,30.0,21.0,91.1,90.0,40.7,47.2,80.7,65.2,60.0,50.0,1192.802630416729
Cambodia,KHM,2013,5.6951,10.4430587644193,19807135252.8649,7.8574997554252,2.94162509547349,68.755,15170208,,0.438,58.5,30.0,21.0,90.9,88.4,39.4,54.2,81.3,70.2,60.0,50.0,1305.6600972686003
Cambodia,KHM,2014,7.0334,8.40902020300656,22041463967.9009,8.00032074618566,3.85568861424207,69.117,15396772,,0.692,57.4,30.0,18.7,90.8,88.4,36.6,50.2,77.9,71.0,60.0,50.0,1431.563964699932
Cambodia,KHM,2015,8.5196,7.54029662001984,24174170369.0738,7.20703472529512,1.22393195511119,69.398,15623251,,0.393,57.5,25.0,20.0,90.5,87.5,29.2,62.2,78.7,72.2,60.0,50.0,1547.3201044439343
Cambodia,KHM,2016,10.5961,9.32318507305764,26556545153.3573,7.90550116130704,3.01913975139128,69.635,15852803,,0.716,57.9,25.0,21.0,90.5,87.4,32.3,62.5,78.1,72.2,60.0,50.0,1675.1955571110864
Cambodia,KHM,2017,11.828,9.49760203098743,29355665909.7905,8.07503915535979,2.91263557371478,69.842,16073372,48.9424458707368,0.141,59.5,42.4,12.8,90.2,88.1,29.6,62.0,81.0,80.3,60.0,50.0,1826.3539168875393
Cambodia,KHM,2018,12.3125,9.69240300027112,33145892168.8958,8.77622376224463,2.45908515380146,69.993,16274522,50.199099715459,0.129,58.7,36.0,17.7,89.8,86.5,30.6,57.7,79.7,80.3,60.0,50.0,2036.67377566578
Cambodia,KHM,2019,15.7108,9.98500044202808,36685356407.7206,7.93695013588524,1.94257500833107,70.127,16481304,49.7344518908574,0.119,57.8,37.4,16.7,89.7,85.9,29.9,63.0,79.4,65.4,60.0,50.0,2225.8770548568605
Cambodia,KHM,2020,18.6332,10.410239809326,34818073901.4851,-3.55572193406549,2.9402951426397,70.059,16725474,51.8196983337402,0.172,57.3,43.1,14.8,89.4,83.9,31.2,62.5,74.8,65.4,50.0,50.0,2081.7391424293924
Cambodia,KHM,2021,18.4826,9.4684591111041,36790163687.4421,3.08984284148661,2.92073477592949,69.301,16974305,54.2809323078227,0.396,57.3,39.9,17.0,89.1,84.3,30.9,62.6,75.1,66.6,50.0,50.0,2167.4032419849946
Cambodia,KHM,2022,18.3849,8.94830125779534,39994532959.6074,5.12990110773977,5.34370264895437,70.528,17201724,55.1346812645406,0.245,57.1,41.2,12.3,88.7,81.5,55.2,47.8,74.7,64.8,50.0,50.0,2325.0305004084125
Cambodia,KHM,2023,18.9162,9.35096701989758,42335646895.7984,5.00733043811898,2.12746796594194,70.668,17423880,56.7864734981041,0.256,56.5,40.8,22.3,87.9,78.7,54.4,47.9,74.3,66.8,50.0,50.0,2429.748534528383
Cambodia,KHM,2024,19.4392,9.48089832015712,46352647037.2406,6.0158145735202,0.808042016536654,70.817,17638801,58.7893230437643,0.254,55.6,41.0,18.6,88.8,78.2,54.7,47.4,71.5,70.8,50.0,50.0,2627.8796975622436
Cambodia,KHM,2025,,,51267065842.9641,5.34932084572877,2.35127105896507,,17847982,,0.263,58.2,41.7,17.6,89.8,88.8,61.0,47.2,74.1,69.2,50.0,50.0,2872.429266399087
Cameroon,CMR,2001,5.7003,-0.10652670822566,10953485349.1135,4.32426119221549,4.41977245881146,53.598,15309490,33.5832786560059,7.46,53.3,30.0,15.0,50.4,89.2,55.0,,78.6,61.6,50.0,50.0,715.4702964705879
Cameroon,CMR,2002,5.6195,4.06898458469026,12417251350.4882,4.47702683369155,2.83442260128067,53.922,15725528,29.3418807983398,6.711,52.8,30.0,20.0,50.4,89.2,55.0,,82.0,48.2,50.0,50.0,789.6238110725566
Cameroon,CMR,2003,5.736,2.09694383064128,15970315034.9903,5.45315368881347,0.623163557374316,54.253,16160340,30.9356803894043,5.908,52.7,30.0,20.0,50.2,90.9,55.0,,80.4,48.2,50.0,50.0,988.2412767918435
Cameroon,CMR,2004,5.6371,0.361118040793554,18826214135.6419,7.04886281858374,0.233647380067584,54.578,16610487,27.5096206665039,5.087,52.3,30.0,22.0,50.4,89.4,55.0,,75.9,48.2,50.0,50.0,1133.3932674967266
Cameroon,CMR,2005,5.4713,1.24860831295214,19509852206.9341,2.22827020924117,2.01353950175986,54.904,17074594,28.0079002380371,4.4,53.0,30.0,18.0,69.0,92.2,55.0,52.0,80.6,53.4,50.0,30.0,1142.6246625210592
Cameroon,CMR,2006,5.5767,0.282739555044298,20910512974.933,3.80958327566137,5.11757816019469,55.301,17550407,24.4080104827881,3.729,54.6,30.0,21.0,69.4,93.0,40.3,53.3,83.9,54.8,50.0,50.0,1191.4545899096813
Cameroon,CMR,2007,6.7369,0.792290665611713,23928250433.0378,4.32758900972871,0.921402245650095,55.71,18049896,33.4497184753418,3.063,55.6,30.0,22.0,69.5,92.4,41.0,53.7,77.4,60.0,50.0,60.0,1325.672482159332
Cameroon,CMR,2008,7.0689,0.0757546676819469,27715142032.913,2.8476778892105,5.33780627627498,56.116,18574056,37.8488082885742,3.386,54.3,30.0,23.0,71.8,93.6,40.3,55.0,72.3,57.0,50.0,50.0,1492.1426980145316
Cameroon,CMR,2009,7.7138,2.671669501987,27932970317.129,2.57925177738754,3.04361847939999,56.486,19113974,41.7743606567383,3.743,53.0,30.0,24.0,69.6,93.6,39.3,51.5,76.0,56.0,40.0,50.0,1461.3899923233653
Cameroon,CMR,2010,7.828,1.94952386693621,27507501821.0296,2.89902472122014,1.27538046242338,56.965,19668066,,4.11,52.3,30.0,23.0,71.8,92.7,37.2,52.2,71.9,59.7,35.0,50.0,1398.587020250471
Cameroon,CMR,2011,7.4295,2.13270391251932,30630910495.217,3.37921128506045,2.93969946305091,57.482,20232304,49.8732461065506,3.988,51.8,30.0,22.0,66.9,89.7,44.1,47.0,73.3,59.6,35.0,50.0,1513.9605699487809
Cameroon,CMR,2012,7.5111,1.7488404761216,30155062329.2821,4.62597872209571,2.73529677529539,58.17,20809529,53.102088720007,3.836,51.8,30.0,22.0,69.3,90.8,47.1,48.1,70.9,54.9,35.0,50.0,1449.0987436227942
Cameroon,CMR,2013,8.1791,1.62296806273401,33728621180.3231,4.99552916130783,2.05034718001741,58.73,21402376,54.9012784916851,3.686,52.3,30.0,25.0,69.3,87.1,46.8,55.5,69.9,54.9,35.0,50.0,1575.92882118897
Cameroon,CMR,2014,8.8705,1.99484327731063,36386544706.0806,5.71981814509198,1.85489850366777,59.13,22059893,59.1253563645436,3.534,52.6,30.0,21.9,71.7,86.0,45.0,56.1,69.4,61.2,35.0,50.0,1649.4433905948954
Cameroon,CMR,2015,9.1854,2.15564021048479,32210233020.4569,5.66695298703932,2.676235314199,59.687,22763414,60.4960883608074,3.518,51.9,25.0,25.0,71.7,87.8,41.6,47.8,75.6,59.6,35.0,50.0,1415.0000971056847
Cameroon,CMR,2016,9.7014,1.96334943457327,33814337044.3765,4.53579423678801,0.874190383288856,60.293,23454161,61.4037045147156,3.529,54.2,25.0,27.0,75.6,85.6,46.9,48.9,81.2,61.6,40.0,50.0,1441.7201725688035
Cameroon,CMR,2017,9.8633,2.25620975874553,36098547033.1655,3.54117654926007,0.64040914988195,60.817,24128601,,3.573,51.8,43.5,17.4,75.4,84.4,44.3,47.8,80.1,53.4,35.0,50.0,1496.0895177124235
Cameroon,CMR,2018,10.5484,1.91485781286221,39955552189.795,3.95551423892049,1.0688581131292,61.189,24806383,,3.608,51.9,40.6,23.4,73.7,86.1,44.0,42.9,82.5,53.4,25.0,50.0,1610.696415910171
Cameroon,CMR,2019,10.2711,2.58340602489154,39667757527.6578,3.47505998194981,2.45280214062732,61.695,25506095,,3.632,52.4,42.5,25.5,74.4,87.5,44.4,47.8,84.0,53.4,30.0,50.0,1555.2266047647747
Cameroon,CMR,2020,10.388,1.65595614712353,40773241177.0505,0.259932915907115,2.43760882182236,61.674,26210558,,3.881,53.6,45.3,20.8,74.8,88.3,46.0,50.1,84.1,59.6,30.0,50.0,1555.6037066074862
Cameroon,CMR,2021,10.3491,2.14061326900656,45011937346.8384,3.33885747179505,2.27185762503637,61.146,26915758,45.5255767078224,3.976,53.4,38.3,21.0,74.8,89.0,43.9,49.9,81.2,55.2,30.0,50.0,1672.3265734087222
Cameroon,CMR,2022,10.4339,2.08735032157122,44347206072.5513,3.7367840056412,6.24767713343861,62.443,27632771,45.6066724321371,3.646,52.9,39.1,19.9,74.7,90.1,60.4,46.4,79.9,55.2,30.0,50.0,1604.877269548946
Cameroon,CMR,2023,10.3329,1.68299656289954,48814501547.4313,3.34756290750219,7.38281384280984,63.7,28372687,44.840795775403,3.607,51.9,38.4,10.3,72.3,91.1,47.2,46.7,80.3,53.6,30.0,50.0,1720.4751015450634
Cameroon,CMR,2024,10.2929,1.66655391243674,53296694320.2057,3.52472308052245,4.53331349711606,63.968,29123744,,3.603,53.6,38.8,40.7,72.5,91.4,46.8,46.2,75.9,53.6,30.0,50.0,1830.0083368472715
Cameroon,CMR,2025,,,58933453923.761,3.20000015616144,3.40373458279055,,29879337,,3.602,52.1,31.3,20.7,72.9,91.2,48.8,46.5,73.7,57.2,30.0,50.0,1972.3815800786008
Canada,CAN,2001,534.3756,3.84192129292476,738981792355.372,1.87509813099847,2.52512013979906,79.3980487804878,31020855,,7.219,71.2,90.0,92.0,41.5,47.1,85.0,,87.2,77.8,50.0,70.0,23822.09621093203
Canada,CAN,2002,554.066,3.21914228445942,760650608551.583,2.99925533832644,2.25839440940855,79.5307317073171,31359199,,7.665,74.6,90.0,92.0,71.1,49.6,85.0,,85.4,78.6,50.0,70.0,24256.059874220096
Canada,CAN,2003,573.6827,0.782966307441581,895542074084.648,1.8063851195103,2.75856321360112,79.7151219512195,31642461,,7.574,74.8,90.0,89.0,72.7,47.8,85.0,,85.0,83.4,50.0,70.0,28301.90970558984
Canada,CAN,2004,559.7484,0.141465790138583,1026691006917.76,3.09236381038156,1.85725871857256,79.9921951219512,31938807,,7.185,75.3,90.0,90.0,73.6,50.5,85.0,,85.4,83.2,50.0,70.0,32145.56532802744
Canada,CAN,2005,582.3075,2.17814542268079,1173118501402.87,3.21045441502793,2.21355203439767,80.1126829268293,32242732,100.274856567383,6.758,75.8,90.0,87.0,75.1,50.8,85.0,82.2,84.7,82.8,50.0,70.0,36383.967134139566
Canada,CAN,2006,574.6974,4.87400358632515,1319291255289.14,2.63794375302722,2.00202539534161,80.5436585365854,32571193,100.449310302734,6.484,77.4,90.0,85.0,75.3,53.4,96.9,84.2,85.9,83.2,50.0,70.0,40504.84903298261
Canada,CAN,2007,594.6475,8.20055904886214,1468820407783.26,2.04990459443619,2.13838399266837,80.5436585365854,32888886,101.272247314453,6.156,78.0,90.0,84.0,75.9,52.2,96.8,82.5,80.7,88.2,60.0,70.0,44660.08388922811
Canada,CAN,2008,575.4179,4.51512624244061,1552993439550.14,0.995406371264522,2.37027067444299,80.7246341463415,33247298,102.278419494629,6.284,80.2,90.0,85.0,75.5,53.7,96.7,82.7,81.0,87.0,70.0,80.0,46710.36544233278
Canada,CAN,2009,542.7914,1.52412827089472,1374627766599.6,-2.91508627059555,0.299466803009299,81.0660975609756,33630069,102.979949951172,8.46,80.5,90.0,87.0,76.6,53.7,96.5,81.9,80.8,88.2,70.0,80.0,40874.961231854744
Canada,CAN,2010,562.1099,1.83724977084563,1617349192091.46,3.09080633744851,1.77687154092627,81.3221951219512,34005902,102.510261535645,8.178,80.4,90.0,87.0,76.7,54.1,96.5,81.5,75.4,88.1,75.0,80.0,47560.8378831257
Canada,CAN,2011,575.7827,2.13782226222103,1793335727900.85,3.1371944343876,2.91213508872351,81.4826829268293,34339221,102.823951721191,7.637,80.8,90.0,87.0,78.0,52.7,96.4,81.7,78.8,88.1,75.0,80.0,52224.1237767406
Canada,CAN,2012,567.184,2.70017935331081,1828359477071.97,1.75566133205234,1.51567823124517,81.6636585365854,34713395,110.873832702637,7.392,79.9,90.0,89.0,79.2,41.7,96.6,81.8,77.3,87.9,75.0,80.0,52670.1429540951
Canada,CAN,2013,575.2149,3.62983069806946,1846583831414.43,2.32581356612762,0.938291897815317,81.7448780487805,35080992,111.407608032227,7.143,79.4,90.0,87.0,79.8,44.8,91.7,82.3,75.2,88.2,75.0,80.0,52637.73132226221
Canada,CAN,2014,580.3198,3.55389980711924,1805751688808.98,2.87346675579731,1.90663590717861,81.7843902439025,35434066,111.68155670166,7.023,80.2,90.0,87.7,79.7,47.3,89.3,83.1,76.3,88.3,80.0,80.0,50960.89420866857
Canada,CAN,2015,574.3793,3.85389066466467,1556510380200.23,0.64997101491096,1.12524136094277,81.8258536585366,35704498,111.737281799316,6.945,79.1,90.0,81.0,79.9,48.3,89.0,76.1,77.9,88.4,80.0,80.0,43594.23790807057
Canada,CAN,2016,574.0983,2.23834791127678,1527996250640.92,1.03855091989323,1.42875954701085,81.94,36110803,111.607330322266,7.038,78.0,90.0,81.0,80.0,50.4,81.8,72.6,76.9,87.0,80.0,80.0,42314.10336239047
Canada,CAN,2017,591.893,1.5375171282853,1649269496514.62,3.03383491841392,1.59688412852977,81.8078048780488,36545075,111.974517822266,6.426,78.5,88.3,81.6,77.4,52.3,81.9,73.1,77.8,88.4,80.0,80.0,45129.73352810523
Canada,CAN,2018,612.5836,2.46930986353956,1725330736237.69,2.74296341402246,2.26822567248103,81.8036585365854,37072620,111.833679199219,5.837,77.7,87.5,78.3,76.7,52.3,81.8,71.3,77.5,88.1,80.0,80.0,46539.21779031776
Canada,CAN,2019,609.0758,2.80676080429286,1743728952156.85,1.90843193887251,1.94926902411593,82.1585365853659,37618495,110.980072021484,5.69,77.7,87.0,84.6,76.8,51.3,81.9,73.7,77.2,86.8,80.0,80.0,46352.969520892584
Canada,CAN,2020,548.4454,1.75896848026439,1655686966881.99,-5.03823342794087,0.716999632307827,81.53,38028638,109.628059387207,9.657,78.2,87.7,90.3,76.5,50.9,81.7,72.0,76.0,87.0,80.0,80.0,43537.898119885074
Canada,CAN,2021,561.7344,2.97618405526996,2022377950896.78,5.95052804984759,3.39519318527528,81.4514634146342,38239864,108.337341308594,7.527,77.9,84.5,87.9,76.0,49.8,81.4,72.4,76.1,88.8,80.0,80.0,52886.640781378825
Canada,CAN,2022,575.8352,2.30686661821278,2200562785046.32,4.69541985045903,6.80280115341613,81.0948780487805,38950132,107.467987060547,5.279,76.6,89.5,86.7,75.7,39.6,78.8,68.7,78.2,83.2,80.0,80.0,56496.92753406637
Canada,CAN,2023,567.0969,1.99841597173847,2196593836347.42,1.95308552199025,3.87900159788426,81.6263414634146,40049088,104.320877075195,5.415,73.7,88.5,95.1,75.0,35.0,87.9,69.0,74.8,83.4,80.0,80.0,54847.537011265274
Canada,CAN,2024,577.9726,2.77756440541293,2270076189683.46,2.04626605401701,2.38158383281173,82.1080487804878,41262329,,6.351,72.4,88.6,73.1,75.8,34.7,84.1,69.5,70.3,83.6,80.0,80.0,55015.70669177351
Canada,CAN,2025,,,2319899772425.92,1.74268536175708,2.07232411149103,,41651653,,6.907,75.5,89.0,85.4,74.8,44.6,84.6,69.4,71.5,83.2,60.0,70.0,55697.66396608365
Central African Republic,CAF,2001,0.2732,0.555825631817538,932648604.751954,4.46473902640867,3.83486060237362,46.734,3919487,10.9798498153687,5.77,,,,,,,,,,,,237.95170254473453
Central African Republic,CAF,2002,0.2792,0.566657013276163,996068144.884889,3.61654219150596,2.33181703516235,46.84,4006077,10.9962396621704,5.809,59.8,50.0,30.0,65.3,88.0,55.0,,82.0,48.2,70.0,50.0,248.63929097840332
Central African Republic,CAF,2003,0.2644,0.989218808380309,1142315522.53864,-5.39748521855877,4.13470905150996,47.306,4103086,,5.809,60.0,50.0,30.0,65.4,92.7,55.0,,78.7,48.2,70.0,50.0,278.40399215094203
Central African Republic,CAF,2004,0.2563,1.1867705571186,1272360517.32373,5.99488422798696,-2.06640601136303,47.696,4192826,,5.729,57.5,30.0,30.0,65.5,89.5,55.0,,79.5,48.2,70.0,50.0,303.46132115278095
Central African Republic,CAF,2005,0.2526,0.754917589946925,1337894378.73743,0.908210514871953,2.88352073359022,48.207,4288810,,5.691,56.5,30.0,30.0,65.3,92.4,55.0,49.7,77.6,45.0,70.0,50.0,311.9500231386865
Central African Republic,CAF,2006,0.2678,2.37163652036171,1461859762.33459,4.77108543044105,6.69526465773354,48.687,4377579,,5.61,54.2,30.0,30.0,58.8,95.0,42.1,49.7,87.3,49.2,50.0,50.0,333.94251990303087
Central African Republic,CAF,2007,0.2682,3.33860588929027,1699811294.94935,4.60753485452025,0.95991761945711,49.327,4462770,,5.562,50.6,20.0,30.0,65.6,94.4,41.1,49.4,76.5,49.2,40.0,40.0,380.8870488394764
Central African Republic,CAF,2008,0.2005,5.87486387887319,1993407888.49838,2.05413096200485,9.25895099417076,49.873,4558984,,5.51,48.6,20.0,24.0,65.5,91.6,40.8,49.9,72.5,51.4,30.0,40.0,437.24827472489045
Central African Republic,CAF,2009,0.1956,2.04509891475672,2067381665.25454,8.58726042640994,3.52126227238643,,4529047,11.9955196380615,5.575,48.3,20.0,20.0,65.4,94.0,39.5,48.7,75.0,50.4,40.0,30.0,456.4716738984029
Central African Republic,CAF,2010,0.1999,2.8712892233531,2142591540.40068,4.63081843223307,1.49102370047802,46.871,4492995,,5.658,48.4,20.0,20.0,65.5,94.1,37.5,50.7,68.3,58.1,40.0,30.0,476.87378695072664
Central African Republic,CAF,2011,0.2175,1.5138934301082,2437982705.12093,4.19461533741989,1.1944757244985,50.107,4565021,15.9189596176147,5.638,49.3,20.0,20.0,65.4,92.8,36.8,48.2,71.3,58.1,50.0,30.0,534.0572814716362
Central African Republic,CAF,2012,0.2211,2.79010478789883,2510126512.22831,5.05376125356918,5.47829594346117,51.336,4610848,15.6197595596313,5.58,50.3,20.0,21.0,65.2,92.9,37.3,49.1,74.6,57.8,55.0,30.0,544.3958491427846
Central African Republic,CAF,2013,0.1488,0.109532467338194,1691544110.18543,-36.3919770983887,6.98879341970198,49.487,4642419,,5.566,50.4,20.0,22.0,65.1,92.4,35.2,47.9,78.1,57.8,55.0,30.0,364.36696260837937
Central African Republic,CAF,2014,0.1617,0.18339589636816,1894813389.40325,0.0810705153264877,14.898684179755,40.265,4623182,,5.633,46.7,10.0,20.6,65.1,92.6,33.9,40.4,72.5,51.8,50.0,30.0,409.8504859646992
Central African Republic,CAF,2015,0.2334,0.176904971713319,1695825714.19282,4.33712103020231,1.40297017136816,51.934,4629320,,5.775,45.9,15.0,25.0,65.0,92.0,27.2,37.5,69.6,52.4,45.0,30.0,366.32285393812055
Central African Republic,CAF,2016,0.2515,0.397590019652539,1825018144.65595,4.75031684122342,4.94543276106518,50.999,4713663,13.9465503692627,5.793,45.2,10.0,24.0,65.7,93.6,28.0,40.9,62.9,52.2,45.0,30.0,387.1762034443171
Central African Republic,CAF,2017,0.2647,0.332412482969051,2072349972.6818,4.52727821346231,4.18072331871267,45.231,4793511,15.8074398040772,5.836,51.8,12.6,28.7,65.8,94.1,27.2,42.7,68.2,55.2,80.0,30.0,432.3240256842636
Central African Republic,CAF,2018,0.2935,0.810612744001372,2220979146.11241,3.78944359275462,1.61215686991555,52.297,4878657,,5.825,49.2,17.9,24.6,64.6,94.6,27.2,34.5,70.5,57.2,45.0,30.0,455.2439628595349
Central African Republic,CAF,2019,0.3024,1.1525297989583,2221301351.43918,3.09999999999999,2.68537355266787,31.53,4944703,,5.916,49.1,19.6,23.2,65.2,94.2,24.2,40.1,72.3,51.0,45.0,30.0,449.2284676024384
Central African Republic,CAF,2020,0.3184,0.0746698927110639,2326720900.38047,0.899999996857062,1.71015659523153,50.596,5026628,,6.519,50.7,38.1,24.3,65.5,93.5,24.3,40.4,73.3,47.2,45.0,30.0,462.8790712940106
Central African Republic,CAF,2021,0.3227,0.214980465443776,2516498412.46384,0.982919996264229,4.25936417542868,40.279,5112100,,6.701,48.8,23.2,22.0,65.3,92.2,23.3,40.9,74.9,45.2,45.0,30.0,492.263142830508
Central African Republic,CAF,2022,0.3225,1.00929791484186,2382618615.01694,0.453901876447787,5.58316735183247,,5098039,,6.287,45.7,7.1,18.3,65.3,88.1,26.5,39.5,75.3,46.2,45.0,30.0,467.3598250262385
Central African Republic,CAF,2023,0.3325,1.51604656547544,2555492085.94725,0.69996840076054,2.97913852618937,57.408,5152421,,6.181,43.8,6.9,4.6,65.4,87.3,26.5,39.8,73.5,45.0,45.0,30.0,495.97889728872116
Central African Republic,CAF,2024,0.3374,1.46851186564355,2751494281.06887,1.49999999847535,1.47733600718744,57.671,5330690,,6.253,41.3,7.2,16.7,65.3,87.0,26.6,39.7,70.9,46.6,45.0,30.0,516.1609999960361
Central African Republic,CAF,2025,,,3066109226.40165,4.49950000393781,1.00198012768088,,5513282,,6.251,42.8,6.9,19.6,65.5,89.8,27.1,48.3,72.8,50.4,45.0,30.0,556.1313980314538
Chad,TCD,2001,0.2432,26.8795142899677,1710843377.00119,11.6581346550771,12.4312865279941,48.306,8804124,12.6534004211426,0.792,46.4,30.0,10.0,45.9,85.5,55.0,,77.3,53.8,30.0,30.0,194.32295331156058
Chad,TCD,2002,0.2635,46.275241273497,1997005708.81576,8.4912098197177,5.19181895195446,48.36,9116192,13.4368200302124,0.769,49.2,30.0,10.0,45.9,89.2,55.0,,84.1,48.2,30.0,50.0,219.06139195134986
Chad,TCD,2003,0.3973,25.9829201533053,2742815071.5744,14.7216670123589,-1.75256941248655,48.609,9487833,14.8295497894287,0.725,52.6,30.0,10.0,46.0,87.6,55.0,,76.6,48.2,50.0,70.0,289.0876211221677
Chad,TCD,2004,0.4555,10.5541199124918,4422855660.82592,33.6293718498522,-5.35540028884816,48.687,9920036,15.217809677124,0.672,53.1,30.0,10.0,46.0,90.3,55.0,,78.4,48.2,50.0,70.0,445.8507671570869
Chad,TCD,2005,0.4809,-1.1476866334562,8655892392.92919,17.3325337352162,7.89036567462993,48.86,10328092,15.5320997238159,0.663,52.1,30.0,10.0,50.2,87.9,55.0,43.3,88.1,56.6,50.0,50.0,838.0921077125562
Chad,TCD,2006,0.4975,-2.86740171976294,9709626596.13031,-0.54282957080251,8.03628897951331,48.747,10706424,15.8697900772095,0.716,50.0,30.0,17.0,49.8,85.2,34.0,43.6,83.0,57.0,50.0,50.0,906.8972605727467
Chad,TCD,2007,0.568,-2.96036446114529,10865385131.5172,4.20017418353298,-8.9747396200927,49.21,11081660,18.2909908294678,0.839,50.1,20.0,17.0,49.8,93.8,49.0,44.3,77.7,59.2,40.0,50.0,980.4835314851025
Chad,TCD,2008,0.4847,3.48233332294757,13385593990.3378,3.08119033854541,10.2969758221254,49.503,11476296,20.7904891967773,0.922,47.8,20.0,20.0,49.9,94.9,34.6,45.0,73.6,60.0,40.0,40.0,1166.3688345384085
Chad,TCD,2009,0.4976,3.04360891943899,12317614053.6841,-1.40828262637592,9.95242290748864,49.828,11893754,22.7542705535889,0.943,47.5,20.0,18.0,50.5,90.8,35.7,42.6,78.6,58.4,40.0,40.0,1035.637196942538
Chad,TCD,2010,0.5246,2.22641001271938,14058506663.7252,13.6738272725339,-2.07786574641866,50.107,12312575,22.369271805704,0.911,47.5,20.0,16.0,50.5,89.2,32.7,46.9,76.7,58.4,45.0,40.0,1141.8006926841217
Chad,TCD,2011,0.6836,1.68950609671276,16685349673.9957,4.49542967058827,2.0292405367826,50.426,12754997,22.8224817551818,0.92,45.3,20.0,16.0,50.4,85.3,25.3,44.8,70.6,55.6,45.0,40.0,1308.1421872538035
Chad,TCD,2012,1.2091,3.24047414068829,17892228569.8861,9.06180392253447,7.51662364663833,50.765,13210998,22.1087903431339,0.886,44.8,20.0,17.0,50.2,74.2,24.9,43.7,72.5,55.6,50.0,40.0,1354.3434470193774
Chad,TCD,2013,1.3153,2.91179134022524,17865316886.3315,2.83821524730293,0.222671564624551,51.051,13691079,24.5326035474767,0.955,45.2,20.0,20.0,50.4,75.5,25.2,40.5,74.6,55.6,50.0,40.0,1304.8874297147436
Chad,TCD,2014,1.4041,-3.72317778039931,18144336903.7175,2.06283074361411,1.6819731392567,51.141,14188678,22.8485794067383,0.984,44.5,20.0,15.9,46.2,80.0,24.9,43.3,69.8,55.2,50.0,40.0,1278.7898142249403
Chad,TCD,2015,1.6134,3.84380092336452,14559599499.5011,3.30415979779805,4.37712665065654,51.32,14647621,22.2454248795188,1.032,45.9,20.0,19.0,46.2,83.6,27.1,47.7,75.6,55.2,45.0,40.0,993.9907306108685
Chad,TCD,2016,1.6907,1.87837153237555,13026289835.7789,-4.12250332637034,-0.792440525236102,51.603,15114655,22.530490847167,1.091,46.3,20.0,22.0,46.0,84.3,30.9,48.9,71.4,49.8,50.0,40.0,861.8317676307464
Chad,TCD,2017,2.2104,2.72215531343515,13349041408.7152,-1.61746922820204,-1.5370996298084,51.875,15622759,20.5855678473561,1.132,49.0,30.6,24.6,46.0,87.2,27.5,44.9,74.3,54.7,60.0,40.0,854.4612004009791
Chad,TCD,2018,2.4139,3.00704966736056,15327000248.8701,5.74111580758154,4.27462198610545,52.447,16156531,20.0021180694774,1.135,49.3,25.1,23.1,44.8,90.5,29.4,40.3,79.9,52.2,60.0,40.0,948.6566298712329
Chad,TCD,2019,2.3645,3.80153819394825,14905517742.8454,5.38282202874814,-0.971939175419401,52.993,16685223,20.192877474143,1.077,49.9,26.7,23.2,46.1,92.4,28.1,43.2,82.3,47.2,60.0,40.0,893.3364416433271
Chad,TCD,2020,2.4133,3.73465690769548,14932897821.2387,-0.393646582380399,4.46414437232861,53.082,17224679,,1.695,50.2,32.4,15.1,45.8,93.5,26.8,43.0,76.1,47.2,60.0,40.0,866.9478148904082
Chad,TCD,2021,2.7311,4.17913326043699,16871937697.5854,0.293442648033434,-0.77284437035914,53.136,17828273,23.1541767734797,1.53,50.4,27.7,21.0,44.6,93.9,25.3,42.9,76.7,52.0,60.0,40.0,946.3585002083713
Chad,TCD,2022,2.865,3.44402627536712,17828508289.6049,4.12969897668356,5.78802687843616,54.528,18455316,,1.081,49.8,28.9,13.1,44.6,92.7,28.2,54.5,74.2,52.0,60.0,40.0,966.0364682785654
Chad,TCD,2023,2.9088,4.97649325238016,18352937976.2179,3.99861309461539,10.8363568399843,55.069,19319064,24.1941648001316,1.059,52.0,28.2,14.5,78.1,91.0,28.4,53.4,76.8,47.3,60.0,40.0,949.9910542362662
Chad,TCD,2024,2.8928,5.12132130084841,19906706689.7582,4.95210484607125,8.89950732263754,55.238,20299123,23.49298947746,1.053,51.4,27.8,11.1,77.8,89.1,28.3,53.5,71.7,47.2,60.0,40.0,980.6683121117204
Chad,TCD,2025,,,21472835225.4338,5.58988021765651,-3.9119812440659,,21003705,,1.057,52.2,27.4,14.1,78.5,92.9,28.7,53.5,72.0,47.2,60.0,40.0,1022.3355939075416
Chile,CHL,2001,51.6629,5.8676609577396,71574739561.4329,3.15403492459967,3.56910053001467,77.58,15683849,,10.39,75.1,90.0,69.0,73.7,84.1,85.0,,82.4,71.6,70.0,50.0,4563.595298668899
Chile,CHL,2002,52.1984,3.62905823074114,70264045939.2773,3.20279913520113,2.48939816650705,77.84,15857925,89.4216384887695,10.168,77.8,90.0,74.0,74.0,82.7,85.0,,82.7,71.4,70.0,70.0,4430.847411579844
Chile,CHL,2003,54.1255,4.556949756395,76492579644.0605,4.72324526861041,2.8101787574361,77.884,16024752,90.6209564208984,9.765,76.0,90.0,75.0,75.0,81.8,70.0,,83.0,69.0,70.0,70.0,4773.401775207535
Chile,CHL,2004,58.5003,5.01507138064187,99075985773.6682,6.67425416822923,1.05473871403517,78.276,16187322,91.0151062011719,10.162,76.9,90.0,75.0,78.5,81.5,70.0,,84.2,73.0,70.0,70.0,6120.591520553443
Chile,CHL,2005,59.1432,4.89870698303569,122294145163.192,5.83704571917758,3.05257621387849,78.459,16348778,92.0045623779297,9.34,77.8,90.0,74.0,78.3,84.8,70.0,77.3,84.4,79.2,70.0,70.0,7480.323309986349
Chile,CHL,2006,60.3603,3.0910197191962,153843518170.864,6.04999082563968,3.39201733699405,78.533,16509195,91.9973297119141,9.024,78.0,90.0,74.0,78.6,87.5,68.1,77.5,86.9,77.6,70.0,70.0,9318.656552961183
Chile,CHL,2007,67.7521,6.11348994449279,172491076033.863,5.16823098528431,4.40779938398044,78.652,16671581,91.5507965087891,8.427,77.7,90.0,73.0,78.8,87.9,68.2,77.0,79.8,82.4,70.0,70.0,10346.413818453271
Chile,CHL,2008,71.324,10.4571112913238,179894594475.405,3.78939280635238,8.71626873039607,78.752,16838988,91.5420074462891,9.285,78.6,90.0,73.0,78.1,88.2,67.8,77.4,78.8,82.2,80.0,70.0,10683.218877251114
Chile,CHL,2009,68.2258,7.42256247898025,171777900623.892,-1.11803723642878,0.353045178360937,78.89,17009731,89.8597564697266,11.313,78.3,90.0,70.0,78.2,90.1,66.3,75.0,77.3,85.8,80.0,70.0,10098.801716728618
Chile,CHL,2010,72.323,6.84144686828522,217051209238.534,5.85165102224047,1.41071107954321,79.095,17181464,90.99951171875,8.547,77.2,85.0,69.0,77.5,89.6,64.8,75.4,73.0,88.0,80.0,70.0,12632.87047241923
Chile,CHL,2011,79.0753,10.4897738058645,251382573893.87,6.22389678509138,3.34121694259302,79.236,17351816,90.9826202392578,7.492,77.4,85.0,67.0,77.7,86.6,67.2,74.5,77.9,88.0,80.0,70.0,14487.39278320321
Chile,CHL,2012,81.3485,11.9097449981544,267024782486.855,6.15534001855494,3.00744840213047,79.221,17519119,89.5031433105469,6.79,78.3,90.0,72.0,77.4,82.1,68.6,75.1,85.6,82.0,80.0,70.0,15241.906998111892
Chile,CHL,2013,85.4109,7.61396398974862,277395018842.417,3.30850824710085,1.7895555398459,79.551,17687006,99.1520767211914,6.361,79.0,90.0,72.0,77.6,83.7,70.5,74.2,84.6,82.0,85.0,70.0,15683.54863691554
Chile,CHL,2014,78.7046,9.83500371419039,259560978224.359,1.79264947139259,4.71867527854672,79.714,17864195,99.8654403686523,6.761,78.7,90.0,72.3,76.5,83.8,69.3,69.3,84.1,82.0,90.0,70.0,14529.676720633592
Chile,CHL,2015,84.3798,7.32780348711267,242450355830.884,2.15194249981184,4.34877353217044,80.008,18047625,100.921676635742,6.605,78.5,90.0,71.0,76.5,83.3,69.3,67.0,85.6,82.0,90.0,70.0,13433.920298703237
Chile,CHL,2016,88.8653,4.55707488153847,249344863928.438,1.753038749071,3.78619355893118,80.295,18267221,101.488136291504,6.926,77.7,85.0,73.0,74.8,83.1,72.1,64.3,82.9,86.4,85.0,70.0,13649.85204528034
Chile,CHL,2017,89.7525,1.89647029836548,276154259981.097,1.35769537343957,2.18271846868519,80.61,18558868,102.294822692871,7.257,76.5,68.2,70.5,77.6,82.2,72.3,64.3,82.2,86.4,85.0,70.0,14879.908622718636
Chile,CHL,2018,89.8194,2.68461345207245,295857562991.709,3.99002947789977,2.43488981353057,80.559,18893191,103.173049926758,7.623,75.2,67.9,61.2,78.0,81.3,72.4,60.4,82.4,88.7,85.0,70.0,15659.480867562763
Chile,CHL,2019,95.2476,4.87915172452024,278308438545.118,0.644223402631923,2.55754475703327,80.324,19197744,104.405769348145,7.493,75.4,68.7,62.3,77.3,81.0,76.6,65.0,84.5,88.8,85.0,70.0,14496.93456403617
Chile,CHL,2020,87.5108,4.50500989019161,254103710483.324,-6.1396969411886,3.04549084804326,79.349,19370624,103.691688537598,10.934,76.8,69.9,73.4,76.4,80.8,75.0,64.7,85.2,89.0,85.0,70.0,13117.993023008656
Chile,CHL,2021,89.1084,4.81031437211446,315507493783.262,11.3374032409913,4.52456838259144,78.876,19456334,106.673522949219,9.281,75.2,70.2,74.5,72.3,80.4,75.1,62.5,85.5,83.0,70.0,70.0,16216.184086028848
Chile,CHL,2022,90.4279,6.2344860828365,301099244104.003,2.06391864254198,11.643866711056,79.176,19553036,106.068328857422,8.249,74.4,73.0,71.4,72.4,78.1,76.2,58.0,79.4,78.0,70.0,70.0,15399.104471755843
Chile,CHL,2023,77.0074,5.72340675956374,335802745366.38,0.677024831595858,7.58168251407962,81.167,19658835,105.83097076416,9.013,71.1,72.3,88.7,73.0,73.5,75.7,59.4,77.4,78.0,70.0,70.0,17081.518074004893
Chile,CHL,2024,77.8226,3.97989457086765,329260633698.726,2.80512637106611,4.29763891572524,81.359,19764771,105.608551025391,8.718,71.4,72.5,68.2,71.8,73.4,79.2,58.6,70.9,78.0,60.0,70.0,16658.96527203508
Chile,CHL,2025,,,357371159574.862,2.45925474781374,4.21293601694293,,19859921,,8.974,73.2,71.3,67.9,72.5,74.4,79.5,61.3,71.8,78.0,60.0,70.0,17994.591195748562
China,CHN,2001,3825.0579,3.47245235578959,1355036590251.52,8.32404695347056,0.719125609120114,72.675,1271850000,62.2098388671875,3.8,52.6,30.0,34.0,70.4,94.1,55.0,,84.1,46.0,30.0,30.0,1065.40597574519
China,CHN,2002,4133.073,3.56241418263928,1489821682050.54,9.23604870383861,-0.731970902350244,73.034,1280400000,62.8378982543945,4.24,52.8,30.0,31.0,70.3,92.3,55.0,,87.6,48.6,30.0,30.0,1163.559576734255
China,CHN,2003,4773.1082,3.43849537731211,1683903309843.85,10.1138119025242,1.12760348729637,73.385,1288400000,64.0541305541992,4.58,52.6,30.0,35.0,66.9,90.2,55.0,,85.8,50.6,30.0,30.0,1306.9724540855714
China,CHN,2004,5496.262,3.43299015092913,1984196551300.44,10.1404291872206,3.82463743108159,73.727,1296075000,,4.49,52.5,30.0,35.0,66.4,88.4,55.0,,86.4,51.4,30.0,30.0,1530.9272621572363
China,CHN,2005,6235.6852,4.49218509012467,2317551298052.05,11.4535130030645,1.77641407667571,74.085,1303720000,,4.52,53.7,30.0,34.0,67.9,86.0,55.0,65.0,84.8,54.4,30.0,30.0,1777.6449682846392
China,CHN,2006,6922.8741,4.44499743873593,2791498472804.33,12.6752842281595,1.6494309945586,74.404,1311020000,74.0575637817383,4.43,53.6,30.0,34.0,70.0,86.0,43.1,65.2,79.4,68.0,30.0,30.0,2129.2569699961327
China,CHN,2007,7522.0032,4.33537500236917,3604055822571.63,14.1507710506103,4.81676767378834,74.789,1317885000,78.1607131958008,4.35,52.0,20.0,32.0,66.6,87.0,46.9,64.2,75.5,68.0,30.0,30.0,2734.7270987769266
China,CHN,2008,7752.2237,3.67520717506325,4667346414521.95,9.66877608164454,5.92525137041092,74.833,1324655000,82.6792526245117,4.59,53.1,20.0,33.0,66.4,89.7,50.3,64.8,76.5,70.2,30.0,30.0,3523.4430206521324
China,CHN,2009,8319.1638,2.52538984334254,5189577094997.58,9.40610014336416,-0.728165250932898,75.317,1331260000,88.2874984741211,4.72,53.2,20.0,35.0,70.6,88.9,51.6,61.8,72.9,71.4,30.0,30.0,3898.2445915881044
China,CHN,2010,9106.0051,3.93541996731512,6192564874453.29,10.5916903885704,3.17532475269199,75.668,1337705000,90.7829173331445,4.53,51.0,20.0,36.0,70.2,88.1,49.7,53.2,70.6,72.2,20.0,30.0,4629.245517100773
China,CHN,2011,9955.7482,3.65069190228423,7671757207851.29,9.46205248298186,5.55389892257493,75.889,1345035000,92.0329425203903,4.55,52.0,20.0,36.0,70.3,87.0,49.8,54.9,75.3,71.6,25.0,30.0,5703.760279733457
China,CHN,2012,10270.741,2.78099138181613,8673664713189.24,7.8578201481217,2.61952432645541,76.2,1354190000,92.2603063015232,4.58,51.2,20.0,35.0,70.4,84.1,46.4,55.4,74.2,71.6,25.0,30.0,6405.0574241349
China,CHN,2013,10760.43,2.98598708261986,9743124247267.24,7.77842954757257,2.62105001748115,76.452,1363240000,,4.6,51.9,20.0,36.0,70.2,83.3,48.0,62.6,71.6,72.0,25.0,30.0,7147.035186223438
China,CHN,2014,10881.1042,2.51155883670463,10674533168257.4,7.46100735778161,1.92164162788521,76.714,1371860000,,4.63,52.5,20.0,35.0,69.9,82.9,49.7,61.9,73.3,71.8,30.0,30.0,7781.0659748497665
China,CHN,2015,10749.8966,2.14957284731563,11280814787468.9,6.98162255562367,1.43702380935655,76.975,1379860000,,4.65,52.7,20.0,40.0,69.7,81.5,52.1,63.0,74.2,71.8,25.0,30.0,8175.33285077392
China,CHN,2016,10773.7258,1.52539470315394,11456024084962.0,6.7736886867727,2.00000182191943,77.214,1387790000,,4.56,52.0,20.0,36.0,69.7,74.3,54.2,62.0,70.6,72.8,30.0,30.0,8254.868593203582
China,CHN,2017,10999.4188,1.32468971748482,12537559062282.9,6.89123916636191,1.59313600071436,77.235,1396215000,,4.47,57.4,48.3,41.6,70.0,73.0,53.9,63.4,71.8,73.6,20.0,20.0,8979.676527098549
China,CHN,2018,11527.5117,1.66361992284408,14147765772963.8,6.757806142324,2.07479039965576,77.709,1402760000,,4.31,57.8,46.7,47.3,70.4,71.6,54.9,61.4,71.4,73.2,25.0,20.0,10085.663814881947
China,CHN,2019,11813.0582,1.28549226847992,14560167101283.4,6.06737806333672,2.89923416358227,77.94,1407745000,,4.56,58.4,49.9,49.1,70.4,70.1,56.2,64.2,71.9,73.0,25.0,20.0,10342.90095243343
China,CHN,2020,11964.1285,1.68770756292082,14996414166715.1,2.33950385203023,2.41942189457782,78.019,1411100000,,5.0,59.5,60.9,46.0,70.4,67.9,76.8,64.4,71.1,72.4,20.0,20.0,10627.463798961873
China,CHN,2021,12551.8645,1.8903454142588,18201698719564.0,8.57038414981781,0.981015135544882,78.117,1412360000,,4.55,58.4,62.2,46.4,72.6,67.6,80.2,64.9,69.8,71.2,20.0,20.0,12887.43572429409
China,CHN,2022,12518.6844,1.03841365474349,18316765021690.2,3.13385438394069,1.97357555739051,78.202,1412175000,,4.98,48.0,43.7,39.3,71.2,64.2,68.8,57.2,70.0,73.2,20.0,20.0,12970.605641432683
China,CHN,2023,13021.242,0.280991103634816,18270356654533.2,5.41600334492955,0.234836828893051,77.953,1410710000,,4.67,48.3,45.3,38.2,69.5,65.1,68.3,55.2,72.5,73.6,20.0,20.0,12951.178239704263
China,CHN,2024,13124.728,0.227695125306895,18729668435848.0,4.95830378788091,0.218128938439177,78.017,1408975000,,4.59,48.5,46.9,41.6,69.1,65.7,68.1,57.8,71.8,73.6,20.0,20.0,13293.116226936603
China,CHN,2025,,,19498039388042.6,4.95994886240992,0.0595646916565403,,1406585000,,4.615,49.0,46.7,40.4,71.6,67.1,67.7,57.9,74.6,74.0,20.0,20.0,13861.970224367957
Colombia,COL,2001,63.0335,2.58851936306874,98200641203.3892,1.67789830787579,7.96556090304834,71.185,39709262,,15.04,65.6,50.0,29.0,72.4,88.0,70.0,,71.7,69.2,70.0,70.0,2472.9908403583327
Colombia,COL,2002,60.5863,2.17844751407948,97945812802.8882,2.50398046659659,6.35150728778872,71.537,40324680,78.1551971435547,14.481,64.2,30.0,32.0,72.6,89.2,70.0,,74.5,69.8,70.0,70.0,2428.9296977158456
Colombia,COL,2003,60.0512,1.81783931129221,94644969157.0987,3.91827190322513,7.1297886294186,72.309,40937429,,13.221,64.2,30.0,38.0,72.5,87.6,70.0,,76.5,63.0,70.0,70.0,2311.9421876029073
Colombia,COL,2004,60.0947,2.66083488771203,117092416666.245,5.33302206759905,5.90402005546502,72.76,41543171,82.9504623413086,13.717,61.2,30.0,36.0,66.7,66.9,70.0,,78.3,63.0,70.0,70.0,2818.5719541304393
Colombia,COL,2005,61.8883,7.02979401438219,145600529605.803,4.82876110773741,5.05101962689696,73.156,42128977,86.9616470336914,11.062,59.6,30.0,37.0,66.7,66.3,70.0,62.8,78.3,64.8,50.0,70.0,3456.066108745128
Colombia,COL,2006,59.0498,4.17238510059526,161792958904.864,6.71686869844402,4.29342363628927,73.497,42691084,90.2876663208008,11.088,60.4,30.0,38.0,66.6,68.3,72.1,63.8,79.2,65.8,50.0,70.0,3789.8536121702605
Colombia,COL,2007,61.245,4.30867680626701,206229540926.312,6.73819469090975,5.54438485815156,73.751,43235374,93.012809753418,11.204,59.9,30.0,40.0,71.7,70.2,71.8,63.5,70.3,71.4,50.0,60.0,4769.926147194009
Colombia,COL,2008,61.1976,4.35627834630067,242504150472.931,3.28344618616541,6.99688495554511,74.206,43758808,94.2315521240234,11.273,62.2,40.0,39.0,72.8,71.2,72.5,63.9,71.4,70.8,60.0,60.0,5541.836296658972
Colombia,COL,2009,65.3215,3.45627065154005,232468663109.595,1.13964864548062,4.20251661216482,74.531,44271541,98.2700805664062,12.066,62.3,40.0,38.0,72.9,65.9,77.4,66.0,70.6,72.4,60.0,60.0,5250.972924335184
Colombia,COL,2010,68.1511,2.24433595561184,286498534094.963,4.49465897070922,2.27200227892008,74.876,44777319,99.9543685913086,11.153,65.5,50.0,38.0,74.3,74.8,83.6,72.7,74.0,72.5,55.0,60.0,6398.295844710198
Colombia,COL,2011,73.1683,4.37269536127322,334966134804.887,6.94789198173555,3.4150334477625,75.18,45259614,101.20581817627,10.288,68.0,50.0,37.0,74.5,78.9,86.1,79.3,75.8,73.2,65.0,60.0,7400.994069566899
Colombia,COL,2012,73.6027,4.05728041313345,370691143018.039,3.91263576716115,3.16930188840055,75.611,45715810,97.2326889038086,9.959,68.0,50.0,35.0,76.0,74.1,89.4,79.7,78.7,72.2,65.0,60.0,8108.598382442288
Colombia,COL,2013,83.6349,4.24252457969381,382093697077.685,5.13399351995672,2.01699224310383,75.834,46151584,98.1015014648438,9.246,69.6,50.0,34.0,76.1,75.2,90.2,79.3,78.7,72.2,70.0,70.0,8279.102556429807
Colombia,COL,2014,84.9188,4.24107256687862,381240864422.407,4.49903000110972,2.89883787761738,75.95,46565429,97.3632888793945,8.799,70.7,50.0,33.2,80.6,74.9,85.2,80.5,78.8,78.8,75.0,70.0,8187.208248900853
Colombia,COL,2015,86.2165,3.95939854860993,293492370193.166,2.95590137527523,4.9898311584953,76.067,46969940,97.6741180419922,8.572,71.7,50.0,36.0,80.3,76.0,81.5,81.7,80.1,81.2,80.0,70.0,6248.514905345121
Colombia,COL,2016,88.4935,4.90164572903473,282720100286.228,2.08738250162794,7.51346024627675,76.228,47437512,98.4156265258789,8.922,70.8,50.0,37.0,80.1,74.4,78.2,77.6,79.6,81.0,80.0,70.0,5959.842503675742
Colombia,COL,2017,80.9994,4.3931823276543,311866875156.879,1.35936086788746,4.31431325695011,76.418,48131078,99.2193298339844,9.086,69.7,63.8,39.6,80.1,74.2,77.1,77.9,77.0,81.6,80.0,70.0,6479.532312924282
Colombia,COL,2018,85.3965,3.38083573220188,334198218098.276,2.56432428277704,3.24056932930569,76.579,49024465,100.373336791992,9.36,68.9,60.7,33.4,80.3,74.4,78.6,75.2,73.9,81.6,80.0,70.0,6816.9681830954405
Colombia,COL,2019,86.0607,4.33058240931506,323031701192.84,3.18685539245533,3.52301932741447,76.793,49907985,101.989349365234,10.28,67.3,59.2,33.5,74.3,75.0,71.4,78.5,75.6,76.0,80.0,70.0,6472.54544924705
Colombia,COL,2020,84.3026,2.7588942895314,270348342541.465,-7.18591413760859,2.52663500084706,74.757,50629997,101.499450683594,15.983,69.2,61.1,46.1,70.4,77.0,71.3,78.0,77.5,81.2,80.0,70.0,5339.687113579426
Colombia,COL,2021,92.1683,3.00175693787234,318524633225.395,10.8011981904878,3.49505757399448,72.698,51188173,102.987998962402,13.898,68.1,59.8,49.7,69.7,69.3,71.0,77.7,78.1,77.0,80.0,70.0,6222.621643976139
Colombia,COL,2022,88.3446,4.97124137726565,345632492851.448,7.32827729427979,10.1772313546166,76.508,51737944,101.573776245117,10.541,65.1,50.9,42.0,71.3,66.0,68.8,60.7,79.3,76.4,80.0,70.0,6680.445068544819
Colombia,COL,2023,92.7973,4.57716748279263,366901643683.302,0.841819555752039,11.7359044948689,77.725,52321152,,9.591,63.1,44.9,58.7,69.0,66.0,72.2,61.7,78.6,75.8,80.0,70.0,7012.491691377552
Colombia,COL,2024,95.0793,3.25416050189283,420504033143.211,1.49330728771066,6.60908593728228,77.913,52886363,,9.619,59.2,45.0,38.1,68.7,65.3,68.8,61.9,72.3,72.6,70.0,70.0,7951.086240194112
Colombia,COL,2025,,,457410034202.523,2.64201548985928,5.14222911946201,,53425635,,8.29,59.8,45.5,40.9,67.6,64.4,68.6,61.7,69.4,72.2,60.0,60.0,8561.620918544497
Comoros,COM,2001,0.0971,0.307423421152582,372746486.166796,5.41959971808741,5.55459394816812,59.587,547220,,4.379,,,,,,,,,,,,681.1638576199628
Comoros,COM,2002,0.1004,0.100716007387665,427360070.324544,4.59768263263243,3.53304214308078,59.723,558923,35.0426712036133,4.372,,,,,,,,,,,,764.6134983254294
Comoros,COM,2003,0.1304,0.145062208685244,546830040.540273,1.93442812313498,3.799081366719,60.24,569798,38.9220008850098,4.559,,,,,,,,,,,,959.6910493548116
Comoros,COM,2004,0.1402,0.108010654825932,622679660.37137,3.10041210399676,4.47499289078107,60.557,580704,42.5534706115723,4.571,,,,,,,,,,,,1072.2840902962093
Comoros,COM,2005,0.1357,0.0852741893191707,655375095.906176,5.66520240193151,3.0133239505812,60.883,592677,,4.527,,,,,,,,,,,,1105.7879686678848
Comoros,COM,2006,0.1617,0.11306053010776,688498641.512529,-1.75444679449394,3.37436360121204,61.229,604753,,4.482,,,,,,,,,,,,1138.4790840434507
Comoros,COM,2007,0.1071,0.966721983950354,795673152.867077,0.803599788247752,4.46616710098132,61.475,616927,,4.474,,,,,,,,,,,,1289.7363105636111
Comoros,COM,2008,0.1066,0.507893616352291,915659107.965823,3.96461118871815,1.7007817628453,61.955,629307,,4.416,,,,,,,,,,,,1455.0276859558578
Comoros,COM,2009,0.1327,1.52866108214525,905341172.70583,3.24074074074075,4.36234829325719,62.302,641947,,4.303,43.3,30.0,26.0,64.6,88.1,46.5,31.8,78.9,27.2,20.0,20.0,1410.305169594733
Comoros,COM,2010,0.1559,0.919669135138355,907979446.419588,3.77776673684423,3.35475770328919,62.747,654836,,4.19,44.9,30.0,25.0,65.0,85.1,43.7,31.4,76.4,62.4,10.0,20.0,1386.5753355337642
Comoros,COM,2011,0.1408,2.25967388807613,1023087475.68355,4.14350668765977,1.8426630075619,63.105,668056,,4.12,43.8,30.0,23.0,64.8,77.8,42.9,30.7,76.2,62.4,10.0,20.0,1531.4396932046864
Comoros,COM,2012,0.1454,1.02133877132035,1015842906.66403,3.1684098843342,6.31474450315177,63.463,681630,,4.091,45.7,30.0,21.0,64.9,85.3,41.5,31.2,78.3,69.4,15.0,20.0,1490.314256508707
Comoros,COM,2013,0.1746,0.37910342236625,1116223107.03168,4.46624729869704,-4.29487331536756,63.839,696192,58.998580844006,3.98,47.5,30.0,24.0,64.7,82.4,44.7,51.2,74.6,68.8,15.0,20.0,1603.326534966906
Comoros,COM,2014,0.1545,0.407499074429688,1149587562.06748,2.10665760321017,7.54755379096711,64.143,711503,61.5078774291294,3.984,51.4,30.0,22.1,64.5,85.3,49.4,50.1,74.5,72.7,35.0,30.0,1615.7170975631586
Comoros,COM,2015,0.1712,0.511029838634196,966029600.862227,1.14735632260047,-0.11717388419007,64.473,726682,,4.031,52.1,30.0,28.0,64.5,78.8,47.3,52.0,77.9,73.0,40.0,30.0,1329.370482359859
Comoros,COM,2016,0.2004,0.352458395658835,1012835493.19325,3.3204465548877,0.797517430888487,64.792,741741,,4.117,52.4,30.0,26.0,64.5,81.0,49.6,51.0,79.4,72.0,40.0,30.0,1365.4840344449747
Comoros,COM,2017,0.2607,0.363776536091142,1077439756.59451,3.81576287489548,-0.237362224154613,65.127,756669,56.9502144763063,4.049,55.8,37.3,30.0,64.6,81.2,58.5,50.6,81.5,70.2,45.0,30.0,1423.9248027796964
Comoros,COM,2018,0.2073,0.477150092432519,1188797449.38584,3.64245114733689,2.15155084413033,65.401,771590,61.7014685443494,3.975,56.2,36.7,27.5,59.7,77.8,57.5,58.7,81.2,74.9,45.0,30.0,1540.7113225752537
Comoros,COM,2019,0.226,0.359894031144375,1195019531.9011,1.76078023564568,3.58213544469211,65.662,786578,,3.926,55.4,36.5,24.4,63.9,73.4,57.2,60.3,82.8,70.0,45.0,30.0,1519.2638643606863
Comoros,COM,2020,0.2687,0.316385474955504,1225039196.61091,-0.195556841918759,0.786641929499151,65.756,802163,,4.468,53.7,43.1,23.8,63.6,73.6,47.8,60.3,81.7,59.2,45.0,30.0,1527.1699101191527
Comoros,COM,2021,0.3972,0.309826819264342,1299039312.22277,2.04245238320844,-0.0044179368234698,65.201,818174,,4.394,55.7,34.0,23.6,63.5,91.6,48.5,60.4,79.7,66.2,45.0,30.0,1587.7298865800794
Comoros,COM,2022,0.4298,0.322667538233799,1279542248.96288,2.45381174550259,12.5320314570999,66.481,834188,54.8057289123535,3.879,50.4,28.9,20.1,63.0,88.5,48.3,55.5,81.5,27.0,45.0,30.0,1533.877553936139
Comoros,COM,2023,0.4383,0.365132085679526,1465977684.31307,3.1866131800554,8.37373955490996,66.777,850387,,3.833,53.5,24.5,21.8,65.4,88.5,48.6,55.6,84.9,69.6,45.0,30.0,1723.894749464738
Comoros,COM,2024,0.4463,0.440971140907408,1610082688.26617,3.30071498500033,5.05192609588218,67.023,866628,,3.815,52.0,24.6,14.1,65.4,89.3,48.8,55.7,71.7,69.6,45.0,30.0,1857.870606841886
Comoros,COM,2025,,,1814920856.27026,3.7544428489181,3.24909332306433,,882847,,3.819,51.4,22.9,16.0,65.3,89.5,49.9,55.1,71.3,64.2,45.0,30.0,2055.7592156628048
Costa Rica,CRI,2001,5.5322,3.89233614145036,15976174476.2368,3.49117013515725,11.2556157091172,77.609,4008947,,6.051,67.6,50.0,51.0,83.2,88.0,70.0,,74.3,71.8,70.0,50.0,3985.129879800556
Costa Rica,CRI,2002,5.6463,4.3620269108637,16578820799.2885,3.41687615891895,9.16752048509119,77.939,4075705,65.6379089355469,6.396,67.5,50.0,54.0,83.3,85.5,70.0,,74.2,71.0,70.0,50.0,4067.718541770933
Costa Rica,CRI,2003,6.0688,4.48353973161802,17271760397.3311,4.31718000096654,9.44758091616984,78.214,4138784,,6.654,67.0,50.0,45.0,83.2,83.6,70.0,,74.0,77.6,70.0,50.0,4173.148537669785
Costa Rica,CRI,2004,6.1802,5.82312653403309,18610594843.9248,4.42459978667458,12.3148150178852,78.512,4200078,77.7891998291016,6.445,66.4,50.0,45.0,83.0,78.1,70.0,,75.1,76.4,70.0,50.0,4431.0117202406245
Costa Rica,CRI,2005,6.3561,7.62843541650427,20040642420.6914,3.97666631433462,13.7982949108987,78.877,4261240,79.1932067871094,6.749,66.1,50.0,43.0,83.0,84.7,70.0,61.1,75.5,73.4,70.0,50.0,4703.0072046379455
Costa Rica,CRI,2006,6.9054,7.92850432469026,22715540342.2983,7.3266951372695,11.4705968149052,79.049,4321340,85.9572372436523,5.926,65.9,50.0,49.0,83.0,85.2,59.4,61.2,73.7,77.4,70.0,50.0,5256.596412755835
Costa Rica,CRI,2007,7.7137,8.33742598522417,26884700687.8286,8.21513209207497,9.35724456417157,79.098,4380248,86.9762496948242,4.557,64.0,50.0,42.0,83.0,86.4,59.0,60.1,67.1,82.4,70.0,40.0,6137.711994350229
Costa Rica,CRI,2008,7.6303,7.90900698205041,30801745703.3018,4.73817511214847,13.4244635507284,79.18,4440056,88.2622985839844,4.934,64.2,50.0,41.0,82.9,87.4,60.0,61.2,67.9,81.8,70.0,40.0,6937.242616602538
Costa Rica,CRI,2009,7.3188,5.2515106858073,30745714234.4959,-0.87345608994562,7.84270167700654,79.372,4499791,94.3034362792969,7.824,66.4,50.0,50.0,82.8,88.4,60.3,61.2,69.7,81.8,70.0,50.0,6832.6982818748465
Costa Rica,CRI,2010,7.2362,5.06371170026852,37658616965.6866,5.36034347722267,5.66275708420021,79.354,4555962,97.5067367553711,7.171,65.9,50.0,51.0,82.4,87.0,59.3,59.0,67.8,82.5,70.0,50.0,8265.78820580299
Costa Rica,CRI,2011,7.6984,6.39172538358965,42762613784.989,4.40315921836142,4.87799830970702,79.624,4609833,99.7109375,9.518,67.3,55.0,53.0,82.3,86.9,58.2,62.1,70.7,85.2,70.0,50.0,9276.391093774764
Costa Rica,CRI,2012,7.6394,5.70866124116913,47231655492.7812,4.88259252932575,4.49545314354605,79.925,4663934,103.267303466797,9.11,68.0,55.0,53.0,82.8,90.8,57.6,62.7,73.4,85.1,70.0,50.0,10126.999115506607
Costa Rica,CRI,2013,7.9353,6.29127736182893,50949668762.8328,2.49476596233289,5.23133614174428,80.189,4716147,108.534126281738,8.218,67.0,50.0,48.0,82.9,90.1,58.3,60.4,75.4,85.1,70.0,50.0,10803.240179500935
Costa Rica,CRI,2014,8.0462,6.23293662665086,52016408816.1842,3.54210997703849,4.51920098516954,80.231,4767119,114.289863586426,8.499,66.9,50.0,50.9,80.0,90.0,64.9,53.3,76.3,83.8,70.0,50.0,10911.49787034563
Costa Rica,CRI,2015,7.7578,5.23639457041545,56441920888.425,3.65208093006359,0.801982005099623,80.407,4818038,115.72087097168,8.415,67.2,50.0,53.0,80.0,89.9,64.5,54.6,75.8,83.8,70.0,50.0,11714.710612167235
Costa Rica,CRI,2016,8.2325,4.45296211937019,58847019587.626,4.20432320775184,-0.0174788505908217,79.988,4866998,118.203712463379,8.085,67.4,50.0,54.0,79.4,88.7,68.6,53.8,77.6,81.6,70.0,50.0,12091.030156089237
Costa Rica,CRI,2017,8.396,4.83327522044665,60516044660.7496,4.15769914676933,1.62590692991732,79.994,4913177,121.514961242676,7.729,65.0,51.6,55.4,79.4,88.5,68.1,53.9,80.8,84.7,70.0,50.0,12317.090277991125
Costa Rica,CRI,2018,8.4405,4.81804579792257,62567765946.2665,2.85285959760458,2.22111461526581,80.09,4957818,125.964347839355,9.01,65.6,54.8,51.8,79.3,88.9,68.3,50.3,85.0,84.7,70.0,50.0,12620.020732158078
Costa Rica,CRI,2019,8.193,4.19904890207774,64753504730.018,2.70813912948329,2.09604635327807,80.296,4999553,132.849334716797,10.807,65.3,58.3,54.5,79.2,88.4,67.2,55.2,83.2,81.4,70.0,50.0,12951.85884218409
Costa Rica,CRI,2020,7.1754,3.34838047556023,62806591554.7345,-4.14159340574358,0.724911478131376,79.725,5034320,132.678680419922,16.432,65.8,66.7,57.2,78.9,88.4,66.5,55.0,81.2,81.4,70.0,50.0,12475.685207681374
Costa Rica,CRI,2021,8.0531,5.47775634815964,65588938787.0243,8.21817953969082,1.72647755109241,78.05,5059988,138.903381347656,15.139,64.2,64.0,59.0,79.9,87.7,66.2,55.5,80.9,75.0,70.0,50.0,12962.271607565926
Costa Rica,CRI,2022,8.1977,7.34017474268191,71001226360.8008,5.46119455235068,8.27477490232654,79.316,5081765,131.907592773438,11.325,65.4,66.4,63.1,79.2,86.6,66.0,56.6,83.1,74.6,70.0,50.0,13971.764999129397
Costa Rica,CRI,2023,8.0978,6.05567371313475,87512637055.7736,4.79187732359398,0.525193508693455,80.799,5105525,125.510070800781,8.325,66.5,66.0,76.7,79.5,85.9,73.8,58.1,82.2,74.6,70.0,50.0,17140.771430121997
Costa Rica,CRI,2024,8.3763,5.58692738273204,96715644330.6612,4.08292444182048,-0.412853001047069,80.996,5129910,121.810760498047,6.936,67.7,65.4,58.7,78.9,86.9,79.5,61.8,74.5,75.0,60.0,50.0,18853.282870588606
Costa Rica,CRI,2025,,,102904921157.478,4.56033547844829,-0.073671440596217,,5152950,,6.843,68.6,65.9,60.4,78.5,88.6,80.3,62.1,74.9,75.4,50.0,40.0,19970.098905962215
Croatia,HRV,2001,20.5434,4.49453736192097,23067071477.8294,3.11089328552634,3.77670246665889,74.5129268292683,4299642,94.7751998901367,15.822,50.7,30.0,27.0,66.9,33.7,55.0,,71.7,71.6,50.0,50.0,5364.881885010287
Croatia,HRV,2002,21.359,3.66543741693173,26757633353.1909,5.80141595577015,1.67178437393384,74.7173170731707,4302174,95.021728515625,15.053,51.1,30.0,37.0,68.3,25.0,55.0,,75.7,68.8,50.0,50.0,6219.560936677805
Croatia,HRV,2003,22.7487,5.23888389777053,35244797328.5582,5.56842901730823,1.76733780760629,74.6139024390244,4303399,95.4956436157227,13.924,53.3,30.0,39.0,77.6,28.6,55.0,,76.3,72.8,50.0,50.0,8189.9905931469975
Croatia,HRV,2004,22.7281,3.14125847138829,41836096243.0481,4.17049297825163,2.05539679050328,75.520243902439,4304600,,13.664,53.1,30.0,38.0,67.3,22.9,55.0,,79.5,65.4,50.0,70.0,9718.92771524604
Croatia,HRV,2005,22.8507,4.03158584721724,45012776905.5255,4.32819454299167,3.31717824448043,75.2446341463415,4310145,99.0768890380859,12.598,51.9,30.0,37.0,59.3,26.2,55.0,44.3,81.4,65.4,50.0,70.0,10443.448400349756
Croatia,HRV,2006,23.0366,6.74942720543925,49583643047.994,5.06986521577841,3.18982591472949,75.8368292682927,4311159,99.0345077514648,11.13,53.6,30.0,35.0,69.6,23.2,54.5,44.6,81.2,78.4,50.0,70.0,11501.232742284385
Croatia,HRV,2007,24.5057,7.83566324230563,59290547254.1358,5.04884076732965,2.89928275583389,75.7056097560976,4310217,99.0125274658203,9.909,53.4,30.0,34.0,69.9,24.4,54.2,44.5,79.3,87.8,50.0,60.0,13755.814905406341
Croatia,HRV,2008,23.3221,7.66668932687836,68473103476.6775,1.97176786914632,6.07696838798352,75.9121951219512,4309705,98.9992294311523,8.53,54.1,30.0,34.0,68.8,28.0,58.5,45.5,78.8,87.6,50.0,60.0,15888.118438890247
Croatia,HRV,2009,21.6731,4.925903970572,62315450610.8524,-6.81168973851901,2.37852845904671,76.1682926829268,4305181,98.9394226074219,9.202,55.1,30.0,41.0,68.7,31.7,59.9,43.4,79.0,87.6,50.0,60.0,14474.525138630037
Croatia,HRV,2010,20.9405,2.61983395656206,58975127200.9948,-1.33616285467264,1.03055505333576,76.4756097560976,4295427,98.8955230712891,11.62,59.2,40.0,44.0,70.3,47.1,61.5,40.8,75.8,87.8,65.0,60.0,13729.747287288272
Croatia,HRV,2011,20.4541,1.98600142929806,62889150894.151,-0.111527124990047,2.27272727272722,76.7756097560976,4280622,99.2656021118164,13.678,61.1,40.0,41.0,74.6,50.3,65.2,44.1,78.5,87.6,70.0,60.0,14691.591757962044
Croatia,HRV,2012,18.7872,2.5458971283455,57547495859.7306,-2.23702049605232,3.41207349081368,77.1682926829268,4260368,99.3463897705078,16.046,60.9,40.0,41.0,76.4,45.0,63.4,44.4,81.4,87.5,70.0,60.0,13507.6349882758
Croatia,HRV,2013,18.3813,1.59392354890083,59846869998.8711,-0.132561080066893,2.21658206429779,77.5707317073171,4233922,101.800498962402,17.231,61.3,40.0,40.0,75.4,48.7,63.0,42.4,81.1,87.5,75.0,60.0,14135.09034858722
Croatia,HRV,2014,17.6771,5.34791756323206,59607109597.2123,-0.559537666687092,-0.215196159576176,77.7243902439024,4201598,102.528923034668,17.209,60.4,40.0,41.1,69.4,45.8,61.4,39.4,79.2,87.4,80.0,60.0,14186.771223047113
Croatia,HRV,2015,18.0245,0.958162552964542,50999271058.5849,2.32056679330526,-0.464499004645003,77.2756097560976,4151725,102.981330871582,16.15,61.5,40.0,48.0,74.9,46.5,55.8,42.8,80.0,87.2,80.0,60.0,12283.87502991766
Croatia,HRV,2016,18.2746,2.99037238331044,52650804052.1394,3.46613146011039,-1.12500000000002,77.9219512195122,4106867,103.719436645508,13.015,59.1,35.0,48.0,70.8,33.7,60.3,42.4,78.7,87.4,75.0,60.0,12820.187274664457
Croatia,HRV,2017,18.7971,3.24022473811694,56182225079.1072,3.2840626939789,1.12937210282347,77.7268292682927,4041407,104.214416503906,11.078,59.4,65.5,43.4,66.8,31.3,58.2,43.3,80.3,87.4,75.0,60.0,13901.649865778725
Croatia,HRV,2018,17.7661,2.6691078382689,61668280700.0968,2.91107146210912,1.50012501041747,77.919512195122,3988775,104.960083007812,8.322,61.0,65.9,40.5,66.0,32.5,58.9,43.0,79.1,87.4,75.0,60.0,15460.456079898415
Croatia,HRV,2019,17.9722,6.47280555618669,61467261345.012,3.10247285336254,0.771820346498112,78.2243902439024,3949390,105.13597869873,6.551,61.4,66.0,38.6,66.4,33.4,60.7,44.0,78.5,86.0,75.0,60.0,15563.73549966248
Croatia,HRV,2020,17.1915,2.53925977136019,57959824238.1808,-8.31046995309319,0.154811374562106,77.5243902439024,3914206,105.585418701172,7.389,62.2,69.9,51.0,65.9,34.7,53.6,44.0,77.6,86.4,75.0,60.0,14807.555922754398
Croatia,HRV,2021,17.5067,7.42755621800021,69002262504.9821,12.6312741312741,2.55450699642041,76.4243902439025,3878981,105.876342773438,7.483,63.6,68.4,51.4,79.0,35.8,56.2,43.6,78.7,84.0,75.0,60.0,17788.760116376467
Croatia,HRV,2022,17.6346,5.51627272111755,71196460236.6301,7.29479114889533,10.7805806758686,77.5756097560976,3855641,105.577796936035,6.811,67.6,81.1,50.0,82.8,26.3,72.4,58.7,80.5,79.2,75.0,60.0,18465.531473659008
Croatia,HRV,2023,18.6644,3.90313322235581,85621337533.3348,3.76204092717136,7.94128177586822,78.4731707317073,3859686,105.025161743164,6.121,66.4,79.5,70.0,81.1,25.1,72.1,58.3,76.4,78.6,75.0,60.0,22183.498225849147
Croatia,HRV,2024,18.6796,4.87790164584768,92981894167.9687,3.82578440126859,2.97200477643626,78.9292682926829,3866200,,5.0,67.2,79.8,51.3,81.7,27.1,76.5,68.2,67.4,79.2,70.0,60.0,24049.94417463367
Croatia,HRV,2025,,,105060182186.274,3.40307537181749,3.69153459605729,,3876200,,5.002,68.7,81.3,53.4,77.3,35.1,80.4,69.1,66.6,79.6,60.0,60.0,27103.91161092668
Cuba,CUB,2001,27.8233,,31682400000.0,3.18502990449461,,76.429,11144132,84.3682479858398,4.08,31.6,10.0,10.0,46.5,0.0,40.0,,77.0,60.6,30.0,10.0,2842.9670431039403
Cuba,CUB,2002,26.5653,,33590500000.0,1.42482126141282,,76.766,11177418,88.5996932983398,3.31,32.4,10.0,10.0,46.5,12.5,40.0,,72.0,60.6,30.0,10.0,3005.2110424786833
Cuba,CUB,2003,25.7977,,35901200000.0,3.79274022304334,,77.405,11209383,91.7871322631836,2.33,35.1,10.0,10.0,50.9,18.3,55.0,,68.3,63.8,30.0,10.0,3202.781098656367
Cuba,CUB,2004,25.3168,,38203000000.0,5.77053807021559,,77.326,11238756,91.1237411499023,1.854,34.4,10.0,10.0,49.9,14.8,55.0,,66.4,63.6,30.0,10.0,3399.219628934021
Cuba,CUB,2005,26.2056,,42643836100.0,11.2016564219094,,77.54,11262554,92.3748474121094,1.95,35.5,10.0,46.0,46.7,5.9,55.0,20.0,70.6,61.2,30.0,10.0,3786.3379922529116
Cuba,CUB,2006,26.7903,,48835925925.9259,12.0658631129953,,77.406,11278550,93.1539993286133,1.913,29.3,10.0,37.0,44.2,0.0,10.0,20.0,71.5,60.2,30.0,10.0,4329.982659643829
Cuba,CUB,2007,27.6113,,54262870370.3704,7.26213696647943,,77.55,11287272,93.1459197998047,1.788,28.6,10.0,38.0,51.7,10.0,10.0,20.0,65.8,60.2,10.0,10.0,4807.438889606842
Cuba,CUB,2008,26.6685,,56302129629.6296,4.11682804164681,,77.589,11291762,93.1690521240234,1.583,27.5,10.0,35.0,54.8,0.0,10.0,20.0,64.6,60.8,10.0,10.0,4986.124364791748
Cuba,CUB,2009,26.9425,,57481481481.4815,1.4513054307407,,77.584,11294719,92.1000823974609,1.67,27.9,10.0,42.0,45.9,0.0,10.0,20.0,67.0,64.4,10.0,10.0,5089.23519757167
Cuba,CUB,2010,28.1815,,59562962962.963,2.39035229650723,,77.876,11297409,92.4079409432897,2.5,26.7,10.0,43.0,45.9,0.0,10.0,20.0,66.7,61.7,0.0,10.0,5272.267558248355
Cuba,CUB,2011,27.7479,,68990000000.0,2.80230083647626,,78.051,11301571,92.221518431358,3.18,27.7,10.0,44.0,49.0,0.0,10.0,20.0,71.6,62.2,0.0,10.0,6104.461052361658
Cuba,CUB,2012,28.8886,,73141000000.0,3.01490028898772,,78.162,11303175,90.9268566341812,3.46,28.3,10.0,37.0,61.5,0.0,10.0,20.0,71.3,62.7,0.0,10.0,6470.83673392653
Cuba,CUB,2013,29.0223,,77148000000.0,2.74760256257211,,78.028,11298167,91.3310039372362,3.29,28.5,10.0,42.0,62.7,0.0,10.0,20.0,67.4,62.7,0.0,10.0,6828.364282453959
Cuba,CUB,2014,26.9056,,80656100000.0,1.04757663187654,,77.825,11285775,95.9867990183168,2.7,28.7,10.0,41.2,60.0,0.0,20.0,20.0,65.8,60.0,0.0,10.0,7146.704590513279
Cuba,CUB,2015,29.4411,,87132800000.0,4.4383335888395,,77.745,11275065,96.0929099069438,2.4,29.6,10.0,46.0,61.8,0.0,20.0,20.0,64.8,63.8,0.0,10.0,7727.919972079983
Cuba,CUB,2016,27.3043,,91370407900.0,0.512843095700745,,77.571,11265612,97.8005641142909,2.0,29.8,10.0,46.0,52.1,0.0,20.0,20.0,65.2,64.6,10.0,10.0,8110.558742836164
Cuba,CUB,2017,26.5091,,96850649700.0,1.80979178380274,,77.3,11247829,98.8916381409707,1.7,33.9,32.4,41.8,51.3,0.0,20.0,20.0,66.0,64.5,10.0,10.0,8610.608296054288
Cuba,CUB,2018,26.7819,,100050036100.0,2.24794852913217,,77.426,11227118,99.5805926474392,1.7,31.9,29.7,38.1,49.0,0.0,20.0,20.0,66.4,64.7,10.0,10.0,8911.462059987256
Cuba,CUB,2019,22.292,,103427600000.0,-0.163087223606624,,77.413,11202846,100.467809909244,1.705,27.8,31.6,37.7,48.8,0.0,20.0,20.0,65.6,64.0,10.0,10.0,9232.261159351829
Cuba,CUB,2020,18.4817,,107352000000.0,-10.9494359030206,,77.407,11176354,101.487990578922,2.233,26.9,20.1,38.7,49.5,0.0,20.0,20.0,64.1,65.6,10.0,10.0,9605.27914559614
Cuba,CUB,2021,21.7552,,,1.25448735650322,,73.201,11122168,100.016181545784,2.11,28.1,27.7,48.7,47.1,0.0,20.0,20.0,64.6,64.2,10.0,10.0,
Cuba,CUB,2022,19.7637,,,1.77465227724316,,77.629,11059820,103.627148989561,1.829,29.5,31.5,39.9,48.4,0.0,41.1,20.0,61.8,64.0,10.0,10.0,
Cuba,CUB,2023,20.0277,,,-1.92937123169681,,78.085,11019931,95.5986574273359,1.73,24.3,31.7,15.5,51.9,0.0,41.1,20.0,15.3,59.6,10.0,10.0,
Cuba,CUB,2024,21.0042,,,-1.06173273220524,,78.264,10979783,91.7456844321038,1.755,25.7,30.1,36.2,51.9,0.0,41.5,20.0,20.3,72.8,10.0,10.0,
Cuba,CUB,2025,,,,,,,10937203,,1.746,25.4,29.9,33.4,51.9,0.0,42.3,20.0,20.0,72.8,10.0,10.0,
Cyprus,CYP,2001,6.9985,9.08590170377257,10397898907.1038,3.95256258200938,1.97304191729917,78.185,964127,93.4450607299805,4.043,71.0,90.0,50.0,71.4,58.9,85.0,,86.2,77.0,50.0,70.0,10784.781369159664
Cyprus,CYP,2002,7.176,9.66223830535239,11420228846.1538,3.72297491128981,2.80115505180745,78.758,981440,96.9152069091797,3.336,73.0,90.0,70.0,71.2,58.9,85.0,,83.5,78.8,50.0,70.0,11636.196656090846
Cyprus,CYP,2003,7.8441,6.24270945639917,14547329558.3239,2.62329962315329,4.13906538686852,78.908,999590,97.5562286376953,4.153,73.3,90.0,70.0,70.7,59.8,85.0,,85.0,79.4,50.0,70.0,14553.296409851939
Cyprus,CYP,2004,7.7891,6.459620091748,17320551250.0,5.02627226665527,2.28621706801678,79.007,1017875,96.2935333251953,4.77,74.1,90.0,70.0,81.4,56.2,85.0,,84.6,79.4,50.0,70.0,17016.383396782512
Cyprus,CYP,2005,7.906,6.30362669067508,18433412510.8817,4.85298762175586,2.56016132330235,79.198,1036151,94.0052337646484,5.481,71.9,90.0,61.0,79.0,57.4,85.0,70.0,83.0,73.6,50.0,70.0,17790.276234720324
Cyprus,CYP,2006,8.0115,9.32556556614527,20072754986.8272,4.71378358593959,2.30468732978553,79.456,1054418,93.1404724121094,4.593,71.8,90.0,54.0,79.1,48.3,70.0,70.0,84.4,82.4,70.0,70.0,19036.809867459775
Cyprus,CYP,2007,8.3089,9.57345612845137,23968727073.6381,5.09822614854798,2.37265183669718,79.798,1072714,92.9139404296875,3.946,71.7,90.0,57.0,79.4,44.8,70.0,70.0,84.7,81.6,70.0,70.0,22344.005087691687
Cyprus,CYP,2008,8.4942,44.3647557897632,27958384913.4219,3.64698922103939,4.66900841902491,79.906,1091026,92.3691635131836,3.756,71.3,90.0,56.0,78.2,43.0,70.0,70.0,85.0,81.0,70.0,70.0,25625.77327526741
Cyprus,CYP,2009,8.2874,252.66766836908,26048190775.3879,-2.01508203683694,0.326276652249793,80.375,1109371,91.9261779785156,5.594,70.8,90.0,53.0,76.6,42.2,70.0,70.0,85.7,80.8,70.0,70.0,23480.14395129123
Cyprus,CYP,2010,7.9141,125.272736246416,25799940416.0167,2.28267100119788,2.43004084102251,80.632,1127816,91.440803527832,6.359,70.9,80.0,64.0,72.7,44.8,80.3,61.5,82.9,82.5,70.0,70.0,22876.019152075074
Cyprus,CYP,2011,7.6571,151.736913469908,27641553201.0506,0.416711868408683,3.2894493956421,80.855,1146493,92.8256225585938,7.942,73.3,80.0,66.0,74.6,45.6,80.1,71.4,87.6,82.6,75.0,70.0,24109.65719027556
Cyprus,CYP,2012,7.1222,289.858155745793,25047433099.5891,-3.44738151374587,2.38905410042326,81.128,1165397,95.2998504638672,12.097,71.8,70.0,63.0,83.3,37.1,81.6,69.9,85.7,82.1,75.0,70.0,21492.618480731544
Cyprus,CYP,2013,6.4407,108.090333712845,23959708956.2926,-6.58747751118347,-0.399357676464425,81.317,1183895,97.9726409912109,16.131,69.0,70.0,63.0,79.8,32.7,80.7,62.8,84.1,81.8,75.0,60.0,20238.035430754077
Cyprus,CYP,2014,6.8173,233.165814267121,23225912183.4991,-1.77605867728616,-1.35498885446315,81.337,1201801,97.8358383178711,16.277,67.6,70.0,64.0,79.7,36.2,79.7,70.2,78.8,82.8,65.0,50.0,19325.921831899872
Cyprus,CYP,2015,6.8562,137.220747221649,19909269064.8473,3.41892038889013,-2.0969976905312,81.464,1219502,98.9578094482422,15.026,67.9,70.0,63.0,79.5,36.7,79.5,59.6,82.7,88.0,70.0,50.0,16325.737116337079
Cyprus,CYP,2016,7.2219,15.8272346194166,21046452117.3759,6.57359080924678,-1.42916666666665,81.534,1237112,98.830940246582,13.006,68.7,70.0,63.0,76.1,47.3,74.5,58.2,85.3,88.0,75.0,50.0,17012.56807578934
Cyprus,CYP,2017,7.3632,184.054180339924,22946583375.5506,5.75083236554525,0.531766496174467,81.543,1254275,99.5133590698242,11.155,67.9,75.4,53.6,73.0,48.8,75.8,58.6,83.3,87.0,75.0,50.0,18294.69883044037
Cyprus,CYP,2018,7.214,307.086610313426,25754011492.2204,6.27166360056404,1.43549119531759,81.556,1270737,99.4265899658203,8.504,67.8,71.2,41.3,75.2,52.9,77.0,55.7,83.0,86.9,75.0,60.0,20266.987970146776
Cyprus,CYP,2019,7.2168,431.788575910459,26196660680.1176,5.87559583386607,0.250370996758493,81.454,1286671,101.017471313477,7.155,68.1,73.1,43.7,74.9,55.2,76.9,59.5,84.0,86.0,75.0,60.0,20360.03040413408
Cyprus,CYP,2020,6.8024,-296.013333456363,25555082266.6429,-3.22063018637567,-0.638422797978861,81.23,1302247,101.935836791992,7.755,70.1,77.4,57.6,74.8,58.6,76.6,59.7,84.3,86.4,75.0,60.0,19623.836543023634
Cyprus,CYP,2021,6.9192,21.8171208826836,30372637513.1352,11.3975590801512,2.44608867175474,80.573,1317309,102.047653198242,7.513,71.4,78.5,65.0,80.2,52.1,76.1,60.5,85.0,84.0,75.0,60.0,23056.577851616592
Cyprus,CYP,2022,7.2231,0.172623567791445,31218047043.8386,8.73854684881674,8.39548297993334,80.434,1331370,103.827629089355,6.806,72.9,85.6,62.9,80.3,44.3,74.9,66.4,83.9,79.2,75.0,60.0,23448.062554991175
Cyprus,CYP,2023,7.2032,-63.1546391215421,35075440602.5202,3.62045368236082,3.54134188751646,81.648,1344976,105.159156799316,5.835,72.3,83.0,89.7,80.8,45.8,74.9,66.5,81.5,78.6,75.0,60.0,26078.859847700034
Cyprus,CYP,2024,7.3411,-133.824213233455,37634551820.7367,3.94076934447787,1.80023018624824,81.821,1358282,106.741279602051,4.9,72.2,83.7,55.9,79.9,45.5,78.6,66.7,74.5,79.2,75.0,60.0,27707.46562255607
Cyprus,CYP,2025,,,41225787247.3309,3.77325347982725,0.126528851920189,,1370754,,4.924,73.2,83.7,57.3,79.9,51.2,78.9,61.9,76.1,79.6,75.0,60.0,30075.263137901406
Czech Republic,CZE,2001,132.2272,8.27868500809023,68135304463.9641,2.9172195289956,4.66267556988258,75.1731707317073,10216605,94.5851364135742,8.128,70.2,70.0,46.0,67.5,49.6,85.0,,81.2,72.8,70.0,90.0,6669.074948474969
Czech Republic,CZE,2002,127.4031,10.2854716819753,82607869609.574,1.51345949139996,1.90298097019027,75.2219512195122,10196916,95.2897491455078,7.28,66.5,70.0,43.0,66.8,33.7,70.0,,82.2,73.0,70.0,90.0,8101.260185881104
Czech Republic,CZE,2003,130.6674,2.01250274928445,100435924704.881,3.300836832613,0.118739205526815,75.1707317073171,10193998,96.0471115112305,7.777,67.5,70.0,39.0,67.2,45.6,70.0,,81.9,73.6,70.0,90.0,9852.45677945797
Czech Republic,CZE,2004,131.5325,5.34629831368761,120147899983.657,4.73633969683438,2.76010781671153,75.7219512195122,10197101,95.4745712280273,8.298,67.0,70.0,37.0,67.0,40.9,70.0,,84.6,73.4,70.0,90.0,11782.554667611608
Czech Republic,CZE,2005,129.0481,10.0027291342114,137264185596.1,6.37502886086791,1.85709789109228,75.9243902439025,10211216,96.0492401123047,7.927,64.6,70.0,39.0,68.2,15.1,70.0,57.7,88.9,76.8,70.0,90.0,13442.491628430933
Czech Republic,CZE,2006,130.7913,4.56488300562003,156236258386.589,6.62317299177447,2.53399258343633,76.5243902439024,10238905,97.459716796875,7.141,66.4,70.0,42.0,68.8,36.8,57.8,60.3,85.9,82.4,70.0,90.0,15259.078816200461
Czech Republic,CZE,2007,132.3365,7.26984053281639,190040702286.917,5.48882595164517,2.8531243721117,76.7243902439025,10298828,97.7152786254883,5.316,67.4,70.0,43.0,69.9,47.1,61.1,59.7,86.3,86.6,70.0,80.0,18452.653281219667
Czech Republic,CZE,2008,126.1208,3.72734017480649,236506264753.95,2.61226807205139,6.3586638015237,76.9756097560976,10384603,98.0813293457031,4.392,68.1,70.0,48.0,71.3,45.6,64.2,66.1,80.3,86.0,70.0,80.0,22774.70450762056
Czech Republic,CZE,2009,119.7126,2.54701925348654,206971882704.716,-4.79832416684926,1.0193773532923,77.0780487804878,10443936,97.9063034057617,6.662,69.4,70.0,52.0,80.2,43.0,65.1,67.8,79.7,85.8,70.0,80.0,19817.421583655436
Czech Republic,CZE,2010,120.9946,4.81502985527419,211168667286.27,2.71466509907701,1.47272727272728,77.4243902439025,10474410,98.6544189453125,7.281,69.8,65.0,52.0,80.1,45.6,65.5,76.4,75.6,87.5,70.0,80.0,20160.435507705923
Czech Republic,CZE,2011,118.1188,1.80994155301699,231429378717.312,1.77238085338473,1.9172191363555,77.8731707317073,10496088,99.4467315673828,6.712,70.4,65.0,49.0,81.0,44.8,69.8,77.0,80.0,87.6,70.0,80.0,22049.10807886824
Czech Republic,CZE,2012,114.029,4.48424380759869,210363223087.728,-0.770668190622743,3.28762306610411,78.0756097560976,10510785,99.7749633789062,6.979,69.9,70.0,46.0,82.0,36.8,67.7,77.9,81.5,87.1,70.0,80.0,20014.03540151644
Czech Republic,CZE,2013,109.5328,3.45386726376292,213024360541.119,-0.0418124160447491,1.4382978723404,78.1756097560976,10514272,106.875068664551,6.953,70.9,70.0,44.0,82.0,43.5,65.8,85.5,81.7,86.8,70.0,80.0,20260.49549993751
Czech Republic,CZE,2014,107.2391,3.83510153423089,210911285077.683,2.24521219862635,0.343988589646794,78.8243902439024,10525347,106.118507385254,6.108,72.2,70.0,45.3,81.7,43.8,70.1,84.0,79.4,87.8,80.0,80.0,20038.416318025716
Czech Republic,CZE,2015,108.2916,0.898913491904098,189107698561.919,4.95875848915604,0.309364548494975,78.5780487804878,10546059,104.810516357422,5.048,72.5,75.0,48.0,81.5,40.6,68.2,82.9,81.2,88.0,80.0,80.0,17931.598767076783
Czech Republic,CZE,2016,109.8148,5.47566421423918,198160659303.939,2.58087013921376,0.683504209385703,79.0268292682927,10566332,103.015083312988,3.952,73.2,75.0,51.0,82.5,47.3,66.6,77.7,84.1,88.0,80.0,80.0,18753.968671809573
Czech Republic,CZE,2017,110.3808,5.07066240955503,221563575696.217,5.17356529967881,2.4505339846014,78.9780487804878,10594438,102.204696655273,2.893,73.3,70.3,55.9,82.9,45.3,67.2,77.7,85.8,87.0,80.0,80.0,20913.197632212017
Czech Republic,CZE,2018,109.3448,3.30353998283407,251992360762.236,2.83030588267866,2.14949494949493,79.0292682926829,10629928,101.514892578125,2.246,74.2,73.0,51.1,82.9,48.6,72.5,76.8,85.2,86.9,80.0,80.0,23705.93298112988
Czech Republic,CZE,2019,103.7793,4.18705737619001,256794209028.77,3.56577658128261,2.84787595918041,79.2292682926829,10671870,100.21556854248,2.015,73.7,74.8,52.1,82.6,52.1,72.4,78.1,81.5,86.0,80.0,80.0,24062.71900133435
Czech Republic,CZE,2020,94.8596,3.39114066226469,251109660602.536,-5.30487955463876,3.1612952849781,78.2268292682927,10697858,99.3292617797852,2.55,74.8,76.8,64.2,82.0,52.7,69.7,77.6,80.8,86.4,80.0,80.0,23472.891545441715
Czech Republic,CZE,2021,99.5152,4.43029524586196,290972714482.313,4.02901832055149,3.83984491500146,77.2219512195122,10505772,102.089942932129,2.803,73.8,76.2,64.4,79.1,51.4,68.8,77.1,79.7,84.0,70.0,80.0,27696.461952754446
Czech Republic,CZE,2022,97.6888,3.02937517288668,301831228325.556,2.8471706583814,15.1001651468371,78.9292682926829,10672118,102.935562133789,2.224,74.4,88.8,59.6,78.9,44.7,80.6,56.5,79.0,79.2,70.0,80.0,28282.223671585718
Czech Republic,CZE,2023,85.6093,3.4462419046487,345059295659.911,0.0475803308973752,10.6612601372427,79.8268292682927,10864042,97.6154174804688,2.579,71.9,88.5,81.9,79.3,39.5,76.9,56.1,78.0,78.6,70.0,80.0,31761.594410249058
Czech Republic,CZE,2024,77.7492,3.8933976290188,347082562221.377,1.25131096245923,2.43531202435314,79.9780487804878,10905028,,2.6,70.2,89.3,60.7,79.6,36.2,77.3,58.9,68.8,79.2,70.0,80.0,31827.7552539413
Czech Republic,CZE,2025,,,391026962800.475,2.58046673293437,2.45996367838865,,10886878,,2.825,72.9,89.9,62.8,78.9,42.2,81.4,57.9,68.9,79.6,70.0,80.0,35917.27240816651
Côte d'Ivoire,CIV,2001,6.987,1.62207726789971,16810537043.8407,-2.15401249077306,4.36152914007256,51.428,18178913,,5.195,54.8,30.0,26.0,52.1,82.7,55.0,,86.0,61.0,50.0,50.0,924.727294962064
Côte d'Ivoire,CIV,2002,7.3874,1.17744492416162,18054383320.8474,-2.73052647441901,3.07726485157427,51.544,18654771,,5.508,57.3,30.0,27.0,52.2,85.5,55.0,,85.4,61.0,50.0,70.0,967.8158644159931
Côte d'Ivoire,CIV,2003,5.8144,0.778244315036861,21251754340.4305,-4.72586658630681,3.29680746974208,51.443,19125542,,5.847,56.7,30.0,24.0,52.4,90.2,55.0,,78.1,61.0,50.0,70.0,1111.1713508788666
Côte d'Ivoire,CIV,2004,5.9957,1.20362782194335,23510575681.3686,3.18503822575397,1.45798835600741,51.939,19595000,,5.915,57.8,30.0,27.0,52.2,91.7,55.0,,78.4,65.8,50.0,70.0,1199.8252452854606
Côte d'Ivoire,CIV,2005,6.3955,1.45218108383072,24036918703.1747,0.996065564854788,3.88583039886482,52.432,20068458,,6.023,56.6,30.0,21.0,52.0,88.6,55.0,59.9,78.4,61.0,50.0,70.0,1197.7461697941467
Côte d'Ivoire,CIV,2006,6.2787,1.38823180058485,25281413263.3712,2.81557859252327,2.46719148596915,52.885,20546802,,6.017,56.2,30.0,20.0,52.2,88.4,46.4,60.3,80.9,63.6,50.0,70.0,1230.4305683858345
Côte d'Ivoire,CIV,2007,6.2349,1.54311664780089,28760090953.3081,1.10142976793477,1.89200629349598,53.452,21030558,,6.284,54.9,30.0,19.0,52.1,87.8,48.1,59.9,78.6,63.6,40.0,70.0,1367.5381772232624
Côte d'Ivoire,CIV,2008,6.9185,1.37441880759786,34078240293.2559,4.7826659787672,6.30852769152578,54.179,21514439,,6.382,53.9,30.0,21.0,52.3,88.1,47.3,60.2,80.7,59.8,40.0,60.0,1583.970667013716
Côte d'Ivoire,CIV,2009,6.4113,1.17339078576713,33886813250.2036,3.60332156667053,1.01950457731138,54.744,21997940,,6.573,55.0,30.0,21.0,58.1,87.6,45.8,57.8,79.1,70.4,40.0,60.0,1540.4539356959608
Côte d'Ivoire,CIV,2010,7.3149,1.02606239201511,34936307980.063,6.84804939907013,1.2264561213548,55.282,22488065,,6.607,54.1,30.0,20.0,78.3,87.1,43.7,56.1,76.0,64.3,35.0,50.0,1553.548870481431
Côte d'Ivoire,CIV,2011,7.0784,0.822954277239134,36693710801.3976,-5.37044724000579,4.9124339505245,55.972,22982000,,7.144,55.4,30.0,21.0,78.5,88.4,43.3,55.7,80.2,72.2,35.0,50.0,1596.6282656599774
Côte d'Ivoire,CIV,2012,9.0202,0.909737108884904,36302302877.2977,7.62041176451649,1.30451119915606,56.57,23467078,,7.223,54.3,20.0,22.0,78.1,86.6,42.7,56.1,81.7,70.3,35.0,50.0,1546.9460184731008
Côte d'Ivoire,CIV,2013,9.801,0.953203642314205,42760235484.6093,10.7602131311256,2.58117037252936,57.057,23939775,,4.255,54.1,25.0,22.0,77.9,79.8,43.3,54.6,77.8,70.3,40.0,50.0,1786.158620313236
Côte d'Ivoire,CIV,2014,10.4591,0.899528920528967,48843005613.7091,9.37199994240375,0.448682076766141,57.772,24527395,40.4629922041554,3.274,57.7,30.0,22.1,79.1,79.8,55.1,59.0,80.6,71.4,50.0,50.0,1991.3653942340432
Côte d'Ivoire,CIV,2015,11.265,1.07914154751206,45815005169.2651,7.19494942728191,1.25149954781468,58.281,25246342,43.9865647318392,2.573,58.5,35.0,27.0,77.7,82.4,65.4,46.0,75.0,71.4,55.0,50.0,1814.718550880167
Côte d'Ivoire,CIV,2016,11.4035,1.19375800859004,48407761036.8238,7.17275963956332,0.723178457513308,58.814,25989405,46.2425069943643,1.896,60.0,30.0,32.0,78.3,85.4,62.2,46.9,73.5,71.8,70.0,50.0,1862.5959708128678
Côte d'Ivoire,CIV,2017,12.33,1.85673486381973,52512343996.69,7.41076242592504,0.685881065304603,59.315,26733372,49.0863555848622,3.272,63.0,42.6,34.3,78.4,84.6,62.1,50.6,73.2,72.3,75.0,50.0,1964.2993033834266
Côte d'Ivoire,CIV,2018,12.3432,1.05998699614336,58522477786.6889,4.84314605889178,0.401297817263547,59.795,27464173,51.072614509286,2.852,62.0,39.4,36.6,76.4,84.6,62.1,47.6,73.6,73.7,75.0,50.0,2130.8661938114396
Côte d'Ivoire,CIV,2019,13.1832,1.40583048179048,60382894697.3557,6.72137167584978,0.790855512053661,60.274,28193009,53.791930617454,2.401,62.4,40.9,38.1,77.5,83.9,61.0,52.5,74.2,73.6,75.0,50.0,2141.768361701147
Côte d'Ivoire,CIV,2020,13.2881,1.13111245703154,63027852805.4204,0.699728593494228,2.41252617189053,60.14,28915449,55.4380323721262,2.588,59.7,48.5,25.5,77.8,82.5,62.3,49.2,75.7,69.4,75.0,50.0,2179.7293483293447
Côte d'Ivoire,CIV,2021,17.2006,1.91282655892028,72794636653.7793,7.06253713446816,4.15919657911798,60.29,29639736,57.135967003236,2.623,61.7,42.8,27.0,77.6,90.4,60.8,48.9,74.7,73.8,75.0,50.0,2455.98127641148
Côte d'Ivoire,CIV,2022,18.4103,2.2547265327193,70922824813.9102,6.39988362730921,5.23352856100843,61.562,30395002,54.0714108290486,2.31,61.6,45.4,33.8,79.1,89.7,61.0,55.9,71.3,73.6,75.0,50.0,2333.3712830125887
Côte d'Ivoire,CIV,2023,17.925,3.07641433618414,80780312569.1646,6.60000045209176,4.36972254867474,61.944,31165654,63.9607557764462,2.263,60.4,44.4,29.8,79.0,88.5,60.6,56.4,68.3,73.6,75.0,50.0,2591.9659048118997
Côte d'Ivoire,CIV,2024,18.811,3.58346670744132,87113179149.284,6.0195346193922,3.45053028131019,62.11,31934230,65.3065056618336,2.273,58.4,44.1,33.3,78.9,86.7,64.6,57.1,66.3,73.6,75.0,50.0,2727.893522069704
Côte d'Ivoire,CIV,2025,,,99773555666.1988,6.4999999999999,0.125038772593104,,32711547,,2.323,57.8,46.3,36.6,82.2,86.3,65.2,56.8,66.5,70.0,60.0,50.0,3050.102022573216
Democratic Republic of Congo,COD,2001,1.8252,1.37428477040761,7438189100.33333,-2.10017302429294,359.936614264586,52.205,52132646,,3.251,,,,,,,,,,,,142.67814260441202
Democratic Republic of Congo,COD,2002,1.9148,2.1493797198493,8728038525.14034,2.94776518253177,31.5225826025495,52.371,53750524,,3.179,,,,,,,,,,,,162.38052907429034
Democratic Republic of Congo,COD,2003,2.3194,4.37764234247167,8937567059.87754,5.57782231227127,12.8739657187405,52.952,55343867,,3.057,,,,,,,,,,,,161.49155352439575
Democratic Republic of Congo,COD,2004,2.2153,3.97216281770058,10297483481.223,6.73837393320788,3.99438400815971,53.534,56997741,,2.976,,,,,,,,,,,,180.6647649636325
Democratic Republic of Congo,COD,2005,2.4833,1.42746926673699,12609728573.1032,6.1351511550716,21.3168167229341,54.001,58775724,,2.948,,,,,,,,,,,,214.53974047351932
Democratic Republic of Congo,COD,2006,2.5521,1.65396062655392,15484044534.5783,5.10894433184896,13.0526949745101,54.498,60615908,,3.174,,,,,,,,,,,,255.44522956875116
Democratic Republic of Congo,COD,2007,2.8192,9.83955871746128,18374807772.5429,8.58332298445387,16.945100654195,54.954,62477752,33.6185607910156,3.404,,,,,,,,,,,,294.101615124419
Democratic Republic of Congo,COD,2008,2.8927,7.59918523525185,22723488723.3641,7.43333574200602,17.3013845700157,55.388,64390664,35.8376388549805,3.627,,,,,,,,,,,,352.900363371996
Democratic Republic of Congo,COD,2009,2.8105,-1.30701676006767,18607259480.5447,0.541570197421564,2.79999999999982,55.798,66412044,37.3938407897949,3.882,42.8,10.0,19.0,73.3,85.3,34.3,34.5,59.5,62.2,30.0,20.0,280.17899103579316
Democratic Republic of Congo,COD,2010,2.9456,11.3498081290486,24161641931.0331,8.61867717510543,7.10000000000037,56.411,68563038,37.0387916564941,4.098,41.4,10.0,17.0,74.0,90.5,33.5,33.4,58.7,61.7,15.0,20.0,352.400398754692
Democratic Republic of Congo,COD,2011,3.369,6.04729215599495,26392379641.765,-0.403164081254445,15.316515913949,56.911,70849311,38.9499206542969,4.317,40.7,10.0,19.0,73.3,84.5,37.8,37.3,46.7,63.0,15.0,20.0,372.5142738757897
Democratic Republic of Congo,COD,2012,3.0164,9.62926566877035,30029369928.7318,8.66859360586926,9.72182806273364,57.35,73254618,38.8012313842773,4.485,41.1,10.0,20.0,72.5,76.1,38.7,39.0,51.2,63.0,20.0,20.0,409.9314247837836
Democratic Republic of Congo,COD,2013,3.3303,4.86537109127196,34891189160.3002,17.5159124688348,0.808223101487111,57.795,75789395,38.5140419006348,4.469,39.6,10.0,20.0,71.4,60.1,38.7,36.3,56.5,63.0,20.0,20.0,460.37033493010733
Democratic Republic of Congo,COD,2014,3.7162,3.90992337722209,38352980552.8665,7.30227750870263,1.24303889760803,58.236,78403242,41.1783905029297,4.436,40.6,10.0,17.6,69.4,74.6,30.0,38.5,63.0,63.0,20.0,20.0,489.1759520973189
Democratic Republic of Congo,COD,2015,3.5927,2.90127515060918,40179574490.3032,6.35973756164829,0.74419899478147,58.658,81035531,42.1804618835449,4.441,45.0,10.0,22.0,72.9,85.7,42.8,38.4,75.1,63.0,20.0,20.0,495.8266330148833
Democratic Republic of Congo,COD,2016,2.9906,2.41546438746157,38600224214.4728,0.393832798154563,2.88585107289988,59.081,83956415,,4.528,46.4,10.0,22.0,73.3,95.2,42.8,41.0,78.5,61.0,20.0,20.0,459.76503659038804
Democratic Republic of Congo,COD,2017,3.2547,2.79181852942997,37537521565.5308,4.24121047272719,,59.495,87083398,,4.613,56.4,40.6,28.6,73.4,94.7,59.9,38.4,78.6,64.6,30.0,20.0,431.05255912878823
Democratic Republic of Congo,COD,2018,4.1619,3.01664160584951,46659954092.4862,6.07168870646615,,59.926,90047644,,4.632,52.1,24.1,27.3,73.2,94.8,60.2,47.8,60.3,64.6,30.0,20.0,518.1696268753706
Democratic Republic of Congo,COD,2019,4.4459,2.88391132652101,46845900350.0332,0.555384294580819,,60.242,92947442,,4.605,50.3,25.3,26.2,73.8,93.9,53.2,41.9,49.1,62.6,30.0,20.0,504.0041914228603
Democratic Republic of Congo,COD,2020,4.6314,3.20844071096691,46691989748.9186,0.775427992354622,,60.428,95989998,,5.355,49.5,30.1,13.1,74.4,95.4,51.2,41.6,49.6,64.6,30.0,20.0,486.42557268225596
Democratic Republic of Congo,COD,2021,4.6277,2.84027556004194,59067289573.5102,6.42961005647355,,60.044,99148932,55.3636283874512,5.289,49.0,23.0,11.5,71.3,96.0,53.1,40.2,61.7,63.2,30.0,20.0,595.743074403567
Democratic Republic of Congo,COD,2022,6.2475,2.00131622839817,70422346142.2023,9.31116944064918,,60.979,102396968,,4.54,47.6,14.8,11.8,74.4,95.7,28.3,54.0,63.7,68.0,30.0,20.0,687.7385875546852
Democratic Republic of Congo,COD,2023,6.1404,3.40082269757578,69843655425.2929,8.5334898318451,,61.895,105789731,55.4860992431641,4.469,47.9,14.4,12.9,74.4,95.2,31.7,54.4,65.8,68.2,30.0,20.0,660.2120523899706
Democratic Republic of Congo,COD,2024,6.2096,3.84997694352814,75716176105.0704,6.1025294442863,,62.074,109276265,,4.421,47.6,15.1,11.3,74.2,93.0,32.6,55.6,65.6,68.2,30.0,20.0,692.8876650850979
Democratic Republic of Congo,COD,2025,,,91030531316.9936,5.75924471639999,,,112832473,,4.434,47.3,15.6,11.7,74.2,92.4,32.8,54.4,59.4,68.2,30.0,20.0,806.7760007085337
Denmark,DNK,2001,54.7427,5.63216582111414,164881594415.341,0.95003224600012,2.33787000255263,76.7926829268293,5358783,129.876510620117,4.164,68.3,90.0,100.0,31.6,0.0,85.0,,90.3,78.0,70.0,70.0,30768.477547111164
Denmark,DNK,2002,54.2604,2.47818532882922,178788209558.311,0.456530018779986,2.42443661219695,76.8951219512195,5375931,125.105667114258,4.274,71.1,90.0,98.0,32.2,5.9,85.0,,89.6,79.6,70.0,90.0,33257.16225865083
Denmark,DNK,2003,59.6907,0.542449723524164,218421193436.252,0.441091006625101,2.07507820646506,77.1439024390244,5390574,124.619468688965,5.398,73.2,90.0,95.0,32.6,9.9,100.0,,89.9,81.4,70.0,90.0,40519.097490592285
Denmark,DNK,2004,54.1158,-3.49390841296768,251986155630.852,2.77635180744053,1.15435693124934,77.4926829268293,5404523,121.348091125488,5.204,72.4,90.0,95.0,33.6,8.3,100.0,,85.1,79.8,70.0,90.0,46625.05009801087
Denmark,DNK,2005,50.6492,4.8451921902896,265150087711.985,2.35960882992528,1.81781458291254,77.8439024390244,5419432,122.080146789551,4.83,75.3,90.0,95.0,33.9,8.3,100.0,99.9,85.6,80.2,70.0,90.0,48925.8076698785
Denmark,DNK,2006,58.5998,0.841695783435792,283386151543.687,3.81648769908172,1.92422138464584,78.0951219512195,5437272,118.173477172852,3.897,75.4,90.0,95.0,35.5,9.3,94.6,99.9,87.2,82.4,70.0,90.0,52119.17879842815
Denmark,DNK,2007,53.8693,3.68799602330786,320213157595.018,0.987173815945127,1.69326586220324,78.1951219512195,5461438,117.994140625,3.801,77.0,90.0,95.0,34.2,12.8,94.8,99.9,86.8,86.6,80.0,90.0,58631.65664336352
Denmark,DNK,2008,50.6018,0.617279543987987,354979471960.142,-0.417178439991005,3.41626794258374,78.4463414634146,5493621,117.272972106934,3.683,79.2,90.0,95.0,35.0,19.8,99.9,100.0,86.5,86.0,90.0,90.0,64616.665758366296
Denmark,DNK,2009,48.4089,1.17142791849018,322619152194.594,-4.97447905669058,1.30470991024336,78.5975609756098,5523095,117.131889343262,6.409,79.6,95.0,94.0,35.4,20.4,99.9,99.4,86.6,85.8,90.0,90.0,58412.747235851275
Denmark,DNK,2010,48.56,-3.56794135328115,322345594075.47,1.58289703108802,2.31092436974786,79.1,5547683,118.944053649902,7.746,77.9,90.0,93.0,35.9,22.0,97.9,93.7,79.3,87.5,90.0,90.0,58104.54455949808
Denmark,DNK,2011,43.4849,3.93792637361731,344315595263.175,1.3108037609606,2.7586822605125,79.8,5570572,121.816520690918,7.769,78.6,90.0,93.0,43.2,19.5,99.7,92.1,81.4,87.6,90.0,90.0,61809.73789822212
Denmark,DNK,2012,38.5966,-5.00312031968255,326792574244.963,-0.0054323016167074,2.3979148566464,80.0512195121951,5591572,124.577186584473,7.798,76.2,90.0,93.0,39.8,0.0,99.1,92.1,80.7,87.1,90.0,90.0,58443.77471039683
Denmark,DNK,2013,40.3352,0.197410828523168,344631016965.12,1.39267343161971,0.789071780078062,80.3,5614932,131.692306518555,7.384,76.1,90.0,94.0,39.8,5.9,98.4,91.1,80.0,86.8,85.0,90.0,61377.59405904114
Denmark,DNK,2014,36.1972,1.86415567840611,352832602064.452,1.27799983192831,0.56402054044954,80.7,5643475,132.451354980469,6.925,76.1,90.0,93.7,39.3,0.5,98.1,91.2,80.0,87.8,90.0,90.0,62520.45097470123
Denmark,DNK,2015,34.0712,0.61075067778712,301758922337.637,2.10441456445301,0.452034153691575,80.7024390243902,5683483,133.795471191406,6.278,76.3,95.0,91.0,39.6,1.8,97.4,92.1,87.6,88.0,90.0,80.0,53094.01336075731
Denmark,DNK,2016,35.6784,2.49983169836595,312181849372.233,3.07304549209093,0.250000000000031,80.8536585365854,5728010,131.441299438477,5.989,75.3,95.0,92.0,39.5,2.3,95.4,86.0,84.4,88.0,90.0,80.0,54500.92604102175
Denmark,DNK,2017,33.5457,1.08780490285886,331610593961.988,3.05647723922718,1.14713216957602,81.1024390243903,5764980,130.324432373047,5.833,75.1,86.7,84.9,37.2,5.7,93.9,85.8,85.5,87.0,90.0,80.0,57521.55149922254
Denmark,DNK,2018,33.5379,2.46670057625106,355293374912.393,1.8600074900921,0.813609467455631,80.9536585365854,5793636,129.849563598633,5.131,76.6,84.8,84.1,41.4,10.6,92.5,82.8,86.4,86.9,90.0,80.0,61324.76650455655
Denmark,DNK,2019,30.0794,-1.10067098319484,345401473012.615,1.71140093932736,0.75813157251162,81.4512195121951,5814422,129.311126708984,5.018,76.7,86.2,85.8,42.0,14.4,90.7,86.4,84.1,86.0,90.0,80.0,59404.26632477226
Denmark,DNK,2020,27.7879,0.363874538682217,355631021931.621,-1.78010601831291,0.420711974110025,81.6024390243903,5831404,129.995193481445,5.644,78.3,86.3,93.0,42.0,19.7,88.7,86.2,84.6,86.4,90.0,80.0,60985.488560151374
Denmark,DNK,2021,29.5641,4.18538817542322,406110162088.054,6.50025445756295,1.85304543989689,81.4048780487805,5856733,131.772018432617,5.065,77.8,86.7,93.4,43.7,23.1,88.8,73.8,84.5,84.0,90.0,80.0,69340.73349221384
Denmark,DNK,2022,28.4942,6.9048667972729,400114306337.077,0.443832614908331,7.6965669988926,81.3048780487805,5903037,130.326995849609,4.434,78.0,98.6,99.5,42.3,21.1,89.0,64.4,85.7,79.2,90.0,80.0,67781.09409395147
Denmark,DNK,2023,26.2104,2.0346382929142,404651706117.557,0.604587766175584,3.30517811237606,81.7536585365854,5946952,126.98078918457,5.094,77.6,97.5,88.5,42.1,20.9,89.0,64.8,82.4,78.6,90.0,80.0,68043.54669712434
Denmark,DNK,2024,25.5708,4.29658848924698,424524722037.047,3.47783593140312,1.37220049768926,82.2536585365854,5976992,125.628089904785,5.358,77.8,98.6,97.4,41.8,26.8,92.7,64.9,74.3,79.2,90.0,80.0,71026.4832271897
Denmark,DNK,2025,,,462526660468.393,2.92843280014236,1.89367372703044,,6009169,,5.529,79.1,99.3,98.0,45.0,33.6,93.0,64.9,76.6,79.6,90.0,80.0,76970.15352179194
Djibouti,DJI,2001,0.755,0.592742006829803,572417440.820162,,1.74665224985434,57.506,771313,,26.597,58.3,50.0,30.0,87.1,67.3,55.0,,84.0,51.0,50.0,50.0,742.133791107063
Djibouti,DJI,2002,0.7829,0.580649337298248,591122039.601398,,0.63761955366632,57.824,795574,,26.589,57.8,50.0,30.0,78.8,67.3,55.0,,87.8,51.0,50.0,50.0,743.013270420348
Djibouti,DJI,2003,0.8269,2.28673980374562,622044665.515049,,1.98196734627545,58.041,813519,,26.484,55.7,30.0,30.0,80.1,67.9,55.0,,87.0,51.0,50.0,50.0,764.6344652245971
Djibouti,DJI,2004,0.7915,5.78669482576557,666072101.777505,,3.12226204699352,58.103,826124,,26.441,55.6,30.0,30.0,80.5,73.5,55.0,,88.7,43.0,50.0,50.0,806.2616529449635
Djibouti,DJI,2005,0.7541,3.13326292887826,708633194.726566,,3.10496640148299,58.548,839167,,26.448,55.2,30.0,30.0,80.3,67.5,55.0,59.7,86.9,43.0,50.0,50.0,844.4483573908005
Djibouti,DJI,2006,0.7235,14.0839401368509,768873684.032838,,3.48340699677866,58.962,855764,,26.382,53.2,30.0,30.0,80.3,60.0,38.3,59.9,84.8,28.6,50.0,70.0,898.4646281367736
Djibouti,DJI,2007,0.7502,23.0388936446947,847918929.107984,,4.96597654553301,59.362,874528,,26.292,52.4,30.0,30.0,80.5,60.0,38.3,59.3,79.0,36.4,50.0,60.0,969.5732201919024
Djibouti,DJI,2008,0.8069,22.785843817934,999105339.267729,,11.9586206896552,59.815,892734,,26.183,51.2,30.0,30.0,80.8,57.8,37.7,59.6,78.3,28.2,50.0,60.0,1119.1523334696888
Djibouti,DJI,2009,0.7283,9.2325515288363,1049110684.72493,,1.67549587285963,60.351,911527,,26.325,51.3,30.0,29.0,80.8,59.4,38.1,57.9,76.6,31.8,50.0,60.0,1150.9375857488917
Djibouti,DJI,2010,0.8116,3.23415329697175,1128611700.3618,,3.95007875923886,60.743,930251,,26.368,51.0,30.0,30.0,78.2,58.9,35.7,55.3,70.5,31.9,60.0,60.0,1213.2335255342912
Djibouti,DJI,2011,0.6271,6.37538483893525,1239144501.77525,,5.0687139477798,61.337,948558,,26.31,54.5,30.0,28.0,79.6,50.5,32.9,67.7,76.6,59.6,60.0,60.0,1306.3455284497627
Djibouti,DJI,2012,0.796,8.1261509172004,1353632941.5207,,3.73120950756887,61.719,966747,,26.179,53.9,30.0,32.0,80.3,42.4,30.5,61.6,77.2,59.6,65.0,60.0,1400.193578589538
Djibouti,DJI,2013,0.8754,13.9893763417185,2044440443.16654,,2.70603242872186,62.116,984824,,26.149,53.9,30.0,30.0,79.4,48.8,30.0,59.6,76.6,59.6,65.0,60.0,2075.9449842474796
Djibouti,DJI,2014,0.8835,6.88983261287099,2220637966.25047,7.19298728463697,1.34186494340162,62.427,1002717,,26.16,55.9,30.0,30.9,80.6,62.8,42.7,65.1,77.2,54.8,65.0,50.0,2214.62084142432
Djibouti,DJI,2015,0.8163,5.93271216592944,2424391785.43897,7.30898563450799,-0.522166521445793,62.833,1020313,,26.063,57.5,25.0,36.0,81.2,57.1,55.4,66.6,78.9,54.8,70.0,50.0,2376.1255471987224
Djibouti,DJI,2016,0.7455,6.1420623506391,2604955228.70117,7.1234323372872,2.4025290543489,63.335,1037653,,25.982,56.0,25.0,34.0,80.6,57.4,50.8,62.9,74.3,54.6,70.0,50.0,2510.4300076240997
Djibouti,DJI,2017,0.6766,5.97013597143086,2762581334.22612,5.458091517212,0.577285724560661,63.71,1054841,,26.064,46.7,12.3,32.6,80.9,39.5,51.6,59.0,75.3,54.9,80.0,50.0,2618.955211473691
Djibouti,DJI,2018,0.7356,5.83497725047345,2913464658.08768,4.77433934943193,0.138836400011405,64.105,1071882,,26.18,45.1,19.0,29.0,69.8,27.2,51.7,58.9,69.5,54.9,80.0,50.0,2718.0833879920365
Djibouti,DJI,2019,0.8336,5.66550441566635,3088851450.30694,5.54508081154978,3.31763203299603,64.381,1088709,,26.257,47.1,29.7,28.1,76.2,27.3,54.7,60.4,72.7,50.4,80.0,50.0,2837.1690234093226
Djibouti,DJI,2020,0.7459,5.03254315668511,3144136196.6228,1.2021151728969,1.77900535643955,64.2,1105188,,27.701,52.9,58.8,25.5,75.3,53.6,62.3,60.6,76.5,49.8,80.0,50.0,2844.8881064785355
Djibouti,DJI,2021,0.8197,4.91482788768696,3392796953.08939,4.40715667561153,1.18086783934059,63.83,1121248,,27.628,56.2,42.8,27.9,79.6,80.4,63.3,49.4,70.4,43.2,60.0,50.0,3025.91126413549
Djibouti,DJI,2022,0.8668,5.24930012962196,3562814908.76149,5.16653702854374,5.17222088647606,65.54,1137096,,26.272,55.3,33.1,24.5,80.0,83.3,48.6,50.7,69.5,43.2,60.0,50.0,3133.2577977246333
Djibouti,DJI,2023,0.88,3.51446231641349,3898447007.38798,6.80733529403308,1.44905087029086,65.987,1152944,,26.074,56.1,31.5,28.2,83.6,82.2,48.3,50.8,72.2,49.9,60.0,50.0,3381.297797107214
Djibouti,DJI,2024,0.8947,1.63337101411676,4152145939.98458,6.98048467276334,2.1120116728497,66.202,1168722,,26.007,55.8,31.4,26.2,83.6,83.7,49.9,50.0,67.5,49.8,60.0,50.0,3552.723350792216
Djibouti,DJI,2025,,,4624533092.31886,6.4954610524268,-0.313731799533481,,1184076,,26.015,55.7,30.6,27.7,83.5,86.2,53.7,52.8,70.3,49.8,50.0,50.0,3905.6049546810004
Dominica,DMA,2001,0.0545,3.87696994458447,377462962.962963,-0.0638434428881567,1.3038940346596,71.862,68288,109.117523193359,,,,,,,,,,,,,5527.515273004964
Dominica,DMA,2002,0.0492,5.34525004766951,375200000.0,-3.08742052359268,0.170055330197681,71.927,68367,112.225051879883,,,,,,,,,,,,,5488.027849693565
Dominica,DMA,2003,0.056,8.39561947401853,373318518.518519,5.80495468629533,1.45336800437251,71.942,68531,117.79776763916,,,,,,,,,,,,,5447.440114962848
Dominica,DMA,2004,0.0598,6.49739806247027,396711111.111111,4.09783662273917,2.39410982050298,71.987,68649,114.818801879883,,,,,,,,,,,,,5778.833065465061
Dominica,DMA,2005,0.0589,4.83084578819671,391455555.555556,0.915286472779144,1.68190079877553,72.016,68734,114.346900939941,,,,,,,,,,,,,5695.224423946751
Dominica,DMA,2006,0.0625,6.28236832373597,416674074.074074,4.40077479812059,2.2023913263167,72.007,68806,113.30908203125,,,,,,,,,,,,,6055.781095748539
Dominica,DMA,2007,0.0756,9.08254423496638,444685185.185185,5.3579375575878,3.63222129317821,71.901,68847,112.818580627441,,,,,,,,,,,,,6459.035036896089
Dominica,DMA,2008,0.0736,11.7112903770296,480003703.703704,7.12131217762231,6.35992183336295,71.945,68854,110.860000610352,,,,,,,,,,,,,6971.32633839289
Dominica,DMA,2009,0.075,11.0100917882515,515618518.518519,-1.13575145648322,0.0062635710706685,71.835,68864,111.792961120605,,62.6,60.0,56.0,67.4,52.2,76.4,70.0,79.8,74.2,60.0,30.0,7487.490103951542
Dominica,DMA,2010,0.0773,10.9887086593887,519859259.259259,-0.105610857694984,2.99936630549,71.68,68859,108.655853271484,,63.2,65.0,60.0,67.7,49.8,75.4,65.2,80.0,74.3,65.0,30.0,7549.619646803743
Dominica,DMA,2011,0.0595,9.48510899097882,532081481.481481,0.0427388878891435,1.1312313652648,71.517,69053,109.177848815918,,63.3,65.0,59.0,69.5,45.8,74.8,62.8,86.3,74.3,65.0,30.0,7705.40717248318
Dominica,DMA,2012,0.0543,10.823245661111,520355555.555556,-0.15739179314221,1.3567714780886,71.391,69118,102.783400809717,,61.6,60.0,52.0,68.8,43.8,80.5,61.9,85.0,74.3,60.0,30.0,7528.51001990156
Dominica,DMA,2013,0.0599,7.09315981024728,545325925.925926,0.0045039972976042,-0.0464116468805992,71.228,69715,,,63.9,60.0,52.0,72.0,50.1,77.0,68.8,85.3,74.3,70.0,30.0,7822.217972113978
Dominica,DMA,2014,0.0669,2.15759020953855,572255555.555555,2.33521742067693,0.799250372687492,71.189,70373,93.3871994018555,,65.2,60.0,53.5,72.9,61.7,75.0,70.7,85.8,72.7,70.0,30.0,8131.748760967345
Dominica,DMA,2015,0.0724,1.22782053461875,583177777.777778,-3.37338262476895,-0.84382698463833,69.968,70410,95.9454803466797,,66.1,60.0,58.0,73.6,61.5,71.6,68.7,89.5,72.8,75.0,30.0,8282.598747021419
Dominica,DMA,2016,0.0777,6.89801855079428,612711111.111111,1.44724556489263,0.141816225732312,71.189,69606,,,67.0,60.0,58.0,74.0,68.5,73.3,68.7,90.1,72.6,75.0,30.0,8802.561720413629
Dominica,DMA,2017,0.0692,4.02538103514499,563355555.555555,-7.5443637547282,0.296252889279487,68.62,68496,,,63.7,43.8,40.9,73.2,67.5,72.1,59.0,89.5,72.6,75.0,30.0,8224.648965714128
Dominica,DMA,2018,0.0715,12.4606230458607,628244444.444444,2.964010610466,0.98919111918989,71.378,68174,,,64.5,48.6,49.9,72.9,64.8,71.7,57.7,86.6,62.6,75.0,30.0,9215.308540564496
Dominica,DMA,2019,0.0862,9.78484788732394,644259259.259259,3.94809757938053,1.50462353858141,71.305,67880,105.625543006082,,63.6,49.2,54.5,72.1,53.5,70.7,60.4,85.7,68.2,70.0,30.0,9491.149959623734
Dominica,DMA,2020,0.0771,4.31749235024332,528944444.444444,-15.7064024545862,1.22026442242476,71.269,67573,105.181579589844,,60.8,59.8,51.2,70.5,16.0,70.4,60.7,83.5,68.4,70.0,30.0,7827.748426804256
Dominica,DMA,2021,0.0764,5.0343144105378,562911111.111111,5.37983838954712,2.22891330700344,69.832,67202,105.535634244733,,53.0,51.2,51.0,70.0,7.4,68.4,67.0,82.4,55.6,70.0,40.0,8376.404141411134
Dominica,DMA,2022,0.0812,2.71598643499556,623062962.962963,10.3968076616121,2.88490226829353,71.081,66826,105.387588500977,,54.4,68.1,56.2,71.6,8.5,55.8,59.0,84.9,55.6,70.0,40.0,9323.66089490562
Dominica,DMA,2023,0.0814,7.2826833844529,659311111.111111,3.65221012208734,5.08677483158112,71.132,66510,102.585807800293,,59.7,69.1,82.7,76.4,3.1,63.8,59.5,82.6,54.8,70.0,40.0,9912.962127666682
Dominica,DMA,2024,0.0843,8.70431929375585,688881481.481481,2.052738472526,2.73620751873313,71.294,66205,,,54.0,67.9,59.4,76.4,0.0,63.7,49.9,75.8,54.8,70.0,40.0,10405.27877775819
Dominica,DMA,2025,,,723859259.259259,3.05243763087539,2.53385126107135,,65871,,,55.3,68.9,59.9,76.1,0.0,68.0,49.9,76.8,54.6,60.0,40.0,10989.043118508282
Dominican Republic,DOM,2001,19.1483,4.24930666375932,25601823687.5742,2.46937023763239,8.88306848812961,70.553,8720283,,7.262,59.1,30.0,30.0,85.3,93.3,55.0,,79.2,59.4,50.0,50.0,2935.8936731266863
Dominican Republic,DOM,2002,21.0187,3.41225986375611,27137440786.2562,4.48650367045651,5.22336769759447,70.719,8852235,67.816276550293,6.779,58.6,30.0,30.0,85.3,93.3,55.0,,73.1,60.8,50.0,50.0,3065.6032952419587
Dominican Republic,DOM,2003,18.7928,2.88055489904245,21403167848.1444,-1.34935744782766,27.4497127394395,70.856,8980620,,6.938,57.8,30.0,31.0,85.3,93.5,55.0,,71.7,53.4,50.0,50.0,2383.261717803938
Dominican Republic,DOM,2004,17.4255,4.18629057899448,22322387382.494,2.58556667449577,51.4608598338065,70.73,9104892,68.8893127441406,6.303,54.6,30.0,35.0,85.0,92.8,55.0,,69.1,44.4,50.0,30.0,2451.691616165683
Dominican Republic,DOM,2005,18.79,3.12598170087694,35777560683.9366,9.43178931977285,4.19020260472056,71.043,9225034,70.5230407714844,6.587,55.1,30.0,33.0,84.9,89.7,55.0,56.9,56.5,64.8,50.0,30.0,3878.3120673524454
Dominican Republic,DOM,2006,20.5794,4.0356569620282,37879830084.2627,9.17120650955299,7.57280523853074,71.054,9341183,,5.654,56.3,30.0,29.0,85.4,90.1,57.0,54.5,49.3,67.4,50.0,50.0,4055.1427034737144
Dominican Republic,DOM,2007,20.7545,5.12424998266344,43965458508.5056,7.41840577774235,6.14356655248047,71.097,9455658,79.9215469360352,5.158,56.8,30.0,30.0,79.7,90.2,56.7,54.2,63.2,73.8,50.0,40.0,4649.645588758138
Dominican Republic,DOM,2008,20.7204,5.67335967834237,48091433554.186,3.26808671288212,10.6446210953712,71.331,9573130,78.7571563720703,4.764,57.7,30.0,28.0,80.4,88.8,62.6,54.9,69.3,73.0,50.0,40.0,5023.585134035158
Dominican Republic,DOM,2009,19.8411,3.51548540591409,48223781476.8909,1.00345293018719,1.44215131834353,71.587,9695265,80.7119979858398,5.467,59.2,30.0,30.0,85.2,91.1,63.7,55.1,74.1,73.0,50.0,40.0,4973.951869999521
Dominican Republic,DOM,2010,20.9277,3.38320513554667,53801053352.5005,8.40114541209596,6.32993220146146,72.039,9820175,77.9718275378447,5.212,60.3,30.0,30.0,85.3,90.2,62.4,59.6,70.8,80.0,55.0,40.0,5478.6247039895425
Dominican Republic,DOM,2011,21.1274,3.79217588020774,57948261615.957,3.19196227475523,5.79676809206533,72.496,9945621,77.4272200156803,6.087,60.0,30.0,30.0,85.3,89.1,56.4,57.1,77.1,79.8,55.0,40.0,5826.510141091944
Dominican Republic,DOM,2012,21.8849,5.64036946601582,60561635555.6383,2.77567100848816,3.69449707884777,72.817,10070411,77.986106386808,6.722,60.2,30.0,30.0,85.8,91.4,55.5,58.7,75.1,80.1,55.0,40.0,6013.819650026032
Dominican Republic,DOM,2013,21.4839,2.55757225532805,62555417414.582,4.93473300709881,4.830950967408,73.038,10193833,79.1714978028552,7.351,59.7,30.0,26.0,83.7,92.6,53.7,55.6,72.9,77.8,65.0,40.0,6136.594293293014
Dominican Republic,DOM,2014,21.701,3.55938801753347,67014329099.5549,7.11122629673892,2.99864226125219,73.145,10315528,80.11454424521,6.719,61.3,30.0,27.3,83.7,92.3,56.1,55.2,75.7,77.8,75.0,40.0,6496.4516697114195
Dominican Republic,DOM,2015,23.8738,3.13851060913817,70966782572.4386,6.98771131236387,0.836746346724557,72.982,10434829,79.9378896410207,7.605,61.0,30.0,29.0,84.1,87.1,53.5,57.5,76.0,77.8,75.0,40.0,6800.953093954736
Dominican Republic,DOM,2016,24.8714,3.33024928523507,75552902635.7075,6.71974078681295,1.61416607245223,72.889,10551430,80.0944728713855,7.284,61.0,25.0,32.0,84.5,90.2,56.6,56.5,73.1,77.2,75.0,40.0,7160.442009823077
Dominican Republic,DOM,2017,23.7887,4.55025610026855,79070274743.1658,3.93386176401576,3.27955694678546,73.37,10666843,79.9406801126231,5.832,62.9,56.1,30.9,84.6,90.2,52.8,56.2,76.7,77.0,75.0,40.0,7412.715715715119
Dominican Republic,DOM,2018,25.6286,3.22902365102652,84994732049.3461,7.09751640210159,3.56443426013508,73.555,10782053,80.2159299988463,5.861,61.6,51.7,26.2,84.6,90.6,53.2,54.3,77.1,72.4,75.0,40.0,7882.98221584944
Dominican Republic,DOM,2019,28.4615,3.17366550445317,89146130744.723,4.8940301149584,1.81060377042959,73.112,10894043,81.8562360431581,6.356,61.0,50.6,23.2,84.6,90.3,51.9,57.6,79.7,75.8,70.0,40.0,8183.01623600375
Dominican Republic,DOM,2020,26.926,3.13265976088131,78546672406.8291,-7.92905234231061,3.78103179915517,72.636,11008300,80.0444119218853,6.126,60.9,55.8,31.2,84.5,90.5,50.3,57.5,73.5,76.6,70.0,40.0,7135.222732558987
Dominican Republic,DOM,2021,29.6681,3.53154938314388,94850719516.7127,14.0124289062207,8.24300347981809,71.757,11123476,75.7044807816311,7.702,62.1,51.2,34.6,84.6,91.7,56.4,58.7,75.3,69.4,70.0,40.0,8527.075485820504
Dominican Republic,DOM,2022,32.1128,3.56897046352612,113478103598.499,5.23795652902595,8.81109209279587,74.211,11230734,76.5283197247412,5.504,63.0,54.0,30.8,84.6,89.9,68.1,52.9,73.5,69.0,70.0,40.0,10104.246400858483
Dominican Republic,DOM,2023,32.7889,3.94375586800192,120456239153.739,2.19229848237939,4.78561281021135,73.72,11331265,75.4805556926418,5.555,62.6,55.1,56.6,84.9,89.1,72.1,53.0,68.8,67.0,70.0,40.0,10630.431743829044
Dominican Republic,DOM,2024,34.2225,3.6013993607877,124282245638.568,4.95352204492849,3.30223338951227,73.868,11427557,76.3648403372637,5.312,62.9,55.5,35.9,84.4,88.3,75.5,53.3,66.9,68.4,70.0,40.0,10875.661844309156
Dominican Republic,DOM,2025,,,127407463759.043,2.11739113534632,3.8731176804813,,11520487,,5.092,64.3,56.3,38.5,84.6,89.5,75.6,53.1,69.4,68.8,60.0,40.0,11059.208153183368
Ecuador,ECU,2001,24.3171,2.32873824691471,23127055000.0,4.20627185748789,37.6767454518094,72.571,12910740,56.2870216369629,4.252,55.1,30.0,24.0,90.8,85.5,55.0,,51.9,59.0,70.0,30.0,1791.303596850374
Ecuador,ECU,2002,24.2976,2.8951552675912,27054197000.0,4.92809549611376,12.4835980082095,73.164,13138472,57.2436103820801,4.825,53.1,30.0,26.0,86.7,84.1,55.0,,33.4,62.4,70.0,30.0,2059.1585535974045
Ecuador,ECU,2003,24.941,2.81449236195545,30965208000.0,2.88450036512064,7.92936487461556,73.632,13372306,56.8165702819824,5.662,54.1,30.0,23.0,86.3,85.7,55.0,,43.8,62.8,50.0,50.0,2315.622152230139
Ecuador,ECU,2004,26.7658,2.37801066697343,35194947000.0,6.83239736646514,2.74323198926704,73.868,13608701,57.409610748291,5.002,54.4,30.0,22.0,85.4,76.8,55.0,,57.6,62.4,50.0,50.0,2586.2091466334664
Ecuador,ECU,2005,28.8656,1.22499487397379,40278849000.0,5.39862243994342,2.1682770118372,73.909,13846163,59.8716011047363,3.779,52.9,30.0,22.0,85.0,84.5,55.0,39.8,68.3,64.0,30.0,50.0,2909.0260601438827
Ecuador,ECU,2006,30.9772,0.594056305145447,45690762000.0,4.34113198577639,3.29874846258215,74.01,14086131,61.9531517028809,3.55,54.6,30.0,24.0,86.2,84.5,58.2,39.7,76.1,67.0,30.0,50.0,3243.6701035933856
Ecuador,ECU,2007,31.6539,0.388921736574003,49848725000.0,1.90242859700484,2.27618478002121,74.226,14328773,63.4471893310547,3.142,55.3,30.0,25.0,86.5,81.7,58.8,39.8,74.5,67.0,30.0,60.0,3478.9248877067143
Ecuador,ECU,2008,32.6692,1.7294958127597,61139438000.0,6.56492068224719,8.40009593987462,74.709,14575202,,3.917,55.2,30.0,23.0,86.4,82.3,58.7,40.3,74.1,67.6,40.0,50.0,4194.757506619805
Ecuador,ECU,2009,35.3903,0.513570185696715,60094978000.0,1.0910129698311,5.15996829181047,74.901,14825954,85.9710388183594,4.608,52.5,25.0,21.0,85.8,83.1,54.0,38.3,75.0,72.6,30.0,40.0,4053.36331139298
Ecuador,ECU,2010,38.2529,0.243419054034351,68151329000.0,4.02913787986621,3.55437734567843,75.188,15076695,91.5583877563477,4.088,49.3,20.0,20.0,79.3,77.5,52.9,42.2,63.9,71.8,25.0,40.0,4520.30959039763
Ecuador,ECU,2011,38.3188,0.817966548837347,78986648000.0,8.48147656332823,4.4745326579584,75.179,15326227,95.6929702758789,3.458,47.1,20.0,22.0,78.9,50.1,53.5,40.1,64.9,76.0,25.0,40.0,5153.691642437503
Ecuador,ECU,2012,38.661,0.646739602691481,87735048000.0,5.783212336172,5.10172180958666,75.486,15572194,98.554801940918,3.235,48.3,20.0,25.0,78.3,64.3,54.1,41.0,66.8,68.1,25.0,40.0,5634.083931910944
Ecuador,ECU,2013,41.1583,0.752903273859877,96570334000.0,7.21123653679159,2.72177577710371,75.832,15807128,100.659210205078,3.083,46.9,20.0,27.0,80.1,47.3,51.5,48.0,66.9,68.1,20.0,40.0,6109.290315103414
Ecuador,ECU,2014,43.4594,0.751953401658059,102717794000.0,4.22606520388456,3.58922016616663,76.141,16035124,102.590339660645,3.48,48.0,20.0,26.0,79.8,41.8,52.8,52.0,66.1,71.8,30.0,40.0,6405.799793004407
Ecuador,ECU,2015,43.2759,1.36067004574537,97209558000.0,0.119692109287612,3.96664623255358,76.222,16266225,100.791786193848,3.616,49.2,15.0,35.0,79.1,51.0,51.4,51.3,68.2,71.4,30.0,40.0,5976.159680565097
Ecuador,ECU,2016,42.0681,0.78469706502846,97671433000.0,-0.687954245877947,1.72826463324533,76.094,16505139,98.0803764939006,4.597,48.6,15.0,33.0,79.2,41.8,55.5,51.6,68.1,71.4,30.0,40.0,5917.63771271481
Ecuador,ECU,2017,41.0581,0.605279629548276,104467486000.0,5.97039880954841,0.417335588666825,76.22,16759519,96.1637651807361,3.836,49.3,38.7,33.9,79.1,46.1,55.4,47.3,67.7,69.7,35.0,40.0,6233.322447977176
Ecuador,ECU,2018,42.2145,1.29341012436864,107478961000.0,1.04429460679607,-0.224103246005552,77.248,17049547,94.9748100922065,3.53,48.5,36.7,30.2,79.4,52.5,55.6,43.7,70.1,68.8,35.0,40.0,6303.918866583376
Ecuador,ECU,2019,41.9254,0.915058228783613,107595830000.0,0.1654044646003,0.266012515466155,77.286,17340021,93.8371637137576,3.812,46.9,35.9,25.3,77.0,55.5,54.1,48.2,73.5,66.4,35.0,40.0,6205.057652467664
Ecuador,ECU,2020,36.5986,1.16754746598289,95865473000.0,-9.24509619165865,-0.338872392562139,72.004,17546065,93.9849491291463,6.116,51.3,40.4,33.4,77.5,57.9,53.8,48.0,81.0,66.0,35.0,40.0,5463.645153485981
Ecuador,ECU,2021,41.1607,0.607504922954352,107179074000.0,9.42189269033631,0.133251386096389,72.746,17682454,94.5899282617776,4.504,52.4,39.5,38.5,77.1,58.5,50.4,47.9,81.7,59.8,35.0,40.0,6061.323501817112
Ecuador,ECU,2022,44.1693,0.759637557255968,116133121000.0,5.86842354862311,3.46616972213077,76.577,17823897,94.1335305764161,3.713,54.3,31.4,37.2,77.5,59.7,60.3,57.3,81.5,61.0,35.0,40.0,6515.585284183364
Ecuador,ECU,2023,46.7901,0.398026146047552,120792801000.0,1.8328406107788,2.21568764237058,77.392,17980083,92.8118025876465,3.51,55.0,31.6,46.9,74.8,60.3,64.0,56.5,82.2,65.6,35.0,40.0,6718.144793881096
Ecuador,ECU,2024,47.9638,0.360313100049938,123802374000.0,-1.94409022506859,1.54732515615369,77.579,18135478,,3.453,55.0,32.9,34.9,74.7,55.1,65.0,57.0,75.3,66.4,30.0,40.0,6826.529413782201
Ecuador,ECU,2025,,,130320560400.0,3.72594857272087,0.710469324989076,,18289896,,3.308,55.8,30.5,33.8,76.6,54.9,66.6,57.4,75.3,67.2,30.0,40.0,7125.276185277379
Egypt,EGY,2001,141.2032,0.527384722609423,96684636118.5984,3.53525197391507,2.26975720475956,67.612,74652029,79.3897399902344,9.26,51.5,50.0,33.0,66.1,54.4,55.0,,78.3,47.2,50.0,30.0,1295.1374184162953
Egypt,EGY,2002,144.9625,0.759753233043019,85146067415.7303,2.39020402675627,2.73723855000334,67.846,76239137,78.8174133300781,10.01,54.1,50.0,31.0,65.6,71.2,55.0,,79.2,55.0,50.0,30.0,1116.8288462621279
Egypt,EGY,2003,147.8553,0.295683832335329,80288461538.4615,3.19345473756772,4.50777636319304,68.045,77853548,78.5066070556641,10.91,55.3,50.0,36.0,66.1,72.8,55.0,,80.1,57.6,50.0,30.0,1031.275562912836
Egypt,EGY,2004,160.4178,1.59083618380383,78782467532.4675,4.09207161019908,11.270619332052,68.211,79477443,77.7841796875,10.32,55.5,50.0,34.0,66.1,76.8,55.0,,79.8,57.4,50.0,30.0,991.2556891452522
Egypt,EGY,2005,178.387,5.99551598885794,89660339660.3397,4.4717444710621,4.86939696871988,68.355,81101004,,11.049,55.8,50.0,33.0,66.1,78.6,55.0,59.7,77.6,58.2,50.0,30.0,1105.539207139035
Egypt,EGY,2006,188.8763,9.34856726566294,107426086956.522,6.84383819369884,7.64452644526434,68.493,82700403,,10.49,53.2,50.0,32.0,64.7,72.1,39.8,62.1,73.6,57.6,50.0,30.0,1298.9790020312478
Egypt,EGY,2007,201.9575,8.87633606337272,130437828371.278,7.08782742675582,9.3189690579923,68.627,84276225,,8.8,54.4,40.0,34.0,90.4,72.8,40.9,62.1,66.8,57.2,50.0,30.0,1547.7417073590802
Egypt,EGY,2008,202.0257,5.8314126186488,162818181818.182,7.15628356711522,18.3168316831684,68.761,85864789,,8.517,58.5,40.0,33.0,90.8,73.0,60.2,62.2,69.9,66.0,50.0,40.0,1896.2159426977921
Egypt,EGY,2009,210.3425,3.54835118019574,189147005444.646,4.67359980000663,11.7634954386443,68.915,87501636,63.2154998779297,9.087,58.0,40.0,29.0,89.5,66.1,64.7,61.3,65.9,63.4,50.0,50.0,2161.6396457392634
Egypt,EGY,2010,211.7586,2.91601657550141,218983666061.706,5.14723485746742,11.2651882653185,69.078,89196072,64.7296371459961,8.757,59.0,40.0,28.0,89.7,73.4,65.0,55.6,64.2,74.0,50.0,50.0,2455.0819464528213
Egypt,EGY,2011,219.3403,-0.204542848807527,235989672977.625,1.76457194806041,10.0649259874818,69.232,91093059,72.5487594604492,11.849,59.1,40.0,28.0,89.6,65.3,64.5,53.6,60.8,74.0,65.0,50.0,2590.6438489196526
Egypt,EGY,2012,232.9567,1.00234071774049,279116666666.667,2.22619979818487,7.11172943343083,69.464,93161001,73.0182495117188,12.597,57.9,35.0,31.0,89.7,64.1,63.8,53.7,62.3,74.0,65.0,40.0,2996.0677072015037
Egypt,EGY,2013,228.7539,1.45343420769727,288434108527.132,2.18546605363386,9.46971981064921,69.632,95333553,73.8954466194364,13.154,54.8,35.0,29.0,85.6,69.4,63.3,43.3,58.4,73.8,50.0,40.0,3025.5256355244833
Egypt,EGY,2014,233.1055,1.50925042253521,305595408895.265,2.91591188052836,10.0702154687481,69.911,97528654,73.3723421134374,13.105,52.9,20.0,28.6,85.6,69.6,62.7,45.7,60.5,71.4,45.0,40.0,3133.3910226554035
Egypt,EGY,2015,239.4139,2.10258128401326,329366576819.407,4.37201907781687,10.370490343517,70.135,99597342,,13.052,55.2,20.0,32.0,85.8,68.0,65.4,53.6,67.4,70.0,50.0,40.0,3306.9815941414076
Egypt,EGY,2016,250.123,2.43856278142762,332441717791.411,4.34664345601914,13.813606214829,70.437,101644589,75.7524086692863,12.45,56.0,20.0,37.0,85.6,65.9,68.3,51.4,65.8,70.6,55.0,40.0,3270.628776819699
Egypt,EGY,2017,261.7067,2.98301550917695,248362771739.13,4.18122099961562,29.5066083940039,70.709,103696057,76.4337653082262,11.767,52.6,35.4,32.7,86.1,63.0,66.8,51.3,69.6,70.2,55.0,40.0,2395.103332994908
Egypt,EGY,2018,256.219,3.10040077579187,262588632526.73,5.33110861887155,14.4014657807422,70.974,105682094,76.9816189396849,9.855,53.4,32.7,32.2,84.2,65.1,71.5,51.5,69.6,70.9,60.0,50.0,2484.7031563050787
Egypt,EGY,2019,237.0298,2.82732944960686,318678815489.749,5.55209307084222,9.15279959324804,71.213,107553158,77.9093978841525,7.851,52.5,37.0,29.2,85.2,68.1,65.9,51.6,62.3,71.8,60.0,50.0,2962.988920230023
Egypt,EGY,2020,246.184,1.52462948997172,383817841547.099,3.55016483883115,5.04493288977539,69.79,109315124,79.6544750074231,7.974,54.0,48.5,34.0,86.1,69.9,62.0,51.5,61.3,70.2,60.0,50.0,3511.113810263793
Egypt,EGY,2021,261.6313,1.20617861055665,424671765455.704,3.29064601193245,5.21404940513043,68.976,110957008,81.8833487066739,7.441,55.7,51.2,37.0,86.9,73.1,62.7,51.4,64.3,67.0,65.0,50.0,3827.3541537430783
Egypt,EGY,2022,258.9936,2.39118080969079,476747720364.742,6.58784560870467,13.8956609775178,71.01,112618250,,6.546,49.1,39.0,28.7,87.1,75.7,54.1,32.9,70.9,60.2,65.0,50.0,4233.307837448567
Egypt,EGY,2023,275.8365,2.48546400695984,395926071447.591,3.76028052279247,33.8847763115546,71.633,114535772,84.474862198776,6.753,49.6,39.7,22.1,86.7,79.4,51.1,33.4,75.0,60.2,65.0,50.0,3456.7896521236266
Egypt,EGY,2024,291.6386,11.9719351009449,389059910593.1,2.3991692678251,28.2705899322083,71.806,116538258,84.8286031306453,6.817,49.7,40.0,26.2,85.4,80.8,48.9,32.8,72.9,60.2,65.0,50.0,3338.4737104367905
Egypt,EGY,2025,,,365254630179.737,4.39201068570188,14.0735136645934,,118365995,,6.781,50.9,40.6,29.6,85.8,82.2,48.0,43.6,62.6,60.2,65.0,50.0,3085.8071203620348
El Salvador,SLV,2001,6.0363,2.2707041485317,12282533600.0,0.879613659882722,3.7508205747202,67.965,5968060,57.1768608093262,6.96,73.0,50.0,39.0,83.7,94.1,85.0,,87.6,77.2,70.0,70.0,2058.044590704517
El Salvador,SLV,2002,6.0539,3.71125187529755,12664190300.0,1.57291844759789,1.86552503610077,68.526,5986631,60.6978416442871,6.2,73.0,50.0,41.0,83.7,93.3,85.0,,86.3,77.4,70.0,70.0,2115.4118735562624
El Salvador,SLV,2003,6.5795,1.06615183714648,13243892200.0,1.56539303147618,2.1203909173333,68.792,5998599,64.1438369750977,6.9,71.5,50.0,36.0,83.7,93.1,85.0,,83.8,72.0,70.0,70.0,2207.830895180691
El Salvador,SLV,2004,6.8293,2.64681242347754,13724810900.0,0.889404485692197,4.45194392395045,69.295,6004671,67.8388290405273,6.8,71.2,50.0,34.0,83.6,90.8,85.0,,85.2,72.2,70.0,70.0,2285.6890743889217
El Salvador,SLV,2005,7.0326,3.47761600217717,14698000000.0,2.68083009363194,4.69094870903769,69.336,6005578,67.6287612915039,7.22,71.5,50.0,37.0,83.5,92.7,85.0,68.1,85.6,72.8,70.0,70.0,2447.3914084539406
El Salvador,SLV,2006,7.3891,1.50707286112592,15999890000.0,4.3369986028604,4.03712359429612,69.612,6002319,67.4043807983398,6.57,69.6,50.0,42.0,86.2,92.2,57.9,68.6,82.9,76.4,70.0,70.0,2665.618071948525
El Salvador,SLV,2007,7.7786,9.11434743633077,17011750000.0,1.84760220587859,4.57808572377153,69.82,6009824,67.3213119506836,6.41,68.9,50.0,42.0,83.5,90.0,60.2,69.0,77.7,76.6,70.0,70.0,2830.6569377073274
El Salvador,SLV,2008,7.0905,5.0206011155903,17986890000.0,2.15440298282768,6.70792293515939,70.138,6029297,66.1245803833008,5.88,68.5,50.0,40.0,83.4,88.7,59.5,69.9,76.8,76.6,70.0,70.0,2983.2482957797565
El Salvador,SLV,2009,6.8985,2.09486399547314,17601620000.0,-2.10876837627522,1.05595029731201,70.359,6048279,66.7064819335938,7.33,69.8,50.0,40.0,85.7,87.9,67.3,67.5,77.4,81.8,70.0,70.0,2910.186517520108
El Salvador,SLV,2010,6.7247,-0.613406192808089,18447920000.0,2.15419536693635,1.17933576873673,70.909,6068249,68.1448218125398,4.893,69.9,50.0,39.0,85.7,89.2,67.4,64.5,74.1,83.8,75.0,70.0,3040.0730095287786
El Salvador,SLV,2011,7.0233,0.603930846788838,20283780000.0,3.80688113429295,5.1289237668161,71.192,6090127,69.7446217742312,4.297,68.8,40.0,34.0,85.8,88.0,65.5,64.9,79.9,85.0,75.0,70.0,3330.6004948665272
El Salvador,SLV,2012,6.9977,2.01123945886672,21386150000.0,2.82262371802327,1.72973481581383,71.42,6113975,70.8309781500769,3.843,68.7,40.0,36.0,85.5,91.1,63.2,65.3,82.1,79.0,75.0,70.0,3497.912569155091
El Salvador,SLV,2013,6.635,1.11490857279595,21990960000.0,2.23562439198375,0.757669184522973,71.225,6138839,72.2452860122263,3.693,66.7,40.0,34.0,85.7,85.4,61.8,62.0,79.6,79.0,70.0,70.0,3582.266940051694
El Salvador,SLV,2014,6.8145,2.2408951362935,22593470000.0,1.70870628357073,1.14134467538233,71.144,6162955,71.3858349113676,4.154,66.2,40.0,34.3,79.6,85.8,59.6,63.3,80.0,79.0,70.0,70.0,3666.012489138733
El Salvador,SLV,2015,7.2649,2.10997804482034,23438240000.0,2.40000008852115,-0.731384487387957,70.952,6183676,70.725825383614,3.998,65.7,35.0,38.0,79.4,85.5,53.3,53.3,82.5,85.2,75.0,70.0,3790.3408910816156
El Salvador,SLV,2016,7.3283,1.98198031581358,24191430000.0,2.53906241135864,0.60404908699661,70.908,6200800,68.2966095615156,4.418,65.1,35.0,39.0,79.1,85.3,56.0,52.6,83.4,85.8,75.0,60.0,3901.3401496581087
El Salvador,SLV,2017,6.6321,2.01688451540263,24979190000.0,2.24761908134138,1.0123540331558,71.007,6213533,66.1074423967185,4.385,64.1,45.3,31.7,79.0,85.9,57.3,54.5,79.2,86.5,80.0,60.0,4020.1267137391883
El Salvador,SLV,2018,7.1022,1.58620478716365,26020850000.0,2.4124442237792,1.09033000581892,71.384,6219807,66.9325713689265,4.006,63.2,37.3,25.2,78.9,86.3,58.2,52.9,79.8,86.4,80.0,60.0,4183.546209713581
El Salvador,SLV,2019,8.1068,2.59024369040438,26881140000.0,2.43747159065784,0.0753241350024612,71.725,6222318,64.8486537180759,4.17,61.8,37.6,23.4,78.1,86.3,57.2,53.1,79.0,81.4,75.0,60.0,4320.116715346275
El Salvador,SLV,2020,6.6535,1.55101998611342,24921190000.0,-7.893101359867,-0.371590212324095,70.244,6234673,65.1837191291627,5.008,61.6,41.6,31.6,77.8,82.8,53.6,52.3,78.6,80.8,70.0,60.0,3997.192795837087
El Salvador,SLV,2021,7.532,2.7560499827498,29043140000.0,11.9047617015957,3.46692585313082,69.941,6255782,64.9813787512946,4.327,61.0,39.9,34.2,77.9,81.0,52.4,52.2,81.0,70.8,70.0,60.0,4642.607431013421
El Salvador,SLV,2022,8.4658,0.0823187826775637,31870110000.0,2.9546041089332,7.19861615609867,71.969,6280319,65.2267824913058,2.999,59.6,43.2,36.1,77.7,74.7,65.0,54.6,76.8,69.4,60.0,60.0,5074.60050994225
El Salvador,SLV,2023,9.2365,2.31870856682009,33565430000.0,3.35508721646165,4.04554694222477,72.099,6309624,65.5709865566541,2.992,56.0,43.0,31.8,77.2,71.6,64.7,54.6,70.2,68.6,60.0,60.0,5319.719526868796
El Salvador,SLV,2024,9.5434,3.01317166597907,34879730000.0,2.5904637107794,0.853782292567288,72.302,6338193,62.1425847697468,3.261,54.4,41.6,33.6,76.6,71.7,62.5,54.8,64.9,70.0,60.0,60.0,5503.103171519075
El Salvador,SLV,2025,,,36708110000.0,3.90594189242583,0.257570528307203,,6365503,,3.303,56.6,43.2,30.9,78.2,72.2,62.7,54.9,66.2,70.4,70.0,60.0,5766.725740291065
Equatorial Guinea,GNQ,2001,3.6006,64.3841007471897,1461139022.02954,63.3798754250602,8.82538925854966,53.827,749836,18.6993808746338,7.551,47.9,10.0,10.0,89.5,90.3,55.0,,75.1,61.0,30.0,10.0,1948.6114590784387
Equatorial Guinea,GNQ,2002,3.2122,17.899145375458,1806742742.27311,19.4628340359251,7.5924784983324,54.324,797957,18.1188793182373,7.646,46.4,10.0,10.0,89.6,92.3,55.0,,72.3,48.2,30.0,10.0,2264.2106558036457
Equatorial Guinea,GNQ,2003,3.5906,27.7605754478919,2484745935.09329,13.9552503163825,7.32354399351809,54.791,847862,,7.701,53.1,30.0,10.0,89.7,96.7,55.0,,68.2,48.2,50.0,30.0,2930.6018374373302
Equatorial Guinea,GNQ,2004,6.2799,7.72914723671237,4410764338.66733,37.9987268556423,4.21968787094834,55.307,899917,,7.658,53.3,30.0,10.0,89.7,99.3,55.0,,67.5,48.2,50.0,30.0,4901.301274081198
Equatorial Guinea,GNQ,2005,6.3957,9.36000539014063,8217369092.65224,16.7487006053541,5.63163351357613,55.766,947367,17.7594795227051,7.667,53.3,30.0,10.0,92.7,93.3,55.0,47.4,67.3,57.0,30.0,50.0,8673.9026086535
Equatorial Guinea,GNQ,2006,6.3863,4.65478286948259,10086528698.8604,7.70491760658767,4.41589984169561,56.354,990343,,7.612,51.5,30.0,10.0,75.4,96.7,48.2,47.5,70.3,57.0,30.0,50.0,10184.884124854116
Equatorial Guinea,GNQ,2007,7.1364,9.50702132548057,13071718758.7373,15.2821139194857,2.80373831775704,56.857,1036044,,7.592,53.2,30.0,19.0,75.4,84.1,48.2,47.0,80.1,57.6,30.0,60.0,12616.953294201116
Equatorial Guinea,GNQ,2008,6.6067,-4.01962840224965,19749893536.3204,17.7991091333811,6.55176691184535,57.384,1084530,,7.571,51.6,30.0,21.0,75.4,82.0,47.1,47.2,81.1,52.2,30.0,50.0,18210.555297059924
Equatorial Guinea,GNQ,2009,5.4778,10.8879553596521,15027795173.2187,1.34335628806095,4.69106567747375,57.881,1135673,,7.702,51.3,30.0,19.0,75.5,86.3,45.7,46.1,81.4,59.4,30.0,40.0,13232.50193781018
Equatorial Guinea,GNQ,2010,5.7159,16.7581567258275,16314443436.2903,-8.92417588851806,7.78916547991184,58.344,1189085,,7.847,48.6,20.0,17.0,75.5,83.9,44.8,44.8,80.9,58.9,20.0,40.0,13720.165872322248
Equatorial Guinea,GNQ,2011,5.9609,9.24740468952516,21357343668.9447,6.52392362989873,4.805389221557,58.827,1241835,,7.837,47.5,20.0,18.0,75.5,80.5,44.2,43.1,74.4,58.9,20.0,40.0,17198.213666827476
Equatorial Guinea,GNQ,2012,5.61,4.4007560526439,22388344143.9131,8.31287184445641,3.65662048278806,59.301,1293483,,7.761,42.8,20.0,19.0,75.5,28.0,44.7,43.8,73.1,58.8,25.0,40.0,17308.572392457496
Equatorial Guinea,GNQ,2013,5.7233,2.65594378481707,21948834283.7856,-4.13319850131583,2.94887694639662,59.784,1346218,,7.675,42.3,15.0,19.0,75.4,39.3,44.4,43.1,72.8,58.8,25.0,30.0,16304.07131964184
Equatorial Guinea,GNQ,2014,5.7179,0.771291915530887,21765453081.9826,0.415066301596866,4.30999866149107,60.228,1399828,,7.669,44.4,10.0,16.6,75.5,62.6,43.4,41.5,75.4,53.8,35.0,30.0,15548.662465661924
Equatorial Guinea,GNQ,2015,5.4069,9.00761663149669,13185496881.0174,-9.11004114881537,1.67663085315988,60.635,1453923,,7.778,40.4,10.0,19.0,75.4,31.4,37.5,33.5,78.3,53.8,35.0,30.0,9068.910032386448
Equatorial Guinea,GNQ,2016,5.3893,15.6154447046738,11240808847.8878,-8.81641723219757,1.41193915479015,61.081,1508186,,7.798,43.7,10.0,19.0,75.4,45.6,45.6,38.4,78.9,53.8,40.0,30.0,7453.197979485157
Equatorial Guinea,GNQ,2017,4.887,3.1541343035206,12200913878.9827,-5.66750850486686,0.74435474661241,61.481,1562396,,7.843,45.0,35.4,24.6,75.4,53.6,50.9,38.5,78.3,53.8,40.0,30.0,7809.104656554869
Equatorial Guinea,GNQ,2018,5.3152,-1.10304372116447,13097012133.6159,-6.23654406734575,1.06007410662171,61.915,1616422,,7.818,42.0,29.8,26.2,69.6,61.0,45.6,29.8,81.7,53.8,40.0,30.0,8102.470848340285
Equatorial Guinea,GNQ,2019,5.1224,7.22811929659373,11364133549.7478,-5.48182537893445,1.53027528964189,62.297,1670177,,7.917,41.0,29.7,15.8,71.3,67.6,37.6,32.7,83.7,48.8,40.0,30.0,6804.149230738898
Equatorial Guinea,GNQ,2020,4.9101,-0.0916985922610923,9893816007.7398,-4.79108083383294,4.76669523944228,62.141,1716468,,8.625,48.3,38.1,15.1,75.1,86.4,37.5,34.2,78.1,48.8,40.0,30.0,5764.055029129468
Equatorial Guinea,GNQ,2021,5.0308,4.59725955429429,12215878032.7166,0.860269956382069,-0.0971007664640198,62.447,1758786,,8.821,49.2,27.8,17.0,75.2,90.0,36.4,34.4,79.4,48.8,40.0,30.0,6945.630697945401
Equatorial Guinea,GNQ,2022,5.0888,10.1419330984832,13687643435.6249,3.22350831658598,4.78671704710803,63.355,1803545,,8.334,47.2,18.9,6.5,75.1,91.0,34.4,46.5,73.0,48.8,40.0,30.0,7589.299649093813
Equatorial Guinea,GNQ,2023,4.7651,1.13046555239989,12541814272.8021,-7.4250553172124,2.85949506037322,63.707,1847549,,8.218,48.3,21.6,8.3,74.5,93.2,33.5,47.4,77.7,48.7,40.0,30.0,6788.35271638376
Equatorial Guinea,GNQ,2024,4.8269,1.41848628768048,13254388261.1258,0.39622552095193,2.92140227309103,63.906,1892516,,8.293,47.7,21.0,5.7,75.1,92.9,33.3,46.4,72.8,48.8,40.0,30.0,7003.580556849083
Equatorial Guinea,GNQ,2025,,,12823210425.9217,-5.84678505700693,,,1938431,,8.337,47.7,18.7,7.2,74.9,92.5,36.5,44.9,74.3,48.8,40.0,30.0,6615.25245207165
Eritrea,ERI,2001,0.7353,1.61245168864149,752371688.743186,8.75543552816325,,58.359,2312079,45.8157081604004,5.74,,,,,,,,,,,,325.4091615135927
Eritrea,ERI,2002,0.7256,3.12155398906868,729321680.154324,3.0054291917378,,58.941,2392978,46.5302581787109,5.794,,,,,,,,,,,,304.77575646509246
Eritrea,ERI,2003,0.7004,2.87271930691421,870248267.550163,-2.65551592487554,,59.455,2493903,47.3321685791016,5.79,,,,,,,,,,,,348.95032707774243
Eritrea,ERI,2004,0.7174,2.17335313535463,1109054005.43971,1.45173556595506,,60.063,2598284,47.4052391052246,5.704,,,,,,,,,,,,426.8409478870323
Eritrea,ERI,2005,0.6042,0.130327551691687,1098424685.66169,2.57444955124846,,60.628,2661215,51.6001396179199,5.721,,,,,,,,,,,,412.7530791994221
Eritrea,ERI,2006,0.5434,1.26949256396085,1211161879.6748,-0.969217110711355,,61.457,2703502,53.1192588806152,5.707,,,,,,,,,,,,447.99740472720197
Eritrea,ERI,2007,0.5301,0.546785999949131,1317974491.05691,1.42682221120323,,61.998,2743222,50.1338500976562,5.719,,,,,,,,,,,,480.44762365456023
Eritrea,ERI,2008,0.4631,2.82570036794966,1380188800.0,-9.78303001782456,,62.422,2816327,51.3945808410645,5.683,,,,,,,,,,,,490.0669560033334
Eritrea,ERI,2009,0.4809,4.9011804838025,1856695551.21951,3.8765015275421,,63.203,2887885,51.8130187988281,5.757,38.5,10.0,28.0,86.4,9.9,18.3,73.9,59.0,69.2,10.0,20.0,642.9257228800697
Eritrea,ERI,2010,0.5168,5.72501513985957,1589515447.15447,2.19419034888082,,63.665,2945186,51.5608596801758,5.854,35.3,10.0,26.0,73.0,6.9,18.0,70.8,59.0,69.1,0.0,20.0,539.699512069686
Eritrea,ERI,2011,0.6166,1.8886183675912,2065001626.01626,8.67980010138049,,64.231,2998485,51.8398818969727,5.801,36.7,10.0,26.0,73.0,31.5,18.2,73.4,46.0,69.1,0.0,20.0,688.6816595768396
Eritrea,ERI,2012,0.6343,,,,,64.697,3036988,52.7079315185547,5.692,36.2,10.0,26.0,57.0,46.8,17.1,63.2,52.9,69.1,0.0,20.0,
Eritrea,ERI,2013,0.5936,,,,,65.005,3074360,51.34619140625,5.624,36.3,10.0,25.0,57.0,54.6,17.3,54.6,55.5,69.1,0.0,20.0,
Eritrea,ERI,2014,0.5956,,,,,65.517,3095173,50.6653785705566,5.637,38.5,10.0,22.9,57.0,66.1,18.6,63.6,57.6,69.1,0.0,20.0,
Eritrea,ERI,2015,0.5776,,,,,65.909,3105546,46.171501159668,5.751,38.9,10.0,20.0,57.0,71.8,18.2,65.5,57.8,69.2,0.0,20.0,
Eritrea,ERI,2016,0.5972,,,,,66.242,3124698,,5.772,42.7,10.0,18.0,80.9,73.4,32.1,65.6,57.8,69.2,0.0,20.0,
Eritrea,ERI,2017,0.5861,,,,,66.612,3150347,44.911060333252,5.804,42.2,36.4,27.5,81.3,74.7,56.7,69.7,61.0,69.2,0.0,20.0,
Eritrea,ERI,2018,0.6551,,,,,66.979,3192760,46.1723785400391,5.756,41.7,35.5,23.4,79.9,75.6,56.7,65.7,60.9,69.2,0.0,20.0,
Eritrea,ERI,2019,0.6736,,,,,67.306,3240194,,5.812,38.9,35.5,19.7,81.4,73.9,17.7,70.0,61.0,69.2,0.0,20.0,
Eritrea,ERI,2020,0.6715,,,,,66.98,3291271,,6.375,38.5,32.5,21.4,81.4,74.7,18.2,69.7,61.0,69.2,0.0,20.0,
Eritrea,ERI,2021,0.7119,,,,,66.94,3350183,,6.489,42.3,24.2,21.0,74.0,64.3,17.3,69.6,55.0,69.2,0.0,20.0,
Eritrea,ERI,2022,0.7499,,,,,67.789,3409447,44.0441284179688,6.033,39.7,8.6,11.1,72.7,68.6,30.1,51.2,61.5,69.2,0.0,20.0,
Eritrea,ERI,2023,0.7642,,,,,68.624,3470390,,5.909,39.5,9.6,5.2,80.3,62.3,31.3,51.2,64.6,68.4,0.0,20.0,
Eritrea,ERI,2024,0.778,,,,,68.893,3535603,,5.947,39.5,8.3,15.0,80.3,62.3,30.7,51.4,63.8,68.4,0.0,20.0,
Eritrea,ERI,2025,,,,,,,3607003,,5.978,38.6,6.1,14.5,80.3,62.3,31.3,43.4,63.9,68.4,0.0,20.0,
Estonia,EST,2001,18.2484,9.48590177311271,6250218422.70164,5.88074589534277,5.74827981651373,70.2585365853659,1388115,96.2154312133789,13.134,76.1,70.0,57.0,79.6,67.3,85.0,,80.6,85.0,90.0,70.0,4502.666149923918
Estonia,EST,2002,17.5188,4.58926418891502,7370119619.4782,6.93300082616575,3.57191270164027,70.9048780487805,1379350,99.0828704833984,10.026,77.6,70.0,57.0,80.0,54.4,85.0,,87.0,85.0,90.0,90.0,5343.183107607351
Estonia,EST,2003,19.5544,10.5121715393056,9876595528.45528,7.59630181032645,1.33499116549955,71.3170731707317,1370720,99.0774383544922,11.288,77.7,70.0,56.0,80.4,58.3,85.0,,85.7,84.2,90.0,90.0,7205.407033132427
Estonia,EST,2004,20.0456,8.94665953048459,12148595031.0559,6.80070110758655,3.04811107523416,71.909756097561,1362550,101.44522857666,10.248,77.4,70.0,56.0,83.8,55.5,85.0,,82.1,84.2,90.0,90.0,8916.072827460204
Estonia,EST,2005,20.0689,21.6702241581922,14109491356.7964,9.52305386462066,4.07971423199849,72.5682926829268,1354775,104.22184753418,8.033,75.2,70.0,55.0,82.9,61.6,85.0,47.4,85.5,84.8,90.0,90.0,10414.638118356479
Estonia,EST,2006,19.4325,10.3265683442585,17025671810.3124,9.76257131206653,4.43762042389213,72.6914634146341,1346810,104.028030395508,5.915,74.9,70.0,60.0,83.8,57.4,81.9,49.3,84.7,82.4,90.0,90.0,12641.48009764733
Estonia,EST,2007,23.0337,13.5105132723156,22450264166.4385,7.57091879311882,6.60132603055637,72.8146341463415,1340680,105.091178894043,4.592,78.0,90.0,64.0,84.5,61.8,79.9,49.7,83.0,86.6,90.0,90.0,16745.430801114733
Estonia,EST,2008,20.8808,8.12253971916627,24342935403.5447,-5.12531154308803,10.3623580313683,73.7707317073171,1337090,105.395011901855,5.455,77.9,90.0,67.0,86.0,62.0,85.3,50.7,82.0,86.0,90.0,80.0,18205.906411344564
Estonia,EST,2009,17.4389,9.50544171137007,19633984440.1223,-14.6302225427906,-0.0784083112809768,74.8243902439024,1334515,107.425552368164,13.548,76.4,90.0,65.0,81.5,67.3,75.9,48.5,79.7,85.8,90.0,80.0,14712.449421791662
Estonia,EST,2010,22.2156,13.2770330129027,19524355419.038,2.4497502063999,2.97204512015694,75.4292682926829,1331475,110.888679504395,16.707,74.7,80.0,66.0,80.2,62.2,83.1,47.0,71.1,87.5,90.0,80.0,14663.70410187048
Estonia,EST,2011,22.3356,4.80240449251588,23303915794.7569,7.60697458913162,4.9819013145361,76.2292682926829,1327439,112.287406921387,12.328,75.2,80.0,66.0,80.7,52.2,80.9,55.8,78.7,87.6,90.0,80.0,17555.545523942645
Estonia,EST,2012,21.2301,7.6916567949516,23237406116.3988,3.67201872506541,3.93339987296985,76.3268292682927,1322696,112.536003112793,10.021,73.2,80.0,65.0,79.1,38.8,75.7,56.9,79.3,87.1,90.0,80.0,17568.213796971337
Estonia,EST,2013,23.6366,4.31393930629533,25451032780.7573,1.75649379621869,2.78056658954988,77.1414634146341,1317997,110.521713256836,8.631,75.3,85.0,64.0,79.7,56.2,78.2,56.0,77.1,86.8,90.0,80.0,19310.3874900757
Estonia,EST,2014,22.7514,6.58511618123403,27055689003.0038,3.32278988182702,-0.10617514652171,77.0341463414634,1314545,107.685821533203,7.352,75.9,90.0,64.2,80.4,56.0,77.6,55.9,76.9,87.8,90.0,80.0,20581.789899169522
Estonia,EST,2015,21.0222,-3.06910519292015,23311847750.9394,1.83815262882932,-0.49232600654737,77.590243902439,1315407,108.18879699707,6.412,76.8,90.0,68.0,80.6,53.2,81.5,58.7,77.6,88.0,90.0,80.0,17722.15576695228
Estonia,EST,2016,20.5878,3.7692325610639,24561027787.7896,3.09301920751959,0.148684907627373,77.6414634146342,1315790,111.596199035645,6.882,77.2,90.0,69.0,81.9,54.9,79.0,57.2,82.2,88.0,90.0,80.0,18666.373652170634
Estonia,EST,2017,21.9647,6.31892721219604,27469461919.1189,5.63467248963991,3.41723549488054,78.0926829268293,1317384,113.249786376953,5.807,79.1,82.6,69.9,81.2,55.8,77.0,56.9,85.7,87.0,90.0,80.0,20851.52234968612
Estonia,EST,2018,23.6488,4.08015832167199,31222632740.7247,3.69969756161726,3.43632688420446,78.2439024390244,1321977,112.759696960449,5.412,78.8,80.4,75.7,80.7,52.6,75.6,54.8,85.1,86.9,90.0,80.0,23618.136125458084
Estonia,EST,2019,15.4629,9.76819364646981,31873748770.0313,3.72664943466884,2.27725931243522,78.6463414634147,1326898,112.287200927734,4.514,76.6,81.5,73.1,79.9,51.1,75.3,57.2,79.6,86.0,90.0,70.0,24021.250141330605
Estonia,EST,2020,12.1329,12.0147752855703,31820771493.8974,-2.88380751483778,-0.44453109767983,78.5951219512195,1329522,112.527702331543,6.956,77.7,83.2,85.9,81.1,53.3,73.5,57.3,78.6,86.4,90.0,70.0,23933.99394210656
Estonia,EST,2021,12.9256,20.2291128645653,37201101170.5847,8.25488044580031,4.65316673847473,76.9439024390244,1330932,113.01091003418,6.178,78.2,81.8,86.4,81.0,54.4,72.7,57.8,79.7,84.0,90.0,70.0,27951.165927774447
Estonia,EST,2022,15.0182,4.52988372813183,38226641740.29,-1.22616966587796,19.3982634080616,77.8439024390244,1348840,112.551849365234,5.571,80.0,91.5,83.9,81.1,48.4,86.9,61.1,82.8,79.2,90.0,70.0,28340.382654940542
Estonia,EST,2023,11.4741,12.540812828973,41470344395.1086,-2.74421914571231,9.15922507983982,78.7926829268293,1370286,108.442070007324,6.378,78.6,92.1,92.9,80.1,47.5,79.4,61.9,78.4,78.6,90.0,70.0,30264.006488505755
Estonia,EST,2024,10.6485,-7.97097840452121,43130419829.35,-0.0900428648493801,3.5194118998392,79.2951219512195,1372341,108.538726806641,7.6,77.8,92.8,81.2,80.8,46.8,83.2,64.2,66.2,79.2,90.0,70.0,31428.3547816104
Estonia,EST,2025,,,47030833798.5866,0.584308464789387,4.82920753628342,,1366475,,8.313,78.9,93.7,84.5,80.8,48.8,83.3,62.2,68.8,79.6,90.0,70.0,34417.632081513824
Eswatini,SWZ,2001,1.112,1.95160425482532,1502870485.88122,1.41221393287066,5.94210982281648,46.344,1051064,43.7772598266602,25.24,63.6,70.0,30.0,73.0,74.8,70.0,,73.9,61.0,70.0,50.0,1429.856303594472
Eswatini,SWZ,2002,1.0825,6.66778898222294,1393945030.65105,4.0886479398829,12.0197154699232,45.38,1059441,44.738208770752,25.771,60.9,50.0,30.0,72.7,71.2,70.0,,73.4,61.0,70.0,50.0,1315.7363464799362
Eswatini,SWZ,2003,1.0047,-2.8000452332194,2149632433.27703,4.53865525672528,7.28999999999999,44.632,1066700,44.4690589904785,26.259,59.6,50.0,30.0,73.5,72.5,70.0,,72.9,68.0,50.0,50.0,2015.2174306525078
Eswatini,SWZ,2004,0.9945,2.56728759984033,2710331785.24986,3.61711931922247,3.44533507316614,43.906,1073159,48.3460006713867,26.716,58.6,50.0,30.0,74.0,71.7,70.0,,69.7,62.2,50.0,50.0,2525.5640452625007
Eswatini,SWZ,2005,0.9909,-1.48002383468155,3097946371.06311,5.99228289096037,4.77400404553712,43.958,1079022,50.5027885437012,27.221,59.4,50.0,30.0,74.4,70.8,70.0,69.2,71.6,77.8,30.0,50.0,2871.068774374489
Eswatini,SWZ,2006,0.9989,3.764215946629,3215307900.74767,6.72880946564094,5.30463946338728,44.563,1084436,54.4987907409668,27.693,61.4,50.0,30.0,74.1,65.3,70.4,70.2,75.7,77.8,50.0,50.0,2964.958652006822
Eswatini,SWZ,2007,1.0324,1.10564693422697,3391122887.17476,4.31772144872362,8.07608827861589,45.16,1090705,58.3698616027832,28.24,60.1,50.0,27.0,72.3,66.1,70.4,69.8,76.3,69.0,50.0,50.0,3109.1109760886397
Eswatini,SWZ,2008,1.013,3.26736558419805,3235921170.5095,1.44055358727118,12.6574601863915,45.853,1098091,,27.891,58.4,50.0,25.0,71.4,62.4,69.5,71.0,76.0,69.0,50.0,40.0,2946.8606613746038
Eswatini,SWZ,2009,1.0493,1.86388312281576,3525213502.43118,1.43311134247756,7.44823423445754,46.913,1105153,59.5709686279297,27.488,59.1,50.0,33.0,64.3,70.6,68.6,69.6,73.1,71.6,50.0,40.0,3189.7967995663766
Eswatini,SWZ,2010,0.8556,3.11096766561026,4360714358.88708,3.82443487429767,4.50923691774369,48.331,1111650,64.5977020263672,26.856,57.4,45.0,36.0,63.1,55.5,67.2,68.4,68.8,74.9,55.0,40.0,3922.740393907327
Eswatini,SWZ,2011,0.8194,2.08998856482498,4722912047.32265,1.83973625916165,6.10742714590251,49.057,1117833,67.2353363037109,26.105,59.1,40.0,36.0,67.2,65.9,66.4,69.4,71.0,79.8,55.0,40.0,4225.060494119112
Eswatini,SWZ,2012,0.811,0.557730516305156,4747813067.26006,4.09048190124592,8.93964682788212,50.714,1123863,69.2019271850586,25.226,57.2,40.0,32.0,67.2,56.5,66.4,70.8,74.5,69.7,55.0,40.0,4224.547891744866
Eswatini,SWZ,2013,0.9627,1.83246466722921,4463396204.01995,4.09458522119226,5.62130623468948,52.11,1129990,70.8080825805664,24.556,57.2,40.0,31.0,74.4,51.3,66.0,70.3,74.7,69.7,55.0,40.0,3949.9431003990744
Eswatini,SWZ,2014,0.9829,0.601685882709023,4285065665.03168,2.05738179246586,5.68134885776447,53.491,1136299,73.7052383422852,23.931,61.2,40.0,31.6,74.7,70.9,64.2,71.7,72.3,81.5,65.0,40.0,3771.072283819382
Eswatini,SWZ,2015,0.9809,0.805945191942897,3908217914.21824,1.70425806017289,4.95124493704919,54.941,1142813,76.2872772216797,23.431,59.9,40.0,39.0,76.4,68.6,60.5,69.3,73.9,76.0,55.0,40.0,3419.822765595281
Eswatini,SWZ,2016,1.0469,0.721382841978235,3722306116.72872,2.94916821059911,7.8472745908568,56.228,1149507,82.023935767308,22.718,59.7,40.0,43.0,70.9,64.9,58.6,65.8,74.5,88.8,50.0,40.0,3238.176119613643
Eswatini,SWZ,2017,1.0618,-1.2917821060433,4462640651.49219,3.52095345987983,6.22137528933118,57.574,1158195,,24.543,61.1,53.5,30.9,74.8,71.6,57.5,64.4,75.6,88.9,50.0,40.0,3853.099565696787
Eswatini,SWZ,2018,1.0621,0.670381040235302,4643751059.28203,0.0653956557843571,4.81506167461513,58.707,1168929,,26.471,55.9,55.3,26.9,74.8,65.2,61.1,69.5,73.2,79.7,50.0,40.0,3972.6545062035675
Eswatini,SWZ,2019,1.1361,2.7717218211659,4617018958.69086,6.43186888691574,2.59801620311077,59.85,1179874,,28.222,54.7,41.7,35.0,74.8,65.6,59.2,67.5,73.7,87.6,50.0,40.0,3913.1457754733638
Eswatini,SWZ,2020,0.9606,0.938105324268348,4134677809.50096,-2.95183453409287,,59.862,1192729,,32.978,55.3,49.8,37.2,72.8,62.8,58.9,67.9,75.2,88.6,50.0,40.0,3466.569362781453
Eswatini,SWZ,2021,0.9892,2.34790226144325,4807069277.20114,4.23621913615419,,58.228,1206593,,34.153,55.1,48.5,36.4,78.7,64.3,61.5,69.5,78.2,71.4,50.0,40.0,3984.002291743065
Eswatini,SWZ,2022,1.0765,0.281255609924273,4746660273.50829,0.386070835562705,,63.028,1218917,,36.472,51.4,46.1,32.1,78.6,63.9,48.9,54.8,77.9,71.8,50.0,40.0,3894.1620089869043
Eswatini,SWZ,2023,1.0784,0.608772714416035,4621191261.84214,3.53257662836211,,64.123,1230506,,34.61,54.9,45.9,36.6,78.2,68.5,49.9,54.9,77.9,72.4,50.0,40.0,3755.521112324637
Eswatini,SWZ,2024,1.0941,1.55448906259813,4858885840.77236,3.03162462475916,,64.264,1242822,,34.643,55.6,44.9,29.9,78.3,72.6,46.4,54.8,76.6,73.6,50.0,40.0,3909.5589237818126
Eswatini,SWZ,2025,,,5160679612.81734,4.1939175580556,,,1256174,,34.202,56.4,44.8,29.9,76.1,73.9,49.5,55.9,76.1,73.6,50.0,40.0,4108.252210933629
Ethiopia,ETH,2001,4.7877,4.24475958430851,8231326016.47494,8.30130632267965,-8.23784453391137,51.428,69487762,17.3430194854736,3.16,48.9,30.0,30.0,66.7,78.1,55.0,,74.4,46.0,30.0,30.0,118.45720425526066
Ethiopia,ETH,2002,4.9217,3.2480726995032,7850809498.16803,1.51472570667433,0.675089102170801,52.085,71635517,19.1939201354981,3.054,49.8,30.0,32.0,70.3,71.2,55.0,,79.7,50.0,30.0,30.0,109.59381361298796
Ethiopia,ETH,2003,5.2607,5.39212251252315,8623691300.04079,-2.16135972256865,13.6740452028272,52.877,73832663,19.5667705535889,3.008,48.8,30.0,32.0,69.9,67.1,55.0,,76.5,48.8,30.0,30.0,116.8004911327767
Ethiopia,ETH,2004,5.7314,5.38041579859625,10131187261.4421,13.5726031401471,3.32737047894847,53.735,76077206,21.47705078125,2.776,54.5,30.0,35.0,70.2,73.4,55.0,,84.3,63.0,50.0,30.0,133.16981253809584
Ethiopia,ETH,2005,5.4729,2.13780093729558,12401139453.9738,11.8187659491625,9.96997123512892,54.364,78367470,23.8548793792725,2.497,51.1,30.0,25.0,73.5,65.3,55.0,61.6,68.5,52.0,50.0,30.0,158.24345808246457
Ethiopia,ETH,2006,5.7957,3.5682352741624,15280861834.6024,10.8347270679373,12.2994763114825,55.402,80703490,27.4775695800781,2.337,50.9,30.0,23.0,70.8,61.3,54.4,62.0,69.8,58.0,50.0,30.0,189.34573752141822
Ethiopia,ETH,2007,6.3513,1.12647092519686,19707616772.7996,11.4561670019891,17.2404008340898,56.566,83103217,30.251350402832,2.337,53.6,30.0,22.0,77.2,81.3,59.4,61.5,71.8,63.0,50.0,20.0,237.1462559963184
Ethiopia,ETH,2008,6.8646,0.400997134132688,27066912635.2228,10.7885216870332,44.3566858766952,57.733,85543668,31.3109302520752,2.326,52.5,30.0,24.0,77.2,80.9,58.8,61.9,69.4,63.0,40.0,20.0,316.4104751180742
Ethiopia,ETH,2009,6.9098,0.682729366934427,32437389116.038,8.8025531990487,8.48364404530282,58.715,88007636,31.649019241333,2.326,53.0,30.0,24.0,77.4,82.7,62.6,59.4,65.5,68.6,40.0,20.0,368.57471226744457
Ethiopia,ETH,2010,6.8811,0.963030625359937,29933790334.3418,12.5505383347633,8.14926402965082,59.709,90538514,33.0478591918945,2.295,51.2,30.0,26.0,77.7,82.9,66.3,61.5,60.4,61.9,25.0,20.0,330.6194127986439
Ethiopia,ETH,2011,7.9585,1.96735663905254,31952763089.33,11.1782962297008,33.2499598823344,60.595,93149970,34.4468994140625,2.27,50.5,30.0,27.0,74.5,88.7,67.4,57.1,54.3,65.6,20.0,20.0,343.024942351887
Ethiopia,ETH,2012,8.9861,0.643172898229037,43310721414.0829,8.64781163513926,23.600417677317,61.443,95798767,36.2193489074707,2.252,52.0,30.0,27.0,74.8,91.1,64.4,55.5,67.1,65.6,25.0,20.0,452.1010318857538
Ethiopia,ETH,2013,10.4416,2.82040845857162,47648276605.0123,10.5822700502552,7.46402192944517,62.161,98438751,,2.251,49.4,30.0,27.0,74.2,89.6,52.4,46.9,64.7,64.0,25.0,20.0,484.0398331040618
Ethiopia,ETH,2014,12.4047,3.33569111068815,55612228233.5179,10.2574929627477,6.89001951597192,62.927,101115610,,2.361,50.0,30.0,27.0,77.5,89.9,57.8,54.7,59.0,64.2,20.0,20.0,549.9865770825879
Ethiopia,ETH,2015,13.5098,4.22926466080082,62103418181.8182,10.3924630141307,9.56889955968623,63.592,103867135,33.9114221981431,2.442,51.5,30.0,33.0,77.4,91.4,55.9,56.4,66.1,64.4,20.0,20.0,597.9121132186634
Ethiopia,ETH,2016,16.0312,6.0502150951561,68475871209.607,9.43348265981905,6.62813337230924,64.162,106718162,,2.556,51.5,30.0,33.0,77.2,90.5,55.8,57.7,66.0,65.0,20.0,20.0,641.6515232862331
Ethiopia,ETH,2017,15.8736,5.26039764214773,76366081766.6667,9.56418965754014,10.6871150284238,64.766,109666481,,2.665,52.7,32.6,37.6,77.1,90.3,50.0,57.2,65.7,65.1,20.0,20.0,696.3484290762161
Ethiopia,ETH,2018,17.4696,4.03228222144798,83337901071.9697,6.81614778557282,13.8330356586661,65.257,112664152,,2.811,52.8,31.1,37.7,76.5,90.6,40.2,51.3,67.1,60.7,35.0,20.0,739.7020222720861
Ethiopia,ETH,2019,18.4825,2.77536541538477,91834517113.6386,8.36408573111346,15.8096321719344,65.741,115737383,,2.928,53.6,32.6,35.1,77.2,90.4,48.6,58.0,60.8,60.8,35.0,20.0,793.4732472189958
Ethiopia,ETH,2020,18.0158,2.4279259279615,98676811061.9985,6.05953089248577,20.3563468559061,65.969,118917671,,3.998,53.6,36.5,29.4,77.4,90.8,48.6,57.6,62.7,60.8,35.0,20.0,829.7909825529505
Ethiopia,ETH,2021,19.0941,3.90520609775086,109070960370.972,5.64153069324176,26.8395221557722,65.33,122138588,,3.935,51.7,23.2,31.5,78.2,91.9,47.5,57.4,60.6,61.4,35.0,20.0,893.0098354417852
Ethiopia,ETH,2022,18.3349,2.98033315911234,123140304665.399,5.32175988485454,33.8898797100898,66.897,125384287,,3.386,49.6,38.1,33.2,78.3,93.0,42.7,38.8,57.7,61.4,30.0,20.0,982.1031615021984
Ethiopia,ETH,2023,19.0165,2.40146315356828,135874093203.18,6.59424599054353,30.2188278135278,67.315,128691692,,3.375,48.3,30.4,21.2,77.9,93.7,39.3,39.1,53.8,56.4,30.0,20.0,1055.8109159306102
Ethiopia,ETH,2024,19.3648,2.68582028017543,149740297952.375,7.61277447616879,21.0377460577711,67.603,132059767,,3.357,47.9,27.7,33.8,78.4,94.4,44.1,39.3,49.8,57.4,30.0,20.0,1133.88279681256
Ethiopia,ETH,2025,,,126358758448.356,9.7715182202934,13.2296432836809,,135472051,,3.323,48.1,27.9,32.7,78.2,95.4,45.3,39.4,49.9,57.4,30.0,20.0,932.7293527751788
Fiji,FJI,2001,1.5636,2.49941576652652,1652462023.46215,2.00000027123612,4.27267024465105,66.205,849596,74.7156372070312,4.692,53.7,30.0,30.0,70.7,63.3,70.0,,79.0,60.2,30.0,50.0,1944.9974146090026
Fiji,FJI,2002,1.2938,1.67309841241214,1833279985.36741,3.19999861722759,0.762032085561206,65.492,858049,76.0836715698242,4.772,53.9,30.0,30.0,70.9,76.5,70.0,,81.7,46.2,30.0,50.0,2136.5679411868205
Fiji,FJI,2003,1.5253,1.75225501277583,2300492465.32276,0.999998995078172,4.17274777763034,65.653,866286,77.7666320800781,4.74,54.7,30.0,30.0,75.4,74.4,70.0,,78.5,33.8,30.0,70.0,2655.5807958604432
Fiji,FJI,2004,1.979,9.25370794256615,2708078476.63012,5.30000086613597,2.82748519391201,65.841,874366,80.5614318847656,4.7,58.0,30.0,30.0,78.3,71.7,70.0,,81.8,60.2,30.0,70.0,3097.190966517591
Fiji,FJI,2005,1.7308,5.80296958864135,2980403844.72096,0.699999592969263,2.36576453830434,65.983,882379,,3.886,58.2,30.0,30.0,78.5,71.5,70.0,83.6,78.4,60.2,30.0,50.0,3377.691269534928
Fiji,FJI,2006,1.8608,18.9830079707872,3076305452.86506,1.85248357237371,2.49083638787079,66.126,890365,79.7871704101562,3.957,58.4,30.0,30.0,76.9,71.9,70.8,84.8,79.1,60.2,30.0,50.0,3455.105999073481
Fiji,FJI,2007,1.7241,13.7414773077002,3378314599.76402,-0.8506533546566,4.80370641306989,66.161,897832,79.2860107421875,4.109,60.8,30.0,40.0,75.5,71.0,70.4,84.7,74.7,71.8,30.0,60.0,3762.746927892991
Fiji,FJI,2008,1.2917,19.2785877551773,3523185919.55826,1.03279368777636,7.73227857918422,66.32,903399,79.2769012451172,4.187,61.8,30.0,40.0,74.5,75.3,69.8,85.0,78.9,74.2,30.0,60.0,3899.922315121292
Fiji,FJI,2009,1.0635,10.7423905992561,2870624635.68032,-1.38603752085589,3.13103559015967,66.347,907239,79.3391189575195,4.309,61.0,30.0,40.0,76.0,76.0,66.0,84.8,77.3,69.6,30.0,60.0,3164.1327540816915
Fiji,FJI,2010,1.6965,5.67141021084985,3140166712.79624,2.95467268842502,3.68901229670761,66.778,910419,,4.345,60.3,30.0,40.0,75.7,80.6,63.5,84.0,73.6,71.0,25.0,60.0,3449.144528833691
Fiji,FJI,2011,1.2454,5.74582849158733,3779411899.37483,2.70514231228027,7.278117827085,66.88,912989,83.9304962158203,4.406,60.4,30.0,40.0,78.1,81.3,63.2,75.7,76.1,69.8,30.0,60.0,4139.602886097017
Fiji,FJI,2012,1.2052,6.9816643965711,3972028104.47328,1.41131415220703,3.42337523401979,65.812,914918,82.1471405029297,4.375,57.3,25.0,20.0,78.1,78.9,59.3,75.8,75.7,69.7,30.0,60.0,4341.40338748749
Fiji,FJI,2013,1.3731,5.81824859099488,4189967998.51424,4.7342203729816,2.91354193603992,66.545,916352,,4.356,57.2,25.0,20.0,78.0,78.0,65.7,74.9,72.8,68.0,40.0,50.0,4572.44377544245
Fiji,FJI,2014,1.5599,7.77972455296746,4857104768.86844,5.60351397766961,0.519306474579107,66.581,917585,88.1849686883865,4.323,58.7,25.0,20.0,82.3,76.2,64.9,73.1,75.2,70.2,50.0,50.0,5293.356766804644
Fiji,FJI,2015,1.6172,4.38599233241205,4682479893.97558,4.50120064471365,1.37488542621447,66.48,918578,87.836769819804,4.288,59.0,25.0,22.3,81.3,74.6,63.2,75.2,78.3,70.2,50.0,50.0,5097.531068646952
Fiji,FJI,2016,1.5925,7.94325933214602,4930213644.36653,2.44565202449249,3.86322538221278,66.657,919166,89.18202295018,4.319,58.8,30.0,22.3,81.2,75.3,62.0,70.6,77.6,68.8,50.0,50.0,5363.79026679243
Fiji,FJI,2017,1.5406,7.24021289135771,5353469174.47838,5.35336434979577,3.34757834757831,67.06,918759,,4.418,63.4,67.7,32.7,80.7,72.5,61.3,70.5,75.5,68.8,55.0,50.0,5826.848144593283
Fiji,FJI,2018,1.6549,8.40038118168196,5581425327.44397,3.812350939512,4.08147637644543,66.965,917180,92.0806759919252,4.523,62.0,68.3,34.8,81.4,68.2,62.8,70.8,74.1,68.8,55.0,50.0,6085.419794853758
Fiji,FJI,2019,1.619,6.02971795135456,5344907153.46698,-0.581946590349759,1.79388647514555,67.009,914899,91.8760588497548,4.661,62.2,67.3,23.4,81.1,71.7,63.0,72.9,73.5,62.8,55.0,50.0,5842.07344577596
Fiji,FJI,2020,1.0743,5.66217121930221,4227719873.3865,-17.1835352599354,-1.70014167847318,66.924,914963,91.541633605957,5.054,63.4,69.9,45.6,80.5,68.9,62.6,76.2,72.5,52.8,55.0,50.0,4620.645723801399
Fiji,FJI,2021,1.3427,9.85590435372296,4158873156.17978,-4.3459619989752,1.53454853751592,64.904,916711,93.95505855048,5.225,62.2,60.6,46.8,86.2,71.1,61.3,77.2,74.9,55.0,55.0,50.0,4536.733121103358
Fiji,FJI,2022,1.4343,2.08084502833913,4977861885.60316,17.7451269773594,6.07882431529725,67.148,919422,95.3068339697491,5.403,56.4,53.2,54.3,86.8,69.6,58.8,66.0,74.9,55.2,55.0,50.0,5414.120921190878
Fiji,FJI,2023,1.4378,1.65373894455648,5476673518.13788,9.44245856738313,2.97544080604539,67.316,924145,98.540177642079,5.316,58.0,58.1,45.6,89.3,69.4,63.0,65.8,79.0,58.8,55.0,50.0,5926.205863947627
Fiji,FJI,2024,1.5067,3.41161017865705,5968125909.27126,3.53085896076352,3.89084237884105,67.463,928784,98.0927630329298,5.361,58.0,59.9,52.5,89.7,67.0,64.9,69.1,73.8,64.4,55.0,50.0,6425.741517157122
Fiji,FJI,2025,,,6198013062.06553,3.19546862124029,-1.38326833934224,,933154,,5.347,59.1,61.4,52.3,89.7,67.8,68.6,72.0,74.8,65.0,55.0,50.0,6642.004494505226
Finland,FIN,2001,63.5758,2.48974555634762,129519672868.898,2.64026205699308,2.57844080098903,77.9658536585366,5188008,128.174865722656,10.29,69.7,90.0,98.0,55.6,28.0,70.0,,87.9,78.0,70.0,50.0,24965.202996776025
Finland,FIN,2002,65.7268,5.76697056308707,140360963811.765,1.68732644358099,1.5712201278938,78.119512195122,5200598,129.487838745117,10.423,73.6,90.0,100.0,55.6,28.0,85.0,,84.6,79.6,70.0,70.0,26989.38926095903
Finland,FIN,2003,74.0954,3.47606211936874,171612867735.686,2.01179992738312,0.877440386254729,78.3682926829268,5213014,132.235412597656,10.469,73.7,90.0,99.0,54.9,28.0,85.0,,84.7,81.4,70.0,70.0,32920.085719256844
Finland,FIN,2004,70.4547,3.43216639798219,197458297639.769,4.00537952277651,0.187120559084474,78.7146341463415,5228172,110.782669067383,10.358,73.4,90.0,97.0,57.5,25.0,85.0,,86.0,79.8,70.0,70.0,37768.133420202896
Finland,FIN,2005,58.2464,5.30500837470056,204859368790.661,2.77730918518017,0.623874450025224,78.8170731707317,5246096,111.326103210449,9.602,71.0,90.0,97.0,58.0,22.3,85.0,49.9,88.0,80.2,70.0,70.0,39049.87037802225
Finland,FIN,2006,69.8556,2.1374386449528,217044068234.117,4.01957326515895,1.56666380704379,79.2146341463415,5266268,110.277038574219,8.935,72.9,90.0,97.0,61.9,24.4,95.4,47.4,90.8,82.4,70.0,70.0,41214.01877650682
Finland,FIN,2007,68.0689,8.57406338234925,256360251537.648,5.31280176694145,2.5106656524034,79.2634146341464,5288720,109.042900085449,6.854,74.0,90.0,96.0,63.1,23.5,95.3,45.6,89.9,86.6,70.0,80.0,48473.024009145505
Finland,FIN,2008,59.8279,6.7927004343529,285698662071.094,0.784431235717051,4.06595355358383,79.5682926829268,5313399,108.298301696777,6.369,74.6,90.0,96.0,64.3,29.1,95.2,46.4,88.5,86.0,70.0,80.0,53769.472624038586
Finland,FIN,2009,57.0808,-3.48204515637954,253480783439.453,-8.07603116552393,-9.17360424903996e-07,79.719512195122,5338871,107.702293395996,8.249,74.5,95.0,94.0,64.3,28.6,95.1,44.8,87.4,85.8,70.0,80.0,47478.34953109993
Finland,FIN,2010,65.8469,4.89959763196754,249429613683.334,3.1682879121621,1.18413523154651,79.8707317073171,5363352,108.609390258789,8.394,73.8,90.0,90.0,65.4,32.9,95.0,43.8,78.9,87.5,75.0,80.0,46506.29190165665
Finland,FIN,2011,58.2223,-2.18405747554129,275126915515.565,2.39039455396828,3.4168075425521,80.4707317073171,5388272,109.248931884766,7.781,74.0,90.0,89.0,65.3,26.5,95.0,41.4,80.7,87.6,85.0,80.0,51060.32425897672
Finland,FIN,2012,52.3267,1.91512248449208,257443384492.969,-1.52284013040689,2.80833622561574,80.6268292682927,5413971,109.962677001953,7.689,72.3,90.0,92.0,65.4,5.2,94.9,42.4,81.3,87.1,85.0,80.0,47551.67408413695
Finland,FIN,2013,53.3313,-1.83489440736896,270268036626.275,-0.979741024949618,1.4782861568881,80.9756097560976,5438972,145.653442382812,8.193,74.0,90.0,94.0,66.9,12.2,94.8,45.3,79.5,86.8,90.0,80.0,49691.014520073826
Finland,FIN,2014,49.4416,6.41537482088507,273478528954.901,-0.4780684247837,1.0411962117843,81.1804878048781,5461512,147.413314819336,8.663,73.4,90.0,93.4,65.1,8.9,93.6,46.5,78.9,87.8,90.0,80.0,50073.776081587115
Finland,FIN,2015,45.9758,7.53800542922806,233210733506.25,0.466503766322674,-0.207928839905177,81.4804878048781,5479531,150.819213867188,9.376,73.4,90.0,89.0,66.4,3.6,92.6,54.8,79.9,88.0,90.0,80.0,42560.34567671029
Finland,FIN,2016,48.8071,2.18951964860612,238777818792.608,2.57193414898754,0.356684500891695,81.4292682926829,5495303,152.471435546875,8.818,72.6,90.0,89.0,66.5,0.8,90.7,53.7,81.9,88.0,85.0,80.0,43451.25624421583
Finland,FIN,2017,46.0759,6.66136555422276,253846138440.0,3.30337003591039,0.754015047084438,81.6317073170732,5508214,153.583709716797,8.64,74.0,90.6,90.0,66.6,0.0,90.2,53.4,85.1,87.0,85.0,80.0,46085.01747390352
Finland,FIN,2018,47.4392,-3.84456657280518,273869255596.078,1.19297759742292,1.08382098409296,81.7341463414634,5515525,153.651428222656,7.361,74.1,89.0,89.8,66.5,2.3,89.9,50.5,86.0,86.9,85.0,80.0,49654.24970353285
Finland,FIN,2019,44.1412,6.09707710249334,267014821129.411,1.34973845741737,1.02409392963431,81.9829268292683,5521606,144.613204956055,6.695,74.9,89.6,92.5,66.8,7.2,89.4,50.3,84.8,86.0,85.0,80.0,48358.18077737003
Finland,FIN,2020,39.474,-0.939114055968044,270000311606.226,-2.49103605535707,0.290554555653239,81.9317073170732,5529543,143.122909545898,7.759,75.7,92.3,96.1,67.5,11.2,84.8,50.3,83.6,86.4,85.0,80.0,48828.68468627986
Finland,FIN,2021,39.3124,8.01406291677223,294223210496.119,2.67634641498897,2.19457432339998,81.8853658536585,5541017,143.361343383789,7.617,76.1,91.9,97.2,68.0,14.3,85.8,50.5,83.3,84.0,85.0,80.0,53099.13514001473
Finland,FIN,2022,37.1238,4.66691154081507,280253099309.34,0.763041912763526,7.12350773301412,81.1878048780488,5556106,144.852462768555,6.719,78.3,100.0,96.4,68.4,10.7,88.7,65.1,84.9,79.2,85.0,80.0,50440.56022497411
Finland,FIN,2023,32.8867,-0.0388895700301826,295191741637.26,-1.28973484453397,6.25064322154763,81.5853658536585,5583911,142.861724853516,7.149,77.1,100.0,97.2,68.7,8.5,84.9,65.5,82.1,78.6,85.0,80.0,52864.69315812161
Finland,FIN,2024,31.1074,2.9263489451501,298729432711.719,0.374566568538427,1.56568906231616,82.3365853658537,5619911,142.395156860352,8.4,76.3,100.0,94.2,67.8,8.2,88.8,65.5,75.4,79.2,85.0,80.0,53155.54511658975
Finland,FIN,2025,,,317039368819.607,0.173444509584499,0.337874659400574,,5646436,,9.461,77.0,100.0,94.8,68.2,7.3,88.3,65.6,76.1,79.6,85.0,80.0,56148.58094904591
France,FRA,2001,404.9849,3.65899790543177,1370376677298.86,1.89946701186636,1.63478079549599,79.1585365853659,61364377,104.571113586426,8.61,58.0,70.0,66.0,33.9,18.9,70.0,,85.0,78.0,50.0,50.0,22331.794834303622
France,FRA,2002,399.5764,3.45413596292302,1492427756382.43,1.06775027069419,1.92341228727064,79.2609756097561,61812142,103.186340332031,8.702,58.0,70.0,67.0,37.2,15.7,70.0,,82.7,79.6,50.0,50.0,24144.572701952795
France,FRA,2003,404.4794,2.30782482603352,1835095983049.09,0.967827182558352,2.09847219146919,79.1146341463415,62249855,102.772102355957,8.306,59.2,70.0,67.0,41.3,15.7,70.0,,87.0,81.4,50.0,50.0,29479.52221011744
France,FRA,2004,405.5101,1.68777447237363,2109792297237.03,2.86825052501032,2.14208964640239,80.1634146341463,62707588,102.220016479492,8.914,60.9,70.0,63.0,44.3,14.5,70.0,,86.4,79.8,70.0,50.0,33644.92822203638
France,FRA,2005,407.7638,3.8837306583925,2192146403028.17,1.88856584109286,1.74586936380487,80.1634146341463,63180854,106.781677246094,8.882,60.5,70.0,69.0,44.8,10.9,70.0,54.3,86.0,80.2,70.0,50.0,34696.37183169714
France,FRA,2006,397.0172,3.40646118259263,2317861544690.82,2.71406448755236,1.67512449608726,80.8121951219512,63622342,106.927520751953,8.832,61.1,70.0,71.0,46.6,11.2,88.0,56.5,85.6,82.4,50.0,50.0,36431.56589065552
France,FRA,2007,389.8648,3.15449449926763,2655816911866.56,2.53048188351066,1.4879980595386,81.1121951219512,64016890,106.69352722168,8.008,62.1,70.0,75.0,46.3,13.5,87.2,56.1,81.0,81.6,50.0,60.0,41486.19078287871
France,FRA,2008,382.575,2.32326700027606,2926802941585.86,0.380171435849121,2.81286194914785,81.2146341463415,64375116,106.432838439941,7.386,64.7,70.0,74.0,53.2,13.2,88.0,56.4,81.2,81.0,60.0,70.0,45464.81813851582
France,FRA,2009,369.9379,0.682311492843145,2700075882518.98,-2.82455153714783,0.0876204781574653,81.4146341463415,64706436,106.239227294922,9.122,63.3,70.0,73.0,50.9,14.5,87.4,54.5,71.7,80.8,60.0,70.0,41728.08841641317
France,FRA,2010,377.2787,1.46961673029144,2646230027988.34,2.00032476039051,1.53112270420919,81.6634146341463,65026211,106.424942016602,9.279,64.2,80.0,69.0,51.9,17.9,86.3,54.7,79.7,82.5,50.0,70.0,40694.821169702474
France,FRA,2011,363.6897,1.54005293306163,2870408553990.28,2.43757653729007,2.11159795175,82.1146341463415,65340830,106.610641479492,9.228,64.6,80.0,69.0,52.3,16.4,85.6,51.4,83.7,82.6,55.0,70.0,43929.784087381195
France,FRA,2012,365.0236,1.22790071519382,2683007095787.23,0.183835264973013,1.9541953161351,81.9682926829268,65657659,105.813583374023,9.841,63.2,80.0,68.0,53.8,5.3,83.7,51.6,82.3,82.1,55.0,70.0,40863.581441233386
France,FRA,2013,360.1587,1.18823404938295,2816077607875.26,0.781756446231,0.863715497861804,82.219512195122,65997932,104.376602172852,9.913,64.1,80.0,70.0,53.0,5.6,84.0,50.5,81.1,81.8,65.0,70.0,42669.17951118923
France,FRA,2014,326.9509,0.176974174772525,2861236112552.42,0.997832947295251,0.50775882293799,82.719512195122,66312067,103.425827026367,10.273,63.5,80.0,69.9,48.4,5.6,79.9,51.8,76.1,82.8,70.0,70.0,43148.04592884158
France,FRA,2015,332.1533,1.76596182973896,2442483452642.5,1.06675474783462,0.0375143805125182,82.3219512195122,66548272,103.396041870117,10.354,62.5,80.0,71.0,47.5,2.5,80.2,43.5,77.5,83.0,70.0,70.0,36702.43237333796
France,FRA,2016,334.7732,1.44200321416196,2470407619777.13,0.860031075424033,0.183334861123765,82.5731707317073,66724104,103.308097839355,10.057,62.3,80.0,69.0,47.7,2.5,78.4,43.5,79.1,83.0,70.0,70.0,37024.21571336694
France,FRA,2017,338.709,1.68928072199317,2588868323334.71,2.08361485997399,1.03228275064681,82.5756097560976,66918020,103.756080627441,9.409,63.3,85.0,69.7,47.6,2.0,78.0,44.1,81.6,82.0,70.0,70.0,38687.16264071636
France,FRA,2018,328.5501,2.78594184568695,2781576320884.39,1.64590872395887,1.85081508315493,82.6756097560976,67158348,103.773330688477,9.018,63.9,84.0,65.1,47.3,2.7,80.2,45.0,81.6,81.9,75.0,70.0,41418.17664848442
France,FRA,2019,322.9043,1.96486943301562,2722793515171.76,2.02744646419237,1.10825492288294,82.8268292682927,67382061,104.07689666748,8.415,63.8,82.5,67.9,48.4,3.9,81.2,45.2,79.1,81.0,75.0,70.0,40408.284857475046
France,FRA,2020,287.0868,0.731471704018579,2647926055110.05,-7.44064589948231,0.476498852725065,82.1756097560976,67601110,104.566566467285,8.009,66.0,85.9,83.3,48.8,4.5,82.5,46.1,76.7,81.4,75.0,70.0,39169.860600070766
France,FRA,2021,316.7044,3.30405312221271,2966433692008.09,6.88233783360239,1.64233141038394,82.3243902439024,67842811,104.522842407227,7.871,65.7,82.2,80.1,50.7,6.3,80.2,44.8,77.3,84.0,75.0,70.0,43725.099952124474
France,FRA,2022,307.6802,4.0180319137717,2794788137066.94,2.71676264185913,5.22236748369725,82.1292682926829,68184457,104.316436767578,7.303,65.9,93.8,75.9,52.1,0.5,81.9,58.8,79.1,79.2,75.0,70.0,40988.63964065799
France,FRA,2023,284.1541,0.590645170561014,3056250648138.29,1.43921494437743,4.8783572650844,82.8317073170732,68372286,103.962417602539,7.335,63.6,93.0,83.9,52.9,0.0,78.2,59.2,76.9,78.6,75.0,70.0,44700.13841775438
France,FRA,2024,274.4505,1.64700185498585,3160442622465.08,1.19046798275883,1.99904942291463,82.9804878048781,68551653,103.78540802002,7.4,62.5,93.1,73.7,53.1,0.0,82.0,60.5,71.6,79.2,75.0,70.0,46103.08408558842
France,FRA,2025,,,3366315927447.33,0.840949955479587,0.943770212469976,,68720337,,7.542,64.4,92.9,74.3,54.3,0.0,81.9,60.2,70.3,79.6,75.0,70.0,48985.730780792444
Gabon,GAB,2001,6.741,-2.00298894717111,5023265413.2623,2.13523342197423,2.13762052701465,61.982,1309589,48.6175193786621,17.827,55.0,50.0,50.0,52.2,63.3,55.0,,85.3,39.0,50.0,50.0,3835.7571827972743
Gabon,GAB,2002,6.4721,0.0217546424549428,5335451099.88223,-0.249033168543434,0.0366828893971394,62.175,1345135,49.4348793029785,17.376,58.0,50.0,50.0,53.2,76.5,55.0,,89.5,48.2,50.0,50.0,3966.4800186466264
Gabon,GAB,2003,7.3423,1.53052262034086,6511903365.47554,2.2473300115045,2.23535313551536,62.463,1382350,,17.126,58.7,50.0,50.0,56.4,85.7,55.0,,82.6,48.2,50.0,50.0,4710.748627681513
Gabon,GAB,2004,6.6252,4.04069424179394,7770219008.21293,0.689543058464849,0.40820530743925,62.694,1421609,,17.108,57.1,50.0,30.0,61.5,84.1,55.0,,85.3,48.2,50.0,50.0,5465.791935907081
Gabon,GAB,2005,6.3917,3.40362339596918,9582783990.85345,2.67620333310926,3.70833333333304,62.978,1463495,,16.91,54.8,50.0,30.0,61.2,76.1,55.0,60.2,81.9,53.4,50.0,30.0,6547.876139551861
Gabon,GAB,2006,5.7072,2.59310046782659,10327598306.4575,-2.80657835569052,-1.4094013660098,63.259,1508337,,17.805,56.1,50.0,33.0,59.7,84.9,53.3,60.2,84.3,55.2,50.0,30.0,6847.00985685394
Gabon,GAB,2007,5.1756,5.25722235465119,12455409587.3371,6.00810802487668,5.03031883679951,63.619,1556237,,18.257,54.8,40.0,29.0,61.3,85.9,53.3,60.1,81.6,56.4,40.0,40.0,8003.542896960488
Gabon,GAB,2008,5.5191,4.45376516954727,15571348344.3379,-3.30843064878751,5.26430145575285,64.011,1607175,,19.212,54.2,40.0,30.0,61.7,85.6,53.2,60.1,74.6,56.4,40.0,40.0,9688.645196906311
Gabon,GAB,2009,5.4491,5.24757097949021,12113699068.2517,0.130331119816617,1.88570754577918,64.361,1661556,,19.76,55.0,40.0,33.0,61.7,84.8,59.9,60.0,73.8,57.0,40.0,40.0,7290.5752609311385
Gabon,GAB,2010,5.9582,3.64540417621404,14372593020.2885,7.08988731455126,1.46154402720469,64.715,1719879,,20.39,55.4,40.0,31.0,61.5,86.4,58.8,57.4,71.4,62.1,45.0,40.0,8356.746620133452
Gabon,GAB,2011,5.82,6.16978545780463,18210307743.5816,7.09175334258654,1.26331707837421,65.102,1781985,,19.895,56.7,40.0,29.0,74.5,87.9,57.3,58.8,73.8,61.0,45.0,40.0,10219.113933945348
Gabon,GAB,2012,5.89,3.94472371225415,17170464016.0593,5.25107691750407,2.65241828695626,65.438,1846889,,19.661,56.4,40.0,28.0,73.5,81.5,57.7,59.8,77.7,61.1,45.0,40.0,9296.965879410891
Gabon,GAB,2013,6.0777,1.84153865698512,17595744798.3398,5.63869900338696,0.505441058915615,65.751,1913059,,19.736,57.8,40.0,30.0,74.2,80.1,56.5,63.1,77.5,61.1,55.0,40.0,9197.701063239452
Gabon,GAB,2014,6.2671,6.93864724297156,18203966895.8433,4.31496444107469,4.69045751826284,66.07,1978399,,19.873,57.8,40.0,29.1,74.5,81.7,58.9,63.0,75.1,61.0,55.0,40.0,9201.362766481028
Gabon,GAB,2015,6.4413,0.289976985604188,14383107762.6952,3.8788993950789,-0.338795188753406,66.336,2040989,,19.943,58.3,40.0,34.0,77.5,74.6,57.9,64.3,78.4,61.0,55.0,40.0,7047.126546343562
Gabon,GAB,2016,6.559,8.86815381799839,14023890265.3665,2.09144220829562,2.10670712784054,66.583,2100306,,20.117,59.0,40.0,37.0,77.6,74.5,58.4,61.9,78.4,61.8,60.0,40.0,6677.070039016458
Gabon,GAB,2017,5.7489,8.80157025688894,14929487485.1623,0.472642030911146,2.65192583143902,66.816,2156900,,20.307,58.6,35.9,37.6,77.0,81.0,50.6,58.4,83.0,61.8,55.0,40.0,6921.733731356252
Gabon,GAB,2018,5.4109,8.17598940777917,16867326401.9626,0.83791658082157,4.74906652083221,67.043,2212318,,20.459,58.0,29.9,33.4,74.3,84.6,49.3,61.7,81.4,60.9,60.0,40.0,7624.27752337711
Gabon,GAB,2019,5.6528,9.20409837955739,16874405465.391,3.92080879452831,2.46456756151187,67.337,2267706,70.2639966402203,20.371,56.3,28.1,35.5,75.8,86.6,52.1,53.0,80.0,51.2,60.0,40.0,7441.17864722808
Gabon,GAB,2020,5.5287,11.1881442291207,15342236163.9943,-1.8377610635094,1.35276110675333,67.073,2322539,,21.279,56.7,36.9,36.7,74.3,89.3,52.1,52.3,77.3,51.2,60.0,40.0,6605.803460779044
Gabon,GAB,2021,5.3647,7.86436710821205,19444935097.2333,1.46795731508091,1.0869074651941,67.072,2376722,,21.223,58.1,24.2,36.4,77.7,90.8,54.7,52.9,84.5,56.8,60.0,40.0,8181.40914134396
Gabon,GAB,2022,5.5833,5.40389729404727,20440655695.229,3.03761449525692,4.23124798274579,67.713,2430747,,20.319,55.8,26.8,24.4,77.4,90.2,49.9,54.0,81.5,56.8,60.0,40.0,8409.207414522778
Gabon,GAB,2023,5.1205,5.93517225575899,19388372070.9778,2.43893665041031,3.62901534185376,68.337,2484789,,20.161,56.1,27.2,18.2,77.3,90.4,50.1,55.4,83.0,55.1,60.0,40.0,7802.824332761373
Gabon,GAB,2024,5.1985,5.47750591310442,20895684425.6752,3.39403899521831,1.17311998381218,68.511,2538952,,20.091,56.9,26.7,23.7,77.4,90.8,63.5,54.8,78.6,55.2,60.0,40.0,8230.0431145115
Gabon,GAB,2025,,,21427119323.2764,2.47287961498321,1.76766609003481,,2593130,,20.154,56.3,25.4,21.7,77.7,88.4,64.9,55.7,78.1,58.0,60.0,40.0,8263.033215949992
Georgia,GEO,2001,3.8788,3.41273251705983,3219462262.0075,4.80729867243699,4.64604442058634,70.371,4014373,86.5363998413086,11.16,58.3,50.0,23.0,90.9,89.2,55.0,,61.1,75.6,50.0,30.0,801.9838370792899
Georgia,GEO,2002,3.5935,4.72348885200524,3395766677.67315,5.47402488700408,5.58783730000794,70.438,3978515,89.9919891357422,12.59,56.7,30.0,23.0,90.7,85.5,55.0,,67.4,79.2,50.0,30.0,853.5261718689386
Georgia,GEO,2003,3.9559,8.39036166616402,3991377904.13162,11.0570310020104,0.837734531536568,71.377,3951736,94.034912109375,11.51,58.6,30.0,23.0,90.6,88.9,55.0,,74.8,64.8,50.0,50.0,1010.0315163086856
Georgia,GEO,2004,4.3124,9.61361623129554,5125365191.98664,5.79268292682926,5.65632636191132,71.011,3927340,90.6913909912109,12.62,58.9,30.0,24.0,90.6,90.1,55.0,,75.5,65.2,50.0,50.0,1305.0474855720768
Georgia,GEO,2005,4.9793,7.06775086735302,6410912049.87105,9.59113832853026,8.24709043114158,70.689,3902469,95.7935409545898,13.81,57.1,30.0,18.0,89.9,90.5,55.0,66.8,75.9,65.2,30.0,50.0,1642.7835941479739
Georgia,GEO,2006,5.6816,15.1240361672901,7745250733.95067,9.42148081189909,9.16096508394497,70.983,3880347,98.6351013183594,13.57,64.5,30.0,20.0,94.1,90.8,73.9,73.6,75.2,67.6,50.0,70.0,1996.020132722839
Georgia,GEO,2007,6.5959,18.5993001881899,10172931088.5655,12.5755698246405,9.24489745592404,70.985,3860158,107.933776855469,13.28,69.3,30.0,23.0,91.2,88.4,80.8,99.9,77.8,71.8,60.0,70.0,2635.3665027611564
Georgia,GEO,2008,5.681,12.5221905619449,12795145130.9103,2.42161440960641,9.99948761552747,70.949,3848449,110.87841796875,17.87,69.2,35.0,28.0,90.7,81.2,85.0,100.0,71.4,71.0,70.0,60.0,3324.7537205015055
Georgia,GEO,2009,6.4713,6.13732507746039,10766920065.8251,-3.65075229596822,1.7275146113791,71.058,3814419,106.653327941895,20.71,69.8,35.0,34.0,86.8,74.6,86.6,99.4,70.9,80.6,70.0,60.0,2822.689396687962
Georgia,GEO,2010,6.3124,7.41065931415781,12426907967.1578,6.24640865303363,7.11017897486099,71.732,3786695,,20.203,70.4,40.0,39.0,89.1,65.3,87.9,93.7,70.2,89.1,70.0,60.0,3281.7293093734247
Georgia,GEO,2011,7.5848,7.56100540937968,15475290469.2869,7.9343365253078,8.5429333333333,72.485,3756441,,19.632,70.4,40.0,41.0,87.5,60.3,87.3,92.1,76.7,89.2,70.0,60.0,4119.668183071929
Georgia,GEO,2012,8.2738,5.73087327277528,16894392033.2256,6.57883101954195,-0.943658853270964,72.672,3728874,,19.653,69.4,40.0,38.0,87.8,55.8,86.9,92.1,74.4,89.2,70.0,60.0,4530.695334094314
Georgia,GEO,2013,9.1493,5.97432640298838,17517660143.6859,5.13288531209382,-0.512058410947092,73.025,3717668,107.038832287684,19.416,72.2,45.0,41.0,88.2,68.9,90.6,91.1,72.6,89.2,75.0,60.0,4712.002293826641
Georgia,GEO,2014,9.8404,10.2241873429056,17966015109.3043,4.09049059581743,3.06881210379543,73.105,3719414,105.757088910744,17.439,72.6,40.0,42.8,87.3,69.7,87.8,91.2,78.4,88.6,80.0,60.0,4830.3348617024885
Georgia,GEO,2015,10.647,11.3986492046024,15223796148.8396,3.35102350265353,4.00357820695097,73.241,3725276,106.764155546761,16.506,73.0,40.0,49.0,87.2,73.8,88.6,79.9,82.7,88.6,80.0,60.0,4086.6223465964936
Georgia,GEO,2016,11.0252,10.746989399988,15444548901.9637,3.45021517996871,2.13492713939121,73.136,3727505,107.779901789534,16.604,72.6,40.0,52.0,87.6,75.3,86.5,75.7,80.5,88.6,80.0,60.0,4143.401256863156
Georgia,GEO,2017,11.1709,11.7183676491747,16473125375.0684,5.15990261658827,6.03531725272117,73.435,3728004,109.523203664239,13.939,76.0,55.1,65.0,87.3,74.4,87.2,75.9,78.2,88.6,80.0,60.0,4418.752065466775
Georgia,GEO,2018,11.137,7.28401976586955,17902544880.6471,6.062036412677,2.6152447139767,73.985,3726549,111.616827005361,12.667,76.2,62.8,61.8,87.0,73.3,86.9,77.3,79.6,89.4,80.0,60.0,4804.0546040444115
Georgia,GEO,2019,11.9227,7.92523222582948,17638337116.9126,5.38071926589951,4.85289821696723,74.165,3720161,111.900853903077,11.565,75.9,65.9,58.5,87.1,73.6,85.8,76.6,76.0,88.6,80.0,70.0,4741.283271587601
Georgia,GEO,2020,11.5406,3.47997036066188,16010869215.68,-6.2904717853839,5.2024648897534,73.509,3722716,108.06699476725,11.734,77.1,68.6,64.8,87.1,73.6,85.3,76.3,78.3,88.6,80.0,70.0,4300.857012912078
Georgia,GEO,2021,12.3432,6.84360165773215,18853115588.8106,10.6442336580969,9.56691433824769,71.635,3708610,106.201856681079,11.785,77.2,66.9,64.6,89.1,76.9,84.9,76.7,76.7,86.0,80.0,70.0,5083.606954845778
Georgia,GEO,2022,13.463,9.03652531888906,24984568959.605,10.9585321385624,11.8981654203198,74.141,3712502,103.710205488304,11.621,71.8,63.8,64.4,89.1,72.7,74.1,61.9,76.0,86.6,80.0,70.0,6729.846599302842
Georgia,GEO,2023,13.5563,6.86202066832702,30777833600.6515,7.83220126555726,2.48776056578715,74.496,3715483,103.183588288651,11.549,68.7,54.3,55.5,89.1,70.0,69.8,62.1,72.0,86.0,80.0,80.0,8283.669606522624
Georgia,GEO,2024,13.4674,4.68837816824546,34189423333.141,9.67979379712661,1.10971758022096,74.657,3812518,100.959315536762,11.557,68.4,53.3,61.1,89.1,69.6,74.4,63.0,69.3,86.4,80.0,80.0,8967.675256389872
Georgia,GEO,2025,,,38143612855.1367,7.46161504152039,3.8692132193969,,3935766,,12.097,69.0,62.3,58.9,89.1,72.9,78.1,63.5,65.3,86.2,60.0,60.0,9691.53472415197
Germany,DEU,2001,885.4745,2.89610853662771,1966381496641.73,1.63614170690956,1.98385731334471,78.3292682926829,82349925,99.554801940918,7.773,69.5,90.0,80.0,44.7,33.7,70.0,,89.4,78.0,90.0,50.0,23878.36414716504
Germany,DEU,2002,869.9404,2.43861371432105,2102350798305.89,-0.228255715793637,1.42080615551526,78.2292682926829,82488495,100.853607177734,8.482,70.4,90.0,76.0,53.3,36.5,70.0,,88.0,79.6,90.0,50.0,25486.5942008748
Germany,DEU,2003,877.913,2.5802310174772,2534715518349.01,-0.529801394291297,1.03422218628562,78.3804878048781,82534176,101.226783752441,9.779,69.7,90.0,74.0,55.7,30.0,70.0,,86.6,81.4,90.0,50.0,30711.10225113303
Germany,DEU,2004,863.3895,-0.715503012520614,2852317768061.78,1.16208684507278,1.66573696655992,78.6804878048781,82516260,101.377777099609,10.727,69.5,90.0,73.0,56.4,29.4,70.0,,87.1,79.8,90.0,50.0,34566.73591437348
Germany,DEU,2005,841.7481,2.06799391408494,2893393187361.87,0.885485292551564,1.54691114751328,78.9317073170732,82469422,101.436492919922,11.193,68.1,90.0,77.0,58.4,28.6,70.0,48.7,88.1,80.2,90.0,50.0,35084.43635462693
Germany,DEU,2006,855.4482,2.87049561649648,3046308753670.58,3.86668241523209,1.57742642840563,79.1317073170732,82376451,102.486396789551,10.277,70.8,90.0,82.0,60.8,31.7,89.1,44.4,87.1,82.4,90.0,50.0,36980.334994895326
Germany,DEU,2007,826.5971,1.4594247021417,3484056680854.91,2.8891174138025,2.29834400700951,79.5341463414634,82266372,102.009773254395,8.732,70.8,90.0,82.0,61.4,33.7,88.9,44.2,81.5,86.6,90.0,50.0,42350.921721148836
Germany,DEU,2008,829.9111,0.81284475683707,3808197720125.0,0.887902330743628,2.62837981637219,79.7365853658537,82110097,103.240730285645,7.508,70.6,90.0,80.0,58.4,34.0,89.9,46.3,81.4,86.0,80.0,60.0,46379.16479534788
Germany,DEU,2009,768.1326,1.63004671127687,3478545516683.59,-5.54455451920674,0.312739007368447,79.8365853658537,81902307,103.314292907715,7.88,70.5,90.0,78.0,58.5,38.2,90.3,43.4,80.8,85.8,80.0,60.0,42471.886862522566
Germany,DEU,2010,814.962,2.48154528887853,3467093769666.67,4.13463778522758,1.1038103778926,79.9878048780488,81776930,104.891357421875,7.043,71.1,90.0,79.0,58.3,41.4,89.6,39.9,79.9,87.5,85.0,60.0,42396.9665976293
Germany,DEU,2011,788.1211,2.55089499875415,3823575803793.78,3.75796884489337,2.07517283735874,80.4365853658537,80274983,105.34651184082,5.967,71.8,90.0,80.0,58.5,42.7,89.6,40.6,83.9,87.6,85.0,60.0,47630.97618835721
Germany,DEU,2012,800.0321,1.8196411156431,3596483233406.25,0.463512036709204,2.00848884782956,80.5390243902439,80425823,104.442237854004,5.372,71.0,90.0,79.0,61.3,32.2,90.5,41.4,83.5,87.1,85.0,60.0,44718.01592140686
Germany,DEU,2013,817.8158,1.76515036525359,3807023797050.99,0.396995583779145,1.50472330251876,80.490243902439,80645605,103.935333251953,5.316,72.8,90.0,80.0,61.8,37.3,92.1,43.8,81.2,86.8,85.0,70.0,47206.835351424175
Germany,DEU,2014,778.7527,0.437762571704246,3964870735760.77,2.18018602168017,0.906794000434246,81.090243902439,80982500,103.303871154785,4.979,73.4,90.0,80.1,61.2,38.2,89.9,46.4,80.8,87.8,90.0,70.0,48959.59912031328
Germany,DEU,2015,784.9143,1.82239938063641,3425099578746.09,1.66300602334775,0.514426137125456,80.6414634146341,81686611,102.192413330078,4.612,73.8,90.0,78.0,60.8,40.1,88.2,51.2,81.5,88.0,90.0,70.0,41929.754911072145
Germany,DEU,2016,789.2489,1.64365840117303,3536787895179.0,2.22222216259371,0.491747008445174,80.990243902439,82348669,100.852310180664,4.104,74.4,90.0,79.0,61.5,41.3,90.0,50.6,83.3,88.0,90.0,70.0,42948.9381932694
Germany,DEU,2017,774.4767,2.88914588414184,3765351626105.89,2.797906720551,1.50949485109628,80.9926829268293,82657002,101.095642089844,3.781,73.8,82.9,77.7,61.9,41.4,86.6,42.8,85.9,87.0,80.0,70.0,45553.93414953388
Germany,DEU,2018,746.6974,4.00082875273687,4055433215301.96,1.13569604599849,1.73216879766942,80.8926829268293,82905782,100.837303161621,3.384,74.2,81.0,75.3,61.3,41.3,86.1,53.3,86.2,86.9,80.0,70.0,48916.16866121545
Germany,DEU,2019,696.5002,1.9056930139782,3959894794039.21,0.977734697038784,1.44565976888253,81.2926829268293,83092962,101.152557373047,3.163,73.5,79.9,81.3,60.8,42.3,83.3,52.8,77.9,86.0,80.0,70.0,47656.19973974703
Germany,DEU,2020,642.0878,4.48523547812751,3941398957073.94,-4.13191443239947,0.144877925813982,81.0414634146342,83160871,101.307800292969,3.881,73.5,80.5,82.8,60.9,42.2,82.8,53.0,76.7,86.4,80.0,70.0,47394.8734504469
Germany,DEU,2021,670.667,2.93002168676674,4355251953410.78,3.90999994204108,3.06666666666673,80.790243902439,83196078,101.203536987305,3.594,72.5,78.8,81.5,60.4,40.3,82.4,53.0,77.2,84.0,80.0,70.0,52349.24599944218
Germany,DEU,2022,658.0886,1.82269397984058,4201021706478.62,1.8092581243061,6.87257438551097,80.6080487804878,83177813,100.81729888916,3.137,76.1,95.7,89.4,59.9,34.5,87.2,52.3,79.5,79.2,80.0,70.0,50506.51796385438
Germany,DEU,2023,589.6596,1.99210813981277,4562207532490.28,-0.869647578573321,5.94643667725823,81.0414634146342,83287273,100.603057861328,3.071,73.7,94.8,93.1,60.2,28.3,79.7,52.8,75.3,78.6,80.0,70.0,54776.766823549144
Germany,DEU,2024,579.9356,1.33680512940413,4685592577804.69,-0.495851897260366,2.2564981433876,80.7926829268293,83516593,100.243698120117,3.4,72.1,95.3,86.0,59.3,24.1,84.2,53.7,68.8,79.2,80.0,70.0,56103.73231825549
Germany,DEU,2025,,,5050922925047.05,0.239578342117881,2.17178770949721,,83491249,,3.711,71.6,95.4,86.0,60.5,26.9,83.7,53.3,69.0,79.6,60.0,70.0,60496.43508204135
Ghana,GHA,2001,6.5036,1.68056701347756,5314872854.4405,4.00000012807919,41.509496287803,58.403,20167069,30.9433898925781,9.615,58.0,50.0,33.0,73.0,84.1,55.0,,71.0,56.0,50.0,50.0,263.5421564948531
Ghana,GHA,2002,7.6803,0.955694277966518,6166197847.85031,4.49999955900331,9.36093239560313,58.709,20729388,32.267578125,8.711,57.2,50.0,35.0,73.3,79.7,55.0,,65.9,55.6,50.0,50.0,297.46164468774043
Ghana,GHA,2003,7.2083,1.7916409392104,7632723555.66221,5.200000133101,29.7729797160384,59.014,21296705,33.6547889709473,7.728,58.2,50.0,34.0,74.5,77.0,70.0,,55.8,62.6,50.0,50.0,358.39927142072963
Ghana,GHA,2004,6.7168,1.56810546990152,8881417906.71432,5.59999999077445,18.0427388232565,59.316,21868298,36.1445503234863,6.758,59.1,50.0,39.0,77.5,67.9,70.0,,61.6,65.6,50.0,50.0,406.13210532956515
Ghana,GHA,2005,7.1058,1.34923986570129,10744568381.4456,5.90000381855104,15.4389920155908,59.638,22449438,38.1276893615723,5.816,56.5,50.0,33.0,77.4,79.6,70.0,50.2,58.8,66.0,50.0,30.0,478.61190919102745
Ghana,GHA,2006,8.6407,3.04529018468516,20885037596.6963,6.39991260618034,11.6791839392492,59.975,23040702,39.8474884033203,4.897,55.6,50.0,36.0,75.6,74.8,50.0,49.5,64.5,55.4,50.0,50.0,906.441027564885
Ghana,GHA,2007,9.1225,5.57118876952139,24827339138.4906,4.34681910440079,10.7342665456292,60.282,23642279,43.759521484375,5.104,57.6,50.0,40.0,82.5,66.7,54.9,48.4,70.1,63.0,50.0,50.0,1050.1246152492574
Ghana,GHA,2008,8.6514,9.46643908231485,28679383241.0729,9.14979893831817,16.494639613412,60.578,24249946,46.0595817565918,5.144,57.0,50.0,33.0,83.7,71.5,53.4,47.6,68.0,63.0,50.0,50.0,1182.657612560164
Ghana,GHA,2009,9.9181,9.10808669100415,26048720005.5233,4.84448705175076,19.2469482220857,60.928,24862664,47.9277191162109,5.362,58.1,50.0,37.0,83.2,65.7,56.7,45.3,69.6,63.0,50.0,60.0,1047.7043009358651
Ghana,GHA,2010,11.128,7.84948455261709,32197655566.5347,7.89971194051621,10.7333898354915,61.297,25474995,,5.384,60.2,50.0,39.0,83.5,58.9,56.8,57.4,65.9,65.3,65.0,60.0,1263.892517605389
Ghana,GHA,2011,11.9922,8.2558797134245,39336668080.559,14.0471235803149,8.7284593709302,61.617,26095088,55.6069297790527,4.213,59.4,50.0,39.0,83.3,46.1,63.4,56.1,63.3,67.8,65.0,60.0,1507.4357319875296
Ghana,GHA,2012,14.4756,7.98251565917851,41271701060.954,9.2927894063005,11.1863409441067,61.995,26734268,56.7326017795109,3.126,60.7,50.0,41.0,81.9,48.3,62.9,62.9,66.9,67.8,65.0,60.0,1543.7752423576364
Ghana,GHA,2013,15.3977,5.13479660884921,62845721959.827,7.31252501678145,11.6661923071729,62.397,27386193,68.1991424560547,2.173,61.3,50.0,39.0,86.0,52.5,61.5,61.6,64.8,67.8,70.0,60.0,2294.795846937433
Ghana,GHA,2014,14.8352,6.15120635162518,54678533805.9064,2.85624016330883,15.4896160333318,62.832,28041592,63.974569978053,4.403,64.2,50.0,40.4,85.4,83.3,62.6,60.2,65.8,64.8,70.0,60.0,1949.9083292384541
Ghana,GHA,2015,15.6106,6.45737614178894,49436806230.4839,2.12075933817334,17.1499695007878,63.175,28696068,67.0486566518056,6.806,63.0,50.0,46.0,84.6,70.8,62.5,56.9,69.2,64.8,65.0,60.0,1722.77282833606
Ghana,GHA,2016,16.04,6.20782671803196,56144179397.8516,3.37346574966936,17.4546347070868,63.522,29356742,67.2644101341977,5.256,63.0,50.0,48.0,84.9,77.6,61.5,56.5,66.5,65.0,60.0,60.0,1912.4799133995045
Ghana,GHA,2017,17.3725,5.39035841681501,60385409434.8567,8.12889488100956,12.3719215507048,63.829,30008354,66.6359450193038,3.369,56.2,51.6,35.5,84.5,76.3,59.6,57.4,64.5,65.1,70.0,60.0,2012.2866264126549
Ghana,GHA,2018,19.0565,4.4440435772374,67259353965.6087,6.20007768127284,7.80876516610703,64.138,30637585,68.2222557975165,3.204,56.0,48.9,32.9,83.5,79.0,59.5,56.2,63.7,65.1,70.0,60.0,2195.321660163773
Ghana,GHA,2019,20.2766,5.67619931009197,68352629246.1555,6.5077747939152,7.14364003330857,64.455,31258945,71.1877006008423,3.067,57.5,49.1,35.5,78.8,82.0,56.5,59.9,66.3,63.4,70.0,60.0,2186.6582268261295
Ghana,GHA,2020,22.9458,2.67937438514205,70008243859.8666,0.513941670628171,9.88728956269944,64.309,31887809,74.0102186341371,3.178,59.4,52.5,32.2,78.4,88.1,58.4,59.3,68.9,63.8,70.0,60.0,2195.454816599867
Ghana,GHA,2021,24.4916,3.18633188953992,79514204730.3979,5.07646643533542,9.9710886750444,64.286,32518665,76.2084742091088,3.2,59.2,49.3,32.3,82.8,87.8,62.9,60.9,71.7,62.4,70.0,60.0,2445.18662529344
Ghana,GHA,2022,23.7878,1.93240124333448,73919003212.1998,3.80484978178042,31.2558951049016,65.246,33149152,77.8168696801948,2.87,59.8,60.7,45.4,82.8,83.8,60.9,55.4,70.8,63.0,70.0,60.0,2229.8912265447934
Ghana,GHA,2023,23.2246,1.63794208218413,80547146875.9526,3.14009100080186,38.1069656296501,65.498,33787914,,2.829,58.0,50.5,57.2,82.9,81.2,53.3,55.8,70.3,63.0,70.0,60.0,2383.904104762212
Ghana,GHA,2024,24.171,2.11980137105215,83288585604.0268,5.84746854280382,22.8483281157842,65.695,34427414,75.7174682617188,2.82,55.8,50.1,43.9,79.5,75.5,52.9,55.7,58.6,63.0,70.0,60.0,2419.2518672481992
Ghana,GHA,2025,,,114209905278.717,5.95441714756899,14.2046755548989,,35064272,,2.979,56.0,50.5,45.8,79.9,81.6,56.6,55.9,52.7,64.4,60.0,60.0,3257.158890357598
Greece,GRC,2001,98.1212,0.0015155315166,132050474720.03,4.65041459442163,3.37396832213867,78.3878048780488,10862132,102.047653198242,10.764,63.4,70.0,49.0,50.9,54.4,70.0,,78.3,78.0,70.0,50.0,12156.957282422089
Greece,GRC,2002,98.0879,0.0227485404811931,150253800085.865,4.68313727063017,3.62935871878874,78.6414634146341,10902022,98.1837997436523,10.346,59.1,50.0,49.0,50.1,54.4,70.0,,78.7,79.6,50.0,50.0,13782.195640943028
Greece,GRC,2003,101.8453,0.71501703822218,196930509813.384,5.79682274294369,3.53065027765552,78.8414634146341,10928070,94.3411178588867,9.839,58.8,50.0,42.0,57.2,50.3,70.0,,78.5,81.4,50.0,50.0,18020.612039764022
Greece,GRC,2004,101.5903,0.914091172780157,234979615898.225,5.37786634595851,2.8988481075817,79.0390243902439,10955141,92.8870162963867,10.628,59.1,50.0,42.0,58.4,53.2,70.0,,78.1,79.8,50.0,50.0,21449.25527642456
Greece,GRC,2005,103.6398,0.284127006962334,242315668619.405,1.18350635493289,3.54507273335078,79.2390243902439,10987314,96.8381423950195,10.074,59.0,50.0,43.0,58.0,54.4,70.0,56.1,78.1,80.2,50.0,50.0,22054.131575688563
Greece,GRC,2006,102.3866,2.01112523714783,269073415333.676,6.44339762487436,3.19594684144545,79.4390243902439,11020362,96.8165969848633,8.906,60.1,50.0,43.0,61.0,53.9,73.2,58.6,78.7,82.4,50.0,50.0,24416.02329702745
Greece,GRC,2007,106.0063,0.622837777539062,314226996944.108,3.50686976639459,2.89500321516578,79.4390243902439,11048473,95.9788131713867,8.351,58.7,50.0,43.0,62.4,53.4,69.7,58.0,78.4,81.6,50.0,40.0,28440.76253289554
Greece,GRC,2008,101.836,1.6328960526629,351121399546.485,0.0574740238200775,4.15279708110293,79.9390243902439,11077841,,7.664,60.6,50.0,44.0,65.6,57.8,70.4,58.8,78.5,81.0,50.0,50.0,31695.83310922092
Greece,GRC,2009,96.2178,0.846404808815716,326829054686.306,-4.11927606715011,1.21007269197809,80.1878048780488,11107017,,9.546,60.8,50.0,46.0,66.5,46.3,78.7,61.2,78.8,80.8,50.0,50.0,29425.457320026253
Greece,GRC,2010,89.0981,0.179789223267027,296417644404.034,-5.6937412158003,4.71298907760388,80.3878048780488,11121341,107.819053649902,12.719,62.7,60.0,47.0,65.9,41.9,77.4,55.1,77.6,82.5,60.0,60.0,26653.048800862594
Greece,GRC,2011,86.1447,0.38562256563474,283228079776.041,-9.87677875300243,3.3298532335065,80.7317073170732,11104899,105.956047058105,17.973,60.3,50.0,38.0,65.9,34.3,76.2,55.2,80.6,82.6,60.0,60.0,25504.786651012408
Greece,GRC,2012,81.555,0.695897838082299,238841140018.233,-8.33113421099992,1.50152696177758,80.6341463414634,11045011,106.290550231934,24.731,55.4,50.0,35.0,65.3,16.2,76.3,36.6,72.6,82.1,60.0,60.0,21624.346052551056
Greece,GRC,2013,73.8775,1.24506178790059,236556279640.705,-2.27211699888024,-0.921269454256994,81.2853658536585,10965211,107.414306640625,27.686,55.4,40.0,34.0,66.2,24.7,77.1,42.1,73.4,81.8,65.0,50.0,21573.344976280438
Greece,GRC,2014,71.0085,1.15314480305525,233911581521.062,0.792225060962835,-1.31226096405506,81.3853658536585,10892413,103.468589782715,26.708,55.7,40.0,33.2,65.9,19.2,75.8,53.9,76.3,82.8,60.0,50.0,21474.725712389165
Greece,GRC,2015,69.4522,0.652184629866422,194567373678.099,-0.228301892172851,-1.73588804765284,81.0365853658537,10820883,103.377700805664,24.981,54.0,40.0,40.0,64.2,0.0,73.3,51.6,77.8,83.0,60.0,50.0,17980.72982381373
Greece,GRC,2016,68.1612,1.3975055397238,193097239005.87,-0.0317947678412054,-0.825653978390973,81.3878048780488,10775971,103.952072143555,23.514,53.2,40.0,43.0,64.4,0.0,73.8,50.2,77.7,83.0,60.0,40.0,17919.24263770476
Greece,GRC,2017,68.3839,1.7162955046024,200381103984.298,1.47312472702352,1.12125452031419,81.2878048780488,10754679,104.228790283203,21.413,55.0,52.5,41.3,61.1,5.4,74.3,51.0,78.2,82.0,60.0,40.0,18631.99301292935
Greece,GRC,2018,66.5357,1.88723349665643,213298873494.394,2.06467207892409,0.62562141345364,81.7878048780488,10732882,103.891693115234,19.179,57.3,52.3,37.9,60.4,20.9,74.4,54.4,81.0,81.9,55.0,40.0,19873.401523877186
Greece,GRC,2019,61.4927,2.41172201156202,207305649887.019,2.27718065334808,0.253007522038157,81.6390243902439,10721582,106.527839660645,17.045,57.7,52.4,37.7,59.1,23.3,74.1,52.5,79.1,81.0,55.0,50.0,19335.36020029684
Greece,GRC,2020,52.3606,1.72637818314203,191362985554.861,-9.19623149726978,-1.24798355581405,81.2878048780488,10698599,103.615829467773,15.899,59.9,57.0,51.2,59.0,31.5,73.7,52.0,79.4,81.4,55.0,50.0,17886.733165236026
Greece,GRC,2021,53.7151,3.0165221032062,218303801895.326,8.65449786002131,1.22382501019854,80.0829268292683,10570130,104.77806854248,14.656,60.9,55.5,53.6,59.9,34.2,75.8,49.8,80.0,84.0,55.0,50.0,20652.896595909984
Greece,GRC,2022,55.1164,3.69648293387112,217990189600.69,5.52198580589408,9.64525981280632,80.7878048780488,10437805,106.599418640137,12.426,61.5,76.0,52.3,59.9,17.9,70.3,61.1,78.6,79.2,55.0,50.0,20884.677343626365
Greece,GRC,2023,51.2379,1.94366777616511,242946187738.269,2.13591131996631,3.46480128513405,81.7365853658537,10407351,105.191741943359,11.023,56.9,76.7,69.9,60.8,9.7,70.3,60.7,79.6,78.6,55.0,50.0,23343.71039645622
Greece,GRC,2024,52.5087,2.6312519942121,256238371778.118,2.0865743380603,2.74101875679486,81.8390243902439,10405134,,10.02,55.1,76.9,55.2,60.6,3.4,73.9,62.8,68.9,79.2,55.0,50.0,24626.14818589727
Greece,GRC,2025,,,280635521324.441,2.07306882481713,2.48209745378857,,10413962,,8.54,60.6,77.3,51.8,60.0,14.0,78.0,61.7,70.7,79.6,55.0,50.0,26948.007043279107
Guatemala,GTM,2001,10.1703,-5.088199966054,18405220247.4412,2.33257486608854,7.28587366610138,67.436,11969422,32.8574981689453,2.251,65.1,50.0,32.0,86.7,94.9,55.0,,74.8,72.6,50.0,70.0,1537.6866357825131
Guatemala,GTM,2002,10.6383,-4.97449876130187,20444205991.025,3.83928708556792,8.13263054281054,67.835,12246915,35.5038414001465,2.254,62.3,30.0,32.0,79.8,95.7,55.0,,74.7,73.6,50.0,70.0,1669.3351746970566
Guatemala,GTM,2003,10.6273,0.0903239703402523,21576351798.9145,2.56037766801896,5.60347675434469,68.204,12525842,,2.807,62.3,30.0,29.0,79.8,95.5,55.0,,78.3,73.4,50.0,70.0,1722.5470191077375
Guatemala,GTM,2004,10.8357,1.36317570702825,23577298094.6571,3.13791683609193,7.57862247309729,68.245,12807402,38.6178703308105,2.971,59.6,30.0,25.0,79.8,95.0,55.0,,77.4,73.8,30.0,70.0,1840.911848839999
Guatemala,GTM,2005,11.7657,2.01617500337249,26783389293.922,3.27602692588886,9.1086498571922,68.167,13087629,40.5942687988281,3.059,59.5,30.0,24.0,77.0,95.4,55.0,60.6,79.1,73.4,30.0,70.0,2046.4661165075813
Guatemala,GTM,2006,11.9282,2.13587522888421,29744246827.1839,5.35139778711536,6.56085282795384,68.79,13367459,42.4339714050293,2.96,59.1,30.0,22.0,79.7,94.6,49.2,62.4,78.1,75.2,50.0,50.0,2225.123475387798
Guatemala,GTM,2007,12.6993,2.55959192771149,33567850824.1039,6.33771869016203,6.82161753590326,69.299,13652040,44.2429885864258,2.847,60.5,30.0,25.0,79.8,96.1,52.3,59.6,71.6,80.2,50.0,60.0,2458.815739193842
Guatemala,GTM,2008,11.5613,1.89952208705823,38503720224.3166,3.29352400028485,11.355761126315,69.493,13935174,45.231330871582,2.898,59.8,30.0,26.0,79.9,95.9,54.6,60.0,72.9,78.4,50.0,50.0,2763.0598817292557
Guatemala,GTM,2009,12.1995,1.34627822535543,37126148264.6383,0.476898106596394,1.85910254733028,69.676,14215611,48.2657203674316,3.22,59.4,30.0,28.0,79.4,93.5,54.1,57.3,73.3,78.4,50.0,50.0,2611.6463277335247
Guatemala,GTM,2010,11.7791,2.71030706792051,40676578423.4871,2.88417542800377,3.8595090983316,69.885,14500112,52.1883200232994,3.497,61.0,35.0,31.0,79.3,93.9,52.5,54.3,70.2,84.0,60.0,50.0,2805.2596023732162
Guatemala,GTM,2011,12.1427,1.87038244023626,46876006272.2387,4.16390688293349,6.214123930671,70.321,14792126,52.7689609562719,3.169,61.9,35.0,34.0,79.5,94.4,52.1,53.4,76.4,84.6,60.0,50.0,3168.9837060770506
Guatemala,GTM,2012,12.5792,2.82256297187213,49593929487.1263,2.97470856847661,3.78180754679678,70.722,15089647,53.1178493302463,2.765,60.9,30.0,32.0,79.6,93.9,48.5,53.5,77.3,84.6,60.0,50.0,3286.619593362674
Guatemala,GTM,2013,13.5353,2.87216286478145,52996420177.4409,3.69476814623695,4.34337131279521,70.878,15387337,53.323315834897,3.017,60.0,30.0,27.0,79.6,93.6,50.8,48.7,75.5,85.2,60.0,50.0,3444.1580227586423
Guatemala,GTM,2014,14.5357,2.43302117698753,57852159007.6243,4.44397825774911,3.4183616966296,70.942,15681725,52.9668023678254,2.717,61.2,25.0,28.7,79.6,93.6,58.4,49.3,76.7,85.4,65.0,50.0,3689.145104102023
Guatemala,GTM,2015,16.9576,1.93508794944894,62186066547.6566,4.09217170075418,2.3887203283955,70.915,15971743,54.8864188204824,2.506,60.4,20.0,29.0,79.6,94.1,54.7,50.6,76.8,84.6,65.0,50.0,3893.5053329906823
Guatemala,GTM,2016,18.0238,1.28045862124744,66053408205.8838,2.6778031930216,4.44844199942827,71.215,16268760,54.4252556188872,2.583,61.8,20.0,32.0,79.1,94.3,62.5,50.9,77.9,86.4,65.0,50.0,4060.1378473764316
Guatemala,GTM,2017,17.0573,1.39328931381397,71653780740.4226,3.0798512212244,4.42453655182546,71.583,16567357,54.0444773151521,2.462,63.0,45.0,27.5,79.2,94.8,58.7,48.2,79.4,87.0,65.0,50.0,4324.997689156007
Guatemala,GTM,2018,18.7397,1.25790065429015,73328356007.6152,3.40687328176345,3.75186186704508,71.496,16845685,54.0797647125185,2.283,63.4,40.4,27.3,79.2,95.3,57.3,48.3,77.6,87.2,70.0,50.0,4352.9459328970715
Guatemala,GTM,2019,19.663,1.51707073546928,77172331693.4093,4.01789830861587,3.69998398008605,71.639,17103803,52.5563883982916,2.193,62.6,40.3,26.4,79.2,95.6,53.6,48.7,77.0,82.2,70.0,50.0,4511.998395526965
Guatemala,GTM,2020,17.6187,1.29230382378627,77719468248.3666,-1.78555117570465,3.21444062197345,69.971,17357325,51.7956964848587,2.965,64.0,45.5,29.6,79.2,95.6,62.6,48.4,77.4,82.2,70.0,50.0,4477.617850006645
Guatemala,GTM,2021,20.2047,4.19448571319716,86455522272.7383,8.04170398855833,4.26105127422813,67.858,17598650,48.157456034521,2.174,64.0,43.2,30.1,91.8,94.8,61.5,48.5,77.7,75.6,70.0,50.0,4912.622404146812
Guatemala,GTM,2022,18.9518,1.51665826758099,95609727055.5754,4.15492196609047,6.88512823344287,71.206,17847877,45.8926232164663,3.051,63.2,39.8,26.5,91.5,94.0,62.1,50.3,79.3,75.0,70.0,50.0,5356.924358878952
Guatemala,GTM,2023,20.1279,1.58230175223989,104298081428.769,3.52430434049013,6.20657592272126,72.602,18124838,47.3762534803949,2.344,62.7,39.2,28.5,91.7,94.0,65.8,50.1,77.4,74.6,70.0,50.0,5754.428339098479
Guatemala,GTM,2024,20.3694,1.63228788754296,113215575150.885,3.71558453779777,2.86992752918294,72.746,18406359,49.5765804970836,2.613,62.4,38.8,22.8,91.3,93.7,66.4,50.4,74.6,75.0,70.0,50.0,6150.894652814552
Guatemala,GTM,2025,,,123306008821.471,4.28003207921405,1.48841591086169,,18687881,,2.604,63.4,38.7,22.6,92.0,94.3,67.1,57.9,74.2,72.2,70.0,50.0,6598.180329887106
Guinea,GIN,2001,1.5754,0.0406493462481599,4125527603.22908,3.65834646929586,,52.669,8539960,18.4985904693604,4.584,58.4,30.0,30.0,71.3,92.3,55.0,,76.6,70.2,50.0,50.0,483.0851202147411
Guinea,GIN,2002,1.698,0.697413496345229,4301608752.51396,5.16460946696631,,53.2,8674066,21.2247695922852,4.549,52.9,30.0,25.0,71.3,92.3,55.0,,74.4,28.0,50.0,50.0,495.91607355926965
Guinea,GIN,2003,1.7983,1.57141015760488,5025167975.26363,1.24860125923698,,53.589,8870781,22.6574001312256,4.628,54.6,30.0,25.0,71.2,91.6,55.0,,79.9,19.0,50.0,70.0,566.4854058806807
Guinea,GIN,2004,1.8304,1.8469021984972,5300767960.51572,2.34011731288737,,53.975,9062726,24.6455307006836,4.709,56.1,30.0,25.0,71.2,89.1,55.0,,82.5,52.2,30.0,70.0,584.8977405380809
Guinea,GIN,2005,1.7523,2.45185683545098,4282468636.90501,2.99727256275818,31.3733025877534,54.422,9245844,29.0273208618164,4.814,57.4,30.0,25.0,71.0,90.0,55.0,70.5,75.2,57.2,30.0,70.0,463.1776868509798
Guinea,GIN,2006,1.8567,2.96207137841546,4220019845.26341,1.18960211693242,34.6952705997072,54.875,9441171,32.2970886230469,4.863,52.8,30.0,25.0,70.3,90.0,43.8,71.0,70.4,47.8,30.0,50.0,446.9805541350125
Guinea,GIN,2007,1.9398,6.14302807033806,6281918226.34408,6.81747111070281,18.1755656108597,55.233,9662281,,4.787,54.5,30.0,30.0,74.3,91.8,40.9,70.5,57.5,59.6,30.0,60.0,650.1485753047422
Guinea,GIN,2008,2.062,5.48348837799648,6964179983.17212,4.13301615965833,23.065612938798,55.703,9898870,33.2380905151367,4.803,52.8,30.0,19.0,70.1,88.7,45.9,70.8,54.3,59.6,40.0,50.0,703.5328257843694
Guinea,GIN,2009,2.1879,1.3552372021911,6716905339.73136,-1.12264204848687,4.68438868976504,56.052,10143534,,4.914,51.0,20.0,19.0,71.1,91.9,45.2,66.3,57.4,59.6,40.0,40.0,662.1859146655752
Guinea,GIN,2010,2.5103,,6853467145.53089,4.81336016967553,15.0502688559001,56.431,10396086,,5.018,51.8,20.0,16.0,69.9,93.1,43.7,78.0,57.4,60.0,40.0,40.0,659.2353262113155
Guinea,GIN,2011,2.6535,14.0905035719922,6785137203.33153,5.61211177430975,21.3169268542577,56.778,10656810,36.7464790344238,5.024,51.7,20.0,18.0,69.6,90.9,40.8,66.6,70.3,61.2,40.0,40.0,636.6949587476487
Guinea,GIN,2012,2.5111,7.92820721970247,7638044556.84656,5.91528626133322,15.2262941038638,57.117,10921581,36.8766899108887,4.874,50.8,20.0,20.0,69.3,82.6,38.5,64.7,67.1,61.2,45.0,40.0,699.3533772121966
Guinea,GIN,2013,2.2699,0.0022682197180158,8376613539.28278,3.94568708624053,11.8875884481828,57.459,11191873,,4.944,51.2,20.0,21.0,69.6,82.6,46.1,63.8,62.8,61.2,45.0,40.0,748.4550208247341
Guinea,GIN,2014,2.3734,-0.840221306496811,8778473372.82124,3.69655311664086,6.1505055670642,57.581,11472924,38.5548782348633,5.044,53.5,20.0,19.2,69.3,86.2,51.8,73.4,64.1,61.2,50.0,40.0,765.1469993892786
Guinea,GIN,2015,2.8673,0.605767981893699,8794201742.84609,3.82591056949435,11.7800825029834,57.899,11767070,,5.15,52.1,15.0,24.0,68.1,79.5,51.6,74.4,66.7,61.2,40.0,40.0,747.3569667594473
Guinea,GIN,2016,3.2295,18.8280094343567,8595955222.49719,10.82062719659,8.17268112275132,58.49,12073030,,4.997,53.3,20.0,25.0,68.5,81.2,51.4,71.8,69.2,61.2,45.0,40.0,711.9965097823157
Guinea,GIN,2017,3.2701,5.59427174638354,10324668271.1362,10.3000053427355,8.91435947913097,58.715,12385659,,4.86,47.6,15.6,27.5,69.1,78.4,55.8,54.8,71.1,61.2,50.0,40.0,833.5986216911188
Guinea,GIN,2018,3.7415,2.97511256265365,11857030366.7891,6.35849192736715,9.82761701259191,59.043,12704774,,4.835,52.2,32.4,26.9,65.9,80.6,54.1,54.0,71.8,61.2,50.0,40.0,933.273615633706
Guinea,GIN,2019,4.814,0.330286821832839,13442861496.4454,5.61691446889876,9.47001039253012,59.379,13034346,,5.018,55.7,34.7,25.5,69.4,89.8,54.6,54.9,66.4,63.2,50.0,40.0,1031.3414648073176
Guinea,GIN,2020,5.3934,1.25171292113785,14088693742.9464,4.70459096113575,10.6016203387167,59.35,13371183,,6.007,56.5,38.7,16.1,70.0,91.4,55.4,58.0,70.6,60.4,50.0,40.0,1053.6609769641475
Guinea,GIN,2021,5.0777,1.15770496278309,17069115737.8259,5.5823328114905,12.5972882566934,59.373,13710513,,5.815,56.5,32.2,22.0,69.7,92.5,47.1,58.6,70.5,66.4,50.0,40.0,1244.9655047791355
Guinea,GIN,2022,5.2208,3.30630355394451,19910452541.9219,3.97240784200721,10.4930409984424,60.432,14055137,,5.174,54.2,21.4,25.6,69.3,92.8,45.4,49.5,69.7,66.4,50.0,40.0,1416.596120117641
Guinea,GIN,2023,5.0264,5.86822813302221,22407615556.0571,5.54172668627702,7.80497591927973,60.74,14405468,,5.141,53.2,20.4,26.7,70.1,92.5,45.4,50.0,68.2,59.4,50.0,40.0,1555.4937580686096
Guinea,GIN,2024,5.2054,5.60537419672253,25008678293.4073,5.35004659049265,8.12313914948596,60.904,14754785,,5.132,53.3,21.7,23.9,70.1,92.7,44.9,48.8,69.0,59.4,50.0,40.0,1694.9537586218505
Guinea,GIN,2025,,,28346024753.2924,7.44709668357611,3.54630163142885,,15099727,,5.163,54.6,22.3,25.1,70.4,93.0,44.9,56.4,71.1,61.8,50.0,40.0,1877.254122097201
Guinea-Bissau,GNB,2001,0.2115,0.0958805556532383,412610871.509121,4.7859716500482,3.34812265527108,51.054,1261273,,2.958,42.5,10.0,10.0,65.9,81.3,40.0,,70.9,64.8,30.0,10.0,327.1384319723969
Guinea-Bissau,GNB,2002,0.2233,0.759522998746594,466773711.235579,3.65393603642713,3.30012175283752,51.608,1289307,,3.146,42.3,10.0,10.0,65.1,79.7,40.0,,74.6,61.0,30.0,10.0,362.0345745703537
Guinea-Bissau,GNB,2003,0.2645,0.723518172893491,553614800.145707,-0.285931052286514,-3.50258551103421,52.186,1318806,,3.169,43.1,10.0,10.0,82.5,47.3,40.0,,77.2,61.0,50.0,10.0,419.7848661180697
Guinea-Bissau,GNB,2004,0.2697,0.329050599325975,582169841.298304,1.17189152277038,0.883302696930943,52.8,1349563,,3.226,42.6,10.0,10.0,82.7,46.8,40.0,,77.7,56.4,50.0,10.0,431.37655766963377
Guinea-Bissau,GNB,2005,0.2753,1.35867358840187,639776040.688424,6.55977111846077,3.32919922802856,52.949,1381585,32.1273002624512,3.184,46.0,10.0,10.0,83.0,65.9,40.0,51.6,83.0,56.4,50.0,10.0,463.07396265045145
Guinea-Bissau,GNB,2006,0.2891,2.81783767413937,634781901.251494,2.66650493269572,1.95473717628916,54.089,1415303,34.3966407775879,3.143,46.5,10.0,10.0,81.0,58.7,27.2,51.8,89.0,57.8,50.0,30.0,448.5130754697009
Guinea-Bissau,GNB,2007,0.3073,2.49217201872461,753162998.015113,2.55982647078751,4.61743772241997,54.87,1450986,,3.125,46.1,20.0,10.0,82.9,51.0,27.2,51.6,80.7,57.8,40.0,40.0,519.0697897947416
Guinea-Bissau,GNB,2008,0.2916,0.695948347275502,952667544.037289,4.52457514610252,10.4600731354706,55.3,1488054,,3.157,44.4,20.0,10.0,88.4,56.5,24.8,51.7,75.7,56.8,30.0,30.0,640.2103311017537
Guinea-Bissau,GNB,2009,0.3091,2.12209420424558,890167833.369849,2.44795106098685,-1.65139733620775,56.297,1526377,,3.163,45.4,20.0,22.0,88.4,49.1,24.2,50.5,73.5,66.8,30.0,30.0,583.1900201390933
Guinea-Bissau,GNB,2010,0.3138,2.79117647230681,940112538.936436,5.60536311358261,2.51785140171701,56.999,1566347,,3.121,43.6,20.0,19.0,88.6,47.3,23.4,52.5,67.0,58.2,30.0,30.0,600.1942985407678
Guinea-Bissau,GNB,2011,0.3184,2.16270009395862,1157074319.19388,8.08504167173554,5.046102263202,57.663,1608076,,3.072,46.5,20.0,19.0,88.7,54.8,25.5,61.4,72.2,63.6,30.0,30.0,719.5395734989391
Guinea-Bissau,GNB,2012,0.3202,0.631297914892102,1049412177.11413,-1.71286958446419,2.13054580274503,58.27,1651417,,3.135,50.1,20.0,21.0,88.7,63.3,40.5,61.0,75.9,65.3,35.0,30.0,635.4616533038778
Guinea-Bissau,GNB,2013,0.3295,1.76984840814073,1109682824.13594,3.25607190852087,1.20712555668405,58.879,1695973,,3.173,51.1,20.0,22.0,89.1,82.0,41.3,54.0,72.7,65.3,35.0,30.0,654.3045344094157
Guinea-Bissau,GNB,2014,0.3412,2.54152912247103,1135250721.0374,0.964525745841428,-1.50924460570494,59.476,1741122,,3.285,51.3,20.0,20.2,89.0,86.6,40.5,61.4,74.4,61.4,30.0,30.0,652.0225010294512
Guinea-Bissau,GNB,2015,0.3625,1.61191900956541,1152384166.79638,6.1340893623123,1.47672048910485,60.071,1786457,,3.168,52.0,20.0,19.0,89.1,88.0,39.6,61.7,77.5,65.4,30.0,30.0,645.0668372070417
Guinea-Bissau,GNB,2016,0.3788,1.92748272635559,1245074264.10396,5.4326782650304,1.50312055861088,60.619,1831893,,3.139,51.8,20.0,19.0,89.3,94.1,36.7,61.1,78.5,59.4,30.0,30.0,679.6653866268172
Guinea-Bissau,GNB,2017,0.3066,1.06744396733032,1469978606.12143,4.66367943913264,1.69111461822298,61.148,1877072,,3.089,56.1,33.8,28.7,89.0,87.5,46.7,60.9,77.7,65.2,30.0,30.0,783.1231866020216
Guinea-Bissau,GNB,2018,0.3526,1.32316927565873,1554133593.91699,3.76145359637003,0.381324702790992,61.652,1922168,,3.127,56.9,31.1,27.3,86.4,85.6,47.8,61.1,77.4,65.2,30.0,30.0,808.5316132185064
Guinea-Bissau,GNB,2019,0.3566,4.48928839147048,1596214680.12925,5.32749571119344,0.24660026814783,62.161,1967696,,2.413,54.0,32.6,25.3,88.8,86.7,35.9,61.2,78.1,55.6,30.0,30.0,811.2100040500413
Guinea-Bissau,GNB,2020,0.3363,1.23102382929433,1705062169.81422,2.89149979806913,1.14000939393222,61.343,2013255,,2.887,53.3,41.3,14.8,88.7,86.7,39.1,61.2,82.7,49.0,30.0,30.0,846.9181349676121
Guinea-Bissau,GNB,2021,0.336,0.971357397018973,1907611288.23036,5.0173096003907,2.24248879577658,61.653,2058841,,3.016,54.9,39.5,20.2,88.7,88.7,37.9,61.0,86.7,55.8,30.0,30.0,926.5461918770609
Guinea-Bissau,GNB,2022,0.3439,1.16676746385654,1856239954.81555,5.45776090019501,9.39075933985203,63.605,2105529,,2.666,46.0,29.1,15.9,88.8,85.8,31.5,56.4,83.4,55.8,30.0,30.0,881.6026541622319
Guinea-Bissau,GNB,2023,0.3293,1.21022351361357,2076748678.11987,4.63052364601562,7.10220928557059,64.085,2153339,,2.632,44.6,27.5,14.7,89.1,84.2,31.6,56.6,79.9,50.7,30.0,30.0,964.4318326653954
Guinea-Bissau,GNB,2024,0.3422,1.21259612687519,2197777209.94218,4.40920107183611,3.76555825770114,64.254,2201352,,2.647,42.7,26.5,19.3,88.9,83.1,32.4,55.0,74.2,50.6,30.0,30.0,998.3760933926878
Guinea-Bissau,GNB,2025,,,2527930272.92988,5.81813762310792,0.874929691038717,,2249515,,2.673,43.6,26.5,20.4,88.9,84.5,35.1,54.8,73.3,50.6,30.0,30.0,1123.766799923486
Guyana,GUY,2001,1.6456,7.86331922179128,712167450.162898,2.2795216592191,2.62741314203333,64.38,764477,94.4679107666016,11.796,53.3,50.0,30.0,60.3,54.4,55.0,,79.0,51.0,50.0,50.0,931.5747238476736
Guyana,GUY,2002,1.6237,6.0044226038902,726131434.715338,1.13262696199476,5.34101521377408,64.183,763652,,11.81,54.3,50.0,30.0,60.9,47.1,55.0,,79.1,66.8,50.0,50.0,950.866932470992
Guyana,GUY,2003,1.6197,3.51248368176644,743063950.317749,-0.632225388266377,5.98097814066473,64.117,763101,83.45947265625,11.529,50.3,50.0,30.0,60.3,7.9,55.0,,82.4,66.8,50.0,50.0,973.7425980541882
Guyana,GUY,2004,1.6735,3.80800361007364,787814379.183843,1.56335211034042,4.66846622369881,64.214,762418,,11.281,53.0,50.0,30.0,60.9,14.5,55.0,,81.1,65.2,50.0,70.0,1033.310309021879
Guyana,GUY,2005,1.4834,9.31043894391441,824880550.343965,-1.95095759501714,6.92554303890158,64.392,760914,86.2115325927734,11.085,56.5,50.0,30.0,60.3,43.0,55.0,62.5,80.1,63.8,50.0,70.0,1084.0654138890402
Guyana,GUY,2006,1.3346,4.30285006670754,2379817990.6918,5.12960934773,6.67715790410028,64.848,758966,,10.7,56.6,50.0,30.0,60.3,41.7,56.9,62.9,80.7,63.8,50.0,70.0,3135.6055352832673
Guyana,GUY,2007,1.607,5.58043153055629,2730971595.39574,7.19123624057457,12.2001544446648,65.462,756861,85.3779830932617,10.84,53.7,40.0,25.0,67.1,34.3,57.0,62.5,74.1,67.0,50.0,60.0,3608.286852401881
Guyana,GUY,2008,1.6055,5.88393294374128,3025187433.33637,1.75522349592019,8.10202206969276,65.721,754606,86.2414169311523,11.018,48.8,40.0,25.0,67.3,16.0,56.6,63.1,73.9,65.8,40.0,40.0,4008.9628671603064
Guyana,GUY,2009,1.629,5.18058909263255,3165663152.73351,3.61150847218585,2.95230096381001,66.03,752094,89.8750076293945,11.307,48.4,40.0,26.0,66.5,3.2,60.9,65.2,69.6,72.6,40.0,40.0,4209.132306245642
Guyana,GUY,2010,1.7612,5.76769722571896,3432912516.92427,4.13844160137342,4.3005534033896,66.204,749256,93.2864608764648,11.632,48.4,35.0,26.0,55.9,26.2,63.4,65.2,71.0,71.3,30.0,40.0,4581.761796934919
Guyana,GUY,2011,1.8334,6.68583866568761,3691384317.52178,5.19625156051602,4.4073041447003,66.469,746153,101.134757995605,11.811,49.4,30.0,26.0,64.6,29.1,66.8,60.3,75.8,71.3,30.0,40.0,4947.2217058991655
Guyana,GUY,2012,2.0026,6.8398706440639,4063088535.76331,5.27633062046809,2.39057526653742,66.443,746288,102.622467041016,12.029,51.3,30.0,27.0,64.0,52.0,65.5,65.3,77.4,71.5,30.0,30.0,5444.397519139139
Guyana,GUY,2013,1.9774,4.81209139842568,4167800928.83553,3.65338433338232,1.9111250917408,66.71,750021,,12.296,53.8,30.0,25.0,67.9,61.1,66.3,75.4,75.9,71.2,35.0,30.0,5556.9123115693155
Guyana,GUY,2014,2.0651,5.75992305097648,4127660151.8087,1.68649445019584,0.683700250354637,67.334,754229,,12.637,55.7,30.0,24.4,68.4,71.8,64.3,72.6,78.1,72.0,45.0,30.0,5472.6882045223665
Guyana,GUY,2015,2.0746,3.21740985101614,4279840193.7046,0.687404590619494,-0.865401289233742,67.719,758781,,13.009,55.5,25.0,27.0,68.7,70.8,63.8,74.5,78.4,72.0,45.0,30.0,5640.41560569466
Guyana,GUY,2016,2.4564,1.29386384235538,4482697336.56174,3.80745626378814,0.826177341246544,68.069,763548,,13.263,55.4,30.0,30.0,68.7,73.1,63.0,70.7,77.4,70.8,40.0,30.0,5870.878237598344
Guyana,GUY,2017,2.4688,4.46995182690347,4748174334.14044,3.73449154571284,1.94571617739331,68.543,768479,,13.466,58.5,37.7,33.9,68.0,72.8,63.2,70.9,79.8,70.7,60.0,30.0,6178.665043729809
Guyana,GUY,2018,2.5808,25.7279321835024,4787636997.85343,4.44091288475967,1.25128567037044,68.829,791556,,13.627,58.7,42.1,34.8,68.4,70.8,60.3,70.5,79.3,71.5,60.0,30.0,6048.386971804181
Guyana,GUY,2019,2.7934,51.9994680084664,5173760191.84652,5.35284003535665,2.11238986774464,69.067,807665,,13.172,56.8,41.7,33.2,67.0,69.4,59.3,62.0,76.9,66.8,55.0,30.0,6405.824434445619
Guyana,GUY,2020,3.3298,23.4509659519186,5471256594.72422,43.479651716849,0.722434045501787,67.751,807481,86.9400100708008,15.308,56.2,53.6,34.1,66.0,64.4,58.9,62.1,82.5,66.8,55.0,30.0,6775.709390963032
Guyana,GUY,2021,3.3211,27.8124987352703,8041362110.31175,20.0599975568418,4.50619858925893,64.323,815482,86.70068359375,14.576,57.4,44.9,38.5,64.6,77.3,58.2,62.1,81.3,66.8,55.0,30.0,9860.870148343864
Guyana,GUY,2022,3.684,-20.3619575428882,14718388489.2086,63.3346343654855,6.93346066500816,69.888,821637,,11.907,59.5,46.9,41.5,67.5,74.8,63.1,67.3,83.3,69.4,55.0,30.0,17913.492806687867
Guyana,GUY,2023,3.7405,-6.70884466235383,16918503597.1223,33.795011115873,2.82159393090811,70.18,826353,84.4850463867188,11.917,56.9,46.7,47.1,73.2,76.0,67.1,73.8,79.6,55.0,55.0,30.0,20473.700219061706
Guyana,GUY,2024,3.7886,34.9900654897849,24662714628.2974,43.8192726391966,2.90379501424778,70.319,831087,91.4304496450171,11.874,57.3,46.8,39.2,74.9,80.2,70.9,76.7,75.5,64.4,55.0,30.0,29675.25015828355
Guyana,GUY,2025,,,27097477218.2254,19.3360097091818,3.32982339132475,,835986,,11.962,58.2,48.2,38.6,76.9,83.6,71.1,76.7,76.0,54.0,55.0,30.0,32413.793075751746
Haiti,HTI,2001,1.728,0.0694886389960982,6331970324.31022,-0.342747883252144,13.31672224251,58.591,8455918,,9.728,47.1,10.0,10.0,78.3,95.7,40.0,,64.7,65.0,30.0,30.0,748.8211598445278
Haiti,HTI,2002,1.9515,0.0918488613041635,6205847213.6351,1.05182013450109,7.03287406224601,59.041,8607641,,11.008,47.9,10.0,10.0,78.3,95.7,40.0,,67.9,68.8,30.0,30.0,720.9695680425218
Haiti,HTI,2003,1.9374,0.272084819262136,5071947798.27263,3.48077973188326,28.6995777887374,59.44,8759912,,12.151,50.6,10.0,10.0,78.4,96.7,40.0,,66.7,73.2,30.0,50.0,578.9952910797083
Haiti,HTI,2004,1.7908,0.0969221359795515,6087360684.2969,-1.3178567596495,21.0318339277222,58.517,8910263,,13.415,51.2,10.0,22.0,78.2,96.9,40.0,,68.7,65.0,30.0,50.0,683.1852981552732
Haiti,HTI,2005,1.8291,0.369835650694654,7030149730.33692,3.07217337664731,13.973008326384,60.318,9061273,,14.559,48.4,10.0,15.0,78.1,96.3,40.0,61.9,55.4,67.0,30.0,30.0,775.8457040569156
Haiti,HTI,2006,1.8514,2.10244121995639,7638739122.67242,1.76875060288195,11.3452152244299,60.74,9216562,,15.866,49.2,10.0,15.0,78.0,93.2,36.2,62.2,58.6,79.2,30.0,30.0,828.8057002895895
Haiti,HTI,2007,2.1838,0.807269738778004,9228637767.69009,4.70652994008303,6.55722772638066,61.09,9373296,,16.8,51.4,10.0,18.0,78.0,95.2,38.6,62.6,62.2,79.2,30.0,40.0,984.5669834485212
Haiti,HTI,2008,2.1633,0.285633151798952,10432962634.8748,2.6580323082747,15.2817744823772,61.28,9530774,,16.204,49.0,10.0,18.0,77.8,93.2,35.8,62.6,65.3,67.0,30.0,30.0,1094.660584216434
Haiti,HTI,2009,2.1233,0.478313239983432,11597002834.7786,5.89037894844316,0.393886040173341,61.694,9689581,,15.398,50.5,10.0,16.0,77.9,93.8,37.7,61.2,69.0,79.4,30.0,30.0,1196.852870601794
Haiti,HTI,2010,2.5989,1.50093014768549,11859312725.1448,-5.65151153448299,4.82734190074673,45.577,9803294,,15.244,50.8,10.0,14.0,81.5,91.3,36.0,69.2,67.1,79.1,30.0,30.0,1209.7273350309397
Haiti,HTI,2011,2.9444,0.91476918408797,13008746038.8867,5.09821354410036,6.33279483849042,61.581,9914904,,14.506,52.1,10.0,18.0,80.9,90.1,37.5,76.4,73.7,74.8,30.0,30.0,1312.0395355201322
Haiti,HTI,2012,2.7586,1.13794476642421,13708925477.1304,0.502424403581585,5.01804155429246,62.273,10069771,,14.1,50.7,10.0,22.0,80.6,85.3,33.3,65.4,76.0,74.8,30.0,30.0,1361.3939658737422
Haiti,HTI,2013,2.9774,1.0865204500402,14902488604.2421,4.32478411472874,4.76502404779142,62.624,10222362,,13.704,48.1,10.0,18.0,80.7,66.3,33.4,63.6,74.2,74.8,30.0,30.0,1457.832211796266
Haiti,HTI,2014,3.2283,0.653599798370867,15146883497.6331,2.88877250863379,3.43816659958601,62.969,10373235,,13.808,48.9,10.0,16.9,80.3,66.3,33.3,68.5,73.6,70.4,40.0,30.0,1460.1889861391458
Haiti,HTI,2015,3.494,0.711667596569424,14849629308.6025,1.40000000859727,6.73184069658997,63.224,10523242,,13.785,51.3,10.0,19.0,80.3,76.2,43.1,63.7,73.5,77.6,40.0,30.0,1411.1268474679666
Haiti,HTI,2016,3.578,0.745596209929376,14069277526.2278,1.81246807847532,11.5029073942666,63.325,10671457,,13.902,51.3,10.0,19.0,80.5,76.4,47.1,62.0,76.0,72.0,40.0,30.0,1318.4026816795308
Haiti,HTI,2017,3.5867,2.48360915333592,15093357161.1498,2.51027134544685,10.6800887242584,63.832,10817754,,13.932,49.6,12.6,19.1,80.3,81.0,49.4,62.1,73.8,70.6,40.0,30.0,1395.2394518446065
Haiti,HTI,2018,3.5577,0.640093066153268,16403864617.8458,1.66781095484656,12.4814111170435,64.077,10962362,,13.934,55.8,25.1,24.6,80.1,85.6,48.3,64.1,68.9,71.9,45.0,30.0,1496.3804897015625
Haiti,HTI,2019,3.5949,0.499464210439719,15016090929.5125,-1.72309699839232,18.7037825672506,64.328,11105163,,14.095,52.7,10.4,20.3,79.9,88.3,36.2,62.6,66.5,72.0,45.0,30.0,1352.1720419153237
Haiti,HTI,2020,3.4445,0.17231607778598,14508222518.3018,-3.30550546965893,22.7963113642528,63.773,11243848,,15.573,52.3,16.4,22.3,80.2,89.4,33.6,62.3,61.5,67.0,45.0,30.0,1290.3253866738326
Haiti,HTI,2021,3.4083,0.247164798843834,20754978152.2134,-1.79823988931486,16.8415240198785,62.613,11374586,,15.296,50.8,12.6,22.0,80.2,91.3,33.0,62.1,59.7,65.4,45.0,30.0,1824.6798742577007
Haiti,HTI,2022,3.3893,0.195958763168676,20113007125.93,-1.68198396897978,33.98393194707,63.948,11503606,,14.54,50.0,24.1,14.3,81.5,97.0,33.5,54.7,56.2,65.4,30.0,30.0,1748.4089011680337
Haiti,HTI,2023,3.3805,0.1208234771512,19572288894.1581,-1.86388420254838,36.8135162780854,64.936,11637398,,14.459,49.9,23.2,18.5,81.7,96.8,33.4,55.1,58.3,66.5,30.0,30.0,1681.844076670584
Haiti,HTI,2024,3.5138,0.0824597396111034,24255657481.2502,-4.18495104762965,26.9490564091987,65.119,11772557,,14.609,48.2,12.0,12.5,81.7,97.5,32.4,55.1,53.8,66.4,30.0,30.0,2060.3559176863782
Haiti,HTI,2025,,,32077278409.2339,-2.71291075761471,28.6427976686095,,11906095,,14.944,46.1,10.7,13.0,81.7,98.1,33.3,54.9,41.2,66.4,20.0,20.0,2694.1896910140476
Honduras,HND,2001,5.8868,4.04940697578742,7651162302.3456,2.72319327321379,9.67415556864781,68.491,6757993,,4.0,57.0,30.0,18.0,81.9,86.8,55.0,,67.2,73.8,50.0,50.0,1132.1648753328984
Honduras,HND,2002,6.2176,3.6562173778393,7858255412.86038,3.75433786119939,7.6905097203429,68.714,6938859,,4.02,58.7,50.0,18.0,84.4,82.7,55.0,,68.6,69.8,50.0,50.0,1132.4996534531658
Honduras,HND,2003,6.8829,4.74055553954205,8230391346.67228,4.54703805165397,7.67416639397743,68.874,7119213,,5.3,60.4,50.0,27.0,84.8,83.6,55.0,,74.8,68.4,50.0,50.0,1156.081626813565
Honduras,HND,2004,7.8297,6.67606399673031,8869299234.3377,6.23230296069102,8.11379097093383,69.05,7298994,,5.99,55.3,30.0,27.0,84.9,79.7,55.0,,71.5,70.0,30.0,50.0,1215.1399541276098
Honduras,HND,2005,7.0955,6.16028277171203,9757012696.56212,6.05059922215973,8.80906074819817,69.198,7478355,,4.909,55.3,30.0,23.0,82.2,75.3,55.0,44.7,72.2,70.4,30.0,70.0,1304.7003915382622
Honduras,HND,2006,8.1471,6.57287305327357,10917477066.1429,6.56724355177587,5.57775207654292,69.364,7656832,57.6387100219727,3.574,57.4,30.0,23.0,82.1,78.5,55.3,44.0,72.1,69.4,50.0,70.0,1425.8478005189222
Honduras,HND,2007,8.667,7.82223281251053,12361257680.5627,6.18832716678008,6.93621470895786,69.539,7834798,59.5118598937988,3.211,59.1,30.0,26.0,81.8,82.6,56.1,44.0,71.5,79.2,50.0,70.0,1577.7378919740752
Honduras,HND,2008,8.6651,8.65020371949481,13881731875.7466,4.23160011009342,11.4034270813932,69.657,8012587,59.5015602111816,3.156,58.9,30.0,25.0,84.5,82.6,59.9,45.4,73.7,78.0,50.0,60.0,1732.4906270280246
Honduras,HND,2009,8.1702,3.38987200238321,14587496229.1811,-2.43162787988011,5.49634273772203,69.823,8189899,,3.292,58.7,30.0,25.0,85.1,79.7,64.4,40.9,73.5,78.0,50.0,60.0,1781.157036146734
Honduras,HND,2010,7.9832,3.83460574737835,15839344591.9842,3.73114034433009,4.69889064976232,69.77,8365878,66.1681900024414,4.119,58.3,30.0,26.0,84.7,73.5,63.0,31.6,70.2,83.7,60.0,60.0,1893.3272266203498
Honduras,HND,2011,9.491,5.88681418228473,17710275685.4074,3.83569066207505,6.7622795731476,70.116,8540583,65.9018478393555,4.474,58.6,30.0,25.0,83.5,85.7,62.1,29.7,73.2,77.0,60.0,60.0,2073.6612108807326
Honduras,HND,2012,9.9296,5.83610988955542,18528554397.5695,4.12868774866939,5.19618615531848,70.46,8715076,64.5327911376953,3.755,58.8,30.0,24.0,83.7,83.4,60.6,30.0,74.1,77.1,65.0,60.0,2126.0347468650302
Honduras,HND,2013,10.1202,5.77862113948416,18499729214.904,2.79155975746801,5.16189898581494,70.765,8889278,61.920711517334,5.646,58.4,30.0,26.0,85.3,79.2,61.0,26.8,73.9,77.1,65.0,60.0,2081.1284352794455
Honduras,HND,2014,9.9347,8.62899693066618,19756533971.8698,3.0580805621437,6.12924930313031,71.032,9063122,49.4766821842053,7.078,57.1,30.0,23.7,84.9,79.8,55.4,26.5,75.1,75.4,60.0,60.0,2179.8817197727008
Honduras,HND,2015,10.8188,6.27594328427599,20979791685.416,3.84007997093951,3.15783117980915,71.323,9237305,50.3511085144012,6.147,57.4,30.0,26.0,84.9,78.7,53.2,28.0,75.4,77.6,60.0,60.0,2271.2026598034818
Honduras,HND,2016,9.7321,5.28156973350556,21717604952.1835,3.89297219726413,2.72461223295289,71.615,9412380,51.0466486801865,6.727,57.7,30.0,29.0,84.2,72.0,58.0,31.0,74.8,78.4,60.0,60.0,2307.344683510812
Honduras,HND,2017,9.3472,4.10592046689605,23136247990.5977,4.84291391050387,3.93436084442037,71.805,9588137,51.0120391845703,5.528,58.8,45.0,32.2,83.3,74.7,56.9,31.2,77.3,78.4,65.0,60.0,2413.0076562941995
Honduras,HND,2018,9.0061,5.99386120691106,24067750760.499,3.84499476966735,4.34734937777536,72.001,9765210,,5.648,60.6,44.3,28.2,82.8,76.6,58.5,31.9,73.8,84.4,65.0,60.0,2464.6424153191792
Honduras,HND,2019,10.1525,3.83846408231678,24882225741.8119,2.55963434592314,4.36587159819274,72.124,9943633,64.3524169921875,5.698,60.2,43.4,25.3,82.8,78.2,56.9,32.0,73.0,79.4,65.0,60.0,2502.3274432807307
Honduras,HND,2020,9.222,1.0106822391556,23352232483.755,-8.96508223267296,3.46841177951171,70.864,10119640,58.4268999434804,10.982,61.1,48.6,28.6,82.3,78.2,56.7,31.5,72.2,79.4,65.0,60.0,2307.614943195114
Honduras,HND,2021,10.3706,2.84361329738544,28144331506.6149,12.5652843771279,4.48087963413446,69.492,10289877,54.5046566571526,8.506,59.8,45.5,29.1,82.2,79.3,48.7,32.0,71.8,71.8,65.0,60.0,2735.1475150397714
Honduras,HND,2022,10.5707,2.41292398026651,31426041806.7985,4.14356194013767,9.08963911525032,72.715,10463872,53.8605804443359,8.774,59.5,40.3,25.4,82.7,78.7,56.9,39.1,72.7,71.6,65.0,60.0,3003.2899682639945
Honduras,HND,2023,11.8491,1.68381240542467,34355805527.9795,3.57584760454412,6.66325180347463,72.884,10644851,54.5012702941895,6.07,58.7,38.3,29.0,83.8,77.5,60.8,38.4,72.0,71.6,65.0,60.0,3227.4576250977584
Honduras,HND,2024,12.2928,1.29157460831069,36980171442.0603,3.63240745450875,4.60621098127101,73.044,10825703,51.7639813154374,4.91,58.6,37.5,21.3,83.0,78.6,64.5,38.7,67.7,70.4,65.0,60.0,3415.9602791671177
Honduras,HND,2025,,,39601409103.3005,3.75143102801252,4.59657982325258,,11005850,,4.92,59.6,38.1,25.1,84.5,79.2,65.0,38.8,68.2,69.4,65.0,60.0,3598.214504404521
Hong Kong,HKG,2001,41.8569,18.4716176291754,169404327616.605,0.560867137855524,-1.65816326530609,81.4192682926829,6714300,78.5696563720703,5.09,89.9,90.0,77.0,93.7,91.0,100.0,,87.4,90.0,90.0,90.0,25230.37809103034
Hong Kong,HKG,2002,40.9513,4.05644798053661,166348866131.028,1.6567016736435,-2.98313878080415,81.4521951219512,6744100,79.9700393676758,7.28,89.4,90.0,77.0,93.8,90.3,100.0,,83.7,90.0,90.0,90.0,24665.836231821595
Hong Kong,HKG,2003,44.5174,11.5049681043857,161385558801.811,3.05635886663597,-2.67379679144394,81.3434146341464,6730800,80.1741027832031,7.86,89.8,90.0,79.0,93.6,90.2,100.0,,85.5,90.0,90.0,90.0,23977.173412047752
Hong Kong,HKG,2004,40.7516,13.1249372796878,169099768875.193,8.70006555836002,-0.274725274725253,81.7992682926829,6783500,81.7347793579102,6.74,90.0,90.0,82.0,93.6,89.5,100.0,,84.6,90.0,90.0,90.0,24928.100372255176
Hong Kong,HKG,2005,43.0054,22.5606006200286,181569311742.213,7.38815395153696,0.826446280991827,81.6090243902439,6813200,83.003662109375,5.58,89.5,90.0,80.0,93.6,89.7,100.0,86.5,85.1,90.0,90.0,90.0,26649.637724155025
Hong Kong,HKG,2006,42.4322,23.2008118497036,193535442896.365,7.03264766297669,2.00025160397534,82.3848780487805,6857100,83.1464614868164,4.77,88.6,90.0,80.0,93.3,87.9,90.0,86.7,88.3,90.0,90.0,90.0,28224.095156314623
Hong Kong,HKG,2007,44.4311,29.358179802523,211596944503.8,6.46482809096842,2.03502713369511,82.3668292682927,6916300,84.0665588378906,4.01,89.9,90.0,83.0,92.9,91.9,88.4,86.3,91.6,95.0,90.0,90.0,30593.951173864636
Hong Kong,HKG,2008,43.1304,30.570763400766,219278749139.734,2.12793685154209,4.30315484104921,82.3404878048781,6957800,85.7025909423828,3.56,89.7,90.0,83.0,92.8,93.1,89.0,86.5,87.2,95.0,90.0,90.0,31515.529210344364
Hong Kong,HKG,2009,45.1455,25.3568166432836,214047795659.045,-2.45909150468412,0.579441418472608,82.7751219512195,6972800,86.5672225952148,5.26,90.0,90.0,83.0,93.4,93.1,92.7,86.3,86.2,95.0,90.0,90.0,30697.5383861641
Hong Kong,HKG,2010,42.2277,36.174608362048,228638668727.291,6.76770683250318,2.29289088604673,82.9575609756098,7024200,87.9053960567278,4.329,89.7,90.0,81.0,93.0,93.7,98.7,87.4,83.1,90.0,90.0,90.0,32550.136489178978
Hong Kong,HKG,2011,45.1822,38.684029536737,248513617677.287,4.81466801092733,5.3052489299392,83.4119512195122,7071600,86.9782026085403,3.422,89.7,90.0,82.0,93.3,89.6,98.7,86.2,87.1,90.0,90.0,90.0,35142.48793445429
Hong Kong,HKG,2012,44.647,28.5144344855168,262628865879.697,1.70032214482865,4.05390950903844,83.450243902439,7150100,108.257447754558,3.285,89.9,90.0,84.0,93.1,91.0,98.9,86.5,85.8,90.0,90.0,90.0,36730.79619581502
Hong Kong,HKG,2013,46.1858,27.8775202185389,275696879834.966,3.10155262780289,4.33799342105267,83.8312195121951,7178900,102.779391100703,3.4,89.3,90.0,84.0,92.9,88.9,98.9,86.2,82.1,90.0,90.0,90.0,38403.777714547636
Hong Kong,HKG,2014,47.5543,44.5506957088126,291459995978.893,2.76241378329884,4.42364532019699,83.9356097560976,7229500,105.555217060167,3.296,90.1,90.0,82.3,93.0,89.7,98.9,95.5,82.0,90.0,90.0,90.0,40315.37395101916
Hong Kong,HKG,2015,44.2455,58.5183725103253,309385622601.348,2.38780116013344,2.99084819322581,84.2526829268293,7291300,107.387782928825,3.314,89.6,90.0,75.0,93.2,89.7,100.0,95.9,81.8,90.0,90.0,90.0,42432.16197404414
Hong Kong,HKG,2016,45.0794,41.5318364506118,320860317562.562,2.17544820327555,2.40930743862224,84.2114634146342,7336600,107.750724637681,3.392,88.6,90.0,74.0,92.6,90.7,97.4,89.0,81.8,90.0,90.0,90.0,43734.19807029987
Hong Kong,HKG,2017,44.1348,36.8375516616862,341273289534.466,3.79610937243891,1.49387243939522,84.6956097560976,7393200,106.78970984146,3.124,89.8,93.7,80.3,93.0,90.0,94.6,89.1,83.2,90.0,90.0,90.0,46160.42979149299
Hong Kong,HKG,2018,44.0591,26.8255240590301,361731070995.726,2.84690922660509,2.40613432046534,84.869756097561,7452600,108.16398016119,2.805,90.2,92.5,82.8,93.1,90.2,96.3,89.4,84.3,90.0,90.0,90.0,48537.56688883423
Hong Kong,HKG,2019,43.5082,16.0571325877868,363074545072.389,-1.67242865968056,2.88320853773996,85.1558536585366,7507900,105.068965517241,2.917,90.2,93.3,83.8,93.1,90.3,96.4,89.2,86.4,95.0,90.0,90.0,48359.00119505973
Hong Kong,HKG,2020,34.0619,34.0497513548395,344943149590.058,-6.54479640529367,0.2509620210808,85.4963414634146,7481000,100.449691991786,5.808,89.1,93.6,84.7,93.0,90.3,96.2,89.1,80.7,95.0,80.0,90.0,46109.22999466087
Hungary,HUN,2001,61.0051,7.54426473166249,53800068065.7969,4.06202617226026,9.11680911680911,72.2487804878049,10187576,98.4254531860352,5.671,65.6,70.0,52.0,65.7,41.9,70.0,,73.3,77.8,70.0,70.0,5280.948879870629
Hungary,HUN,2002,59.9824,5.38678090915431,67636468625.0428,4.73006530805553,5.26544821583985,72.3487804878049,10158608,99.8345108032227,5.608,64.5,70.0,52.0,65.5,28.0,70.0,,74.7,80.0,70.0,70.0,6658.044943268093
Hungary,HUN,2003,62.681,4.88025299452782,85190469121.074,3.93877761242727,4.66101694915254,72.3,10129552,101.850860595703,5.79,63.0,70.0,53.0,65.6,22.3,70.0,,70.6,76.0,70.0,70.0,8410.092481984791
Hungary,HUN,2004,60.8195,4.36291277823616,104015363080.271,4.96312536156307,6.74434679569469,72.6487804878049,10107146,95.9443588256836,5.832,62.7,70.0,49.0,65.6,20.1,70.0,,73.7,76.0,70.0,70.0,10291.269472140899
Hungary,HUN,2005,61.2153,24.3060288068427,113098237570.929,4.30028318461673,3.56151711378352,72.6487804878049,10087065,97.3733291625977,7.189,63.5,70.0,48.0,67.9,25.6,70.0,68.2,75.6,70.0,70.0,70.0,11212.204696899345
Hungary,HUN,2006,60.6797,16.1574876503265,115604111412.139,3.93393162712054,3.93032603841001,73.0975609756098,10071370,97.7556076049805,7.494,65.0,70.0,48.0,68.2,27.1,70.8,69.5,74.3,82.4,70.0,70.0,11478.489164050075
Hungary,HUN,2007,59.1451,50.4065230275136,140123326896.329,0.332354337878925,7.9587451654491,73.1512195121951,10055780,97.8563613891602,7.406,64.8,70.0,50.0,68.8,26.8,70.2,68.7,76.6,86.6,70.0,60.0,13934.605460374929
Hungary,HUN,2008,57.8384,47.2364211896638,158228265915.534,0.993437085479655,6.0425125388106,73.7024390243903,10038188,98.3803329467773,7.817,67.6,70.0,52.0,70.0,26.5,74.4,70.3,77.2,86.0,80.0,70.0,15762.632251511328
Hungary,HUN,2009,51.7014,-2.28280495631194,130807441076.16,-6.7401660845502,4.21171171171171,73.9048780487805,10022650,99.7433776855469,10.03,66.8,70.0,53.0,70.6,19.2,77.4,68.4,73.8,85.8,80.0,70.0,13051.183177718469
Hungary,HUN,2010,52.3463,-15.8854380283338,131898737241.166,1.06795068152046,4.85555795691956,74.2073170731707,10000023,101.997688293457,11.172,66.1,65.0,51.0,68.6,25.9,76.8,67.6,74.1,87.5,75.0,70.0,13189.843387476809
Hungary,HUN,2011,51.4367,7.45442145492381,141712804953.868,1.91670916599742,3.9299209893507,74.8585365853659,9971727,103.081069946289,11.029,66.6,65.0,51.0,69.7,27.4,76.5,67.7,75.9,87.6,75.0,70.0,14211.46055782193
Hungary,HUN,2012,47.6527,8.30549850772091,128470269689.958,-1.33948446518181,5.65214517088646,75.0634146341463,9920362,101.234046936035,11.003,67.1,70.0,47.0,78.6,24.4,79.8,67.6,76.1,87.1,70.0,70.0,12950.159448814265
Hungary,HUN,2013,44.7966,-2.74986395257086,135646053778.582,2.03216990678146,1.73319984983101,75.5658536585366,9872734,107.21753692627,10.177,67.3,65.0,46.0,79.7,29.7,79.1,64.4,77.1,86.8,75.0,70.0,13739.462015140081
Hungary,HUN,2014,44.8322,9.1265022330579,141128696412.321,4.33435364113967,-0.227566270988219,75.7634146341463,9833038,106.026969909668,7.725,67.0,60.0,48.6,81.1,26.8,79.3,65.7,75.6,87.8,75.0,70.0,14352.50188317395
Hungary,HUN,2015,47.541,-4.3672559097876,125244126623.289,3.65981615406955,-0.0616446800641672,75.5682926829269,9797755,104.633018493652,6.813,66.8,55.0,54.0,78.7,25.9,74.5,67.7,79.2,88.0,75.0,70.0,12782.94125779722
Hungary,HUN,2016,48.2651,53.8467636785015,128983560865.293,2.43864141309342,0.394769306686392,76.0634146341464,9759755,103.966499328613,5.115,66.0,45.0,54.0,78.7,26.7,70.6,63.8,88.3,88.0,75.0,70.0,13215.860527778925
Hungary,HUN,2017,51.1346,-8.6313549623639,143335098991.862,4.12418389451805,2.34824281150154,75.8170731707317,9726756,104.152000427246,4.156,65.8,60.1,41.5,79.3,25.3,64.0,64.4,91.7,87.0,75.0,70.0,14736.16681572582
Hungary,HUN,2018,51.2595,-40.1082460169744,161184691013.835,5.60613813768876,2.85024792594646,76.0658536585366,9706964,103.612083435059,3.667,66.7,57.6,36.4,78.6,29.4,61.8,68.7,91.6,86.9,80.0,70.0,16605.057051188713
Hungary,HUN,2019,51.5028,59.5775493833952,164936682033.992,5.07718495088933,3.33858635382008,76.3195121951219,9694824,102.438682556152,3.411,65.0,60.9,35.3,78.6,31.7,61.1,64.7,81.8,86.0,80.0,70.0,17012.85985531991
Hungary,HUN,2020,49.6521,105.635755544096,158468487754.196,-4.33872540024058,3.32674385766738,75.419512195122,9670419,101.940628051758,4.248,66.4,64.8,47.5,79.9,34.5,60.2,64.6,79.9,86.4,80.0,70.0,16386.93088212579
Hungary,HUN,2021,50.986,18.2639108972104,183282685440.486,7.22291580811137,5.11096534382855,74.0658536585366,9630932,99.6460494995117,4.021,67.2,65.6,48.7,83.6,35.0,59.9,64.8,78.8,84.0,80.0,70.0,19030.628130329027
Hungary,HUN,2022,47.5733,-1.05246677407293,177002580544.155,4.15238057779229,14.6081439492433,75.8682926829268,9605074,102.851913452148,3.583,66.9,75.8,44.4,84.1,31.6,77.2,61.2,78.5,79.2,80.0,70.0,18428.02882561394
Hungary,HUN,2023,42.9776,-33.2799471781632,213029511028.874,-0.817107370513455,17.1249659678737,76.5707317073171,9592186,105.419059753418,4.096,64.1,69.5,62.5,84.2,29.8,73.5,61.3,76.5,78.6,80.0,70.0,22208.650982046634
Hungary,HUN,2024,42.6269,-27.5090725956422,222848211034.367,0.709070599066038,3.70370370370369,76.7243902439025,9562065,107.350929260254,4.5,61.2,69.6,44.3,85.4,27.7,73.5,62.0,68.8,79.2,80.0,70.0,23305.448251435962
Hungary,HUN,2025,,,246490213513.054,0.509542309726868,4.41198445905562,,9514251,,4.521,61.4,69.2,42.2,85.3,28.5,76.1,60.3,65.1,79.6,80.0,70.0,25907.474325940526
Iceland,ISL,2001,2.9576,1.9636895563517,8323401820.48477,3.84093935332692,6.40508550386868,80.690243902439,284968,110.139266967773,1.874,73.4,90.0,92.0,62.9,58.9,70.0,,84.6,82.4,70.0,50.0,29208.198185356847
Iceland,ISL,2002,3.1289,0.976035937953064,9416199699.54736,0.542286728290463,5.1970223021663,80.5024390243903,287523,113.519561767578,2.988,73.1,90.0,91.0,63.1,44.5,85.0,,81.7,82.2,70.0,50.0,32749.379004626968
Iceland,ISL,2003,3.1,2.8998206651811,11564687741.9859,2.28136971847135,2.05566329753744,80.9634146341464,289521,116.79273223877,3.997,73.5,90.0,92.0,69.0,43.0,85.0,,84.7,77.8,70.0,50.0,39944.210409558895
Iceland,ISL,2004,3.1757,5.40905235148605,13963943244.0018,7.62260520494142,3.15819324298459,80.9975609756098,292074,108.134918212891,4.031,72.1,90.0,94.0,58.7,37.9,85.0,,85.2,78.2,70.0,50.0,47809.60730500421
Iceland,ISL,2005,3.1274,18.042727115684,17146410560.5279,7.02934061160924,3.98704782806593,81.5024390243902,296734,108.752983093262,2.547,76.6,90.0,96.0,72.5,30.9,85.0,64.6,88.6,78.2,70.0,90.0,57783.774560811704
Iceland,ISL,2006,3.2417,21.9365764797895,17671649843.2602,5.67161248703039,6.68707906136667,81.1585365853659,303782,107.523468017578,2.83,75.8,90.0,95.0,73.7,32.0,95.1,65.4,88.8,78.2,50.0,90.0,58172.14266566222
Iceland,ISL,2007,3.4751,31.2938758397836,21960110030.4426,8.74132941862472,5.05155736492143,81.4536585365854,311566,106.327003479004,2.251,76.0,90.0,97.0,73.5,41.7,94.9,66.2,82.9,84.0,60.0,70.0,70483.01172285358
Iceland,ISL,2008,3.7798,6.59629631732958,18247921360.2599,1.69961072411662,12.6943942775877,81.609756097561,317414,106.229942321777,2.946,75.8,90.0,96.0,73.6,46.3,94.5,67.9,74.8,85.0,60.0,70.0,57489.3399795217
Iceland,ISL,2009,3.8274,0.48127099169328,13212543837.5133,-8.32146414938261,12.0031298461743,81.7512195121951,318499,106.478248596191,7.22,75.9,90.0,92.0,76.2,44.0,93.6,59.9,75.3,88.0,70.0,70.0,41483.78436828154
Iceland,ISL,2010,3.7364,1.84577695426496,13922711576.5124,-2.22181843777449,5.39673113167484,81.8975609756097,318041,108.819038391113,7.564,73.7,90.0,89.0,75.4,45.8,93.0,60.8,69.9,87.9,65.0,60.0,43776.46774004735
Iceland,ISL,2011,3.6038,7.19083904863249,15394005872.149,1.37999669197329,4.0010266434312,82.3585365853659,319014,109.70686340332,7.028,68.2,90.0,87.0,69.8,0.0,92.7,60.7,68.6,88.2,65.0,60.0,48254.95392725398
Iceland,ISL,2012,3.6451,6.85345908435807,14943757823.3226,1.16931174934061,5.18589988750698,82.9170731707317,320716,113.517669677734,6.0,70.9,90.0,85.0,73.5,21.8,92.0,60.9,72.5,88.2,65.0,60.0,46594.98691466157
Iceland,ISL,2013,3.7106,2.90937107233191,16244319958.6808,3.59695697128252,3.8722792374824,82.0609756097561,323764,122.033569335938,5.376,72.1,90.0,83.0,72.7,36.2,91.5,58.9,75.8,87.8,65.0,60.0,50173.33600610568
Iceland,ISL,2014,3.4639,4.24755010057716,18052183514.8695,1.91381613095174,2.04461481539342,82.8609756097561,327386,120.632568359375,4.897,72.4,90.0,84.2,72.9,32.9,91.2,59.1,76.0,87.9,70.0,60.0,55140.36493579292
Iceland,ISL,2015,3.6292,6.47308431453939,17700486957.1907,3.76859020213645,1.63305558181335,82.4682926829268,330815,119.807357788086,3.979,72.0,90.0,78.0,72.0,32.6,90.5,62.2,77.0,88.0,70.0,60.0,53505.69640793405
Iceland,ISL,2016,3.1789,-5.05739639771987,21083713310.457,6.21808764670307,1.69692761997734,82.2048780487805,335439,117.122772216797,2.978,73.3,90.0,79.0,73.3,42.1,90.1,61.6,79.5,87.8,70.0,60.0,62854.09064079311
Iceland,ISL,2017,3.3299,-27.9324374411863,25060086487.8901,3.48506704155555,1.76041559180605,82.6609756097561,343400,115.741142272949,2.742,74.4,85.0,71.5,70.9,41.1,90.2,62.6,81.2,88.0,80.0,60.0,72976.37299909756
Iceland,ISL,2018,3.2946,-2.33423231382448,26677652544.3499,4.66077036232377,2.68291768267392,82.8609756097561,352721,114.649406433105,2.704,77.0,86.7,77.3,72.1,44.2,89.5,61.8,81.7,88.5,85.0,70.0,75633.86513519155
Iceland,ISL,2019,3.1768,-2.22712995709055,24985687022.0452,1.13821227336888,3.01397179156061,83.1634146341463,360563,112.034339904785,3.507,77.1,87.4,83.8,72.7,44.0,88.4,64.1,81.7,87.0,85.0,70.0,69296.31443616012
Iceland,ISL,2020,3.0717,-3.98671122506617,22034665040.7901,-6.64587810456635,2.84792401518657,83.0634146341463,366463,110.487319946289,5.478,77.1,87.6,90.3,71.7,44.1,84.7,63.5,80.3,86.8,85.0,70.0,60127.93935756161
Iceland,ISL,2021,3.1637,1.52832650765088,26234872402.457,5.18057190719905,4.44423970189746,83.1658536585366,372520,115.156303405762,6.029,77.4,87.0,90.6,72.4,46.2,83.6,62.0,79.4,86.8,80.0,70.0,70425.40642772737
Iceland,ISL,2022,3.2394,4.73857488658574,29176227825.4736,8.85729897856851,8.30875511558912,82.119512195122,382003,112.589393615723,3.789,77.0,97.1,85.3,72.9,36.8,83.3,67.4,79.3,81.0,80.0,70.0,76376.95993349161
Iceland,ISL,2023,3.22,5.96234250051157,31701996433.7807,5.0322597376242,8.73630299937298,82.4560975609756,385663,108.911361694336,3.518,72.2,96.8,94.2,72.9,31.5,83.3,67.7,77.4,80.4,80.0,70.0,82201.29085180767
Iceland,ISL,2024,3.293,8.53649263499069,33186621855.0053,-1.2828764442695,5.85683849970072,82.809756097561,386506,,3.6,70.5,96.5,83.7,73.6,26.3,87.4,68.0,73.4,80.8,80.0,70.0,85863.14793303415
Iceland,ISL,2025,,,38582528789.0033,1.27946207863934,4.09085056006515,,392404,,3.625,72.8,97.0,81.5,72.6,33.2,86.3,60.1,71.8,80.4,70.0,70.0,98323.48495174183
India,IND,2001,1012.998,1.05638020993358,485440139204.171,4.82396626397303,3.77929312235637,63.158,1077898575,46.8245811462402,7.611,49.0,50.0,29.0,77.0,76.5,55.0,,68.2,25.6,30.0,30.0,450.35790051412863
India,IND,2002,1051.0846,1.01156946489919,514939140318.756,3.80397532120038,4.29715203929562,63.649,1097600380,48.8069381713867,7.681,51.2,50.0,28.0,76.7,78.1,55.0,,70.8,21.8,50.0,30.0,469.1499289739276
India,IND,2003,1083.014,0.605887857091792,607700687237.318,7.86038147545045,3.80585899528853,64.086,1116803006,51.4255714416504,7.633,51.2,50.0,27.0,76.6,71.9,55.0,,77.6,23.0,50.0,30.0,544.1431335450023
India,IND,2004,1168.0565,0.765596855110284,709152728830.775,7.92293661307978,3.76725173477517,64.484,1135991513,53.247371673584,7.598,51.5,50.0,27.0,74.2,77.1,55.0,,77.0,23.6,50.0,30.0,624.2588265100666
India,IND,2005,1217.7273,0.886098378458823,820383763511.445,7.92343062131789,4.24634362031924,64.939,1154676322,55.9314002990723,7.551,54.2,50.0,28.0,75.6,76.3,55.0,61.7,77.4,38.0,50.0,30.0,710.4880804089486
India,IND,2006,1299.6787,2.13016842534495,940259888787.721,8.06073257305057,5.79652337561634,65.373,1172878890,56.7859497070312,7.553,52.2,50.0,28.0,76.1,74.6,49.6,62.3,77.6,24.0,50.0,30.0,801.6683536590218
India,IND,2007,1415.2655,2.07339404668754,1216736438834.96,7.66081506510766,6.37288135593231,65.803,1190676021,59.1478385925293,7.562,53.9,50.0,29.0,76.0,71.4,50.8,63.2,77.2,51.2,40.0,30.0,1021.8870770682632
India,IND,2008,1519.7704,3.6205232354017,1198895139005.92,3.08669805950082,8.34926704907575,66.247,1207930964,62.2119216918945,7.629,54.1,50.0,33.0,75.7,73.5,50.9,66.5,70.3,51.0,40.0,30.0,992.5195849238285
India,IND,2009,1621.1797,2.65159033235479,1341888016994.9,7.8618888330338,10.8823529411764,66.7,1225524753,61.3603210449219,7.636,54.4,50.0,35.0,73.8,77.8,54.4,62.3,69.3,51.0,30.0,40.0,1094.9497459843635
India,IND,2010,1730.0542,1.6350340943491,1675615519484.96,8.49758470165625,11.9893899204245,67.162,1243481564,64.9475936889648,7.631,53.8,50.0,34.0,73.4,76.1,36.3,57.7,67.5,67.9,35.0,40.0,1347.5193907136688
India,IND,2011,1845.6437,2.0020634629993,1823051829894.55,5.24131620024293,8.9117933648336,67.623,1261224954,67.1251678466797,7.609,54.6,50.0,34.0,75.4,77.8,36.9,67.2,65.1,64.2,35.0,40.0,1445.4612748603688
India,IND,2012,2015.2876,1.31293453035323,1827637590410.41,5.45638755164772,9.47899691419793,68.076,1278674502,69.8089599609375,7.645,54.6,50.0,33.0,76.1,74.8,35.5,74.2,62.9,64.1,35.0,40.0,1429.3219952003155
India,IND,2013,2072.6256,1.5162764665975,1856721507621.58,6.38610640091713,10.0178784746104,68.499,1295829511,69.4771270751953,7.678,55.2,50.0,31.0,78.3,77.9,37.3,73.6,65.3,63.6,35.0,40.0,1432.8439751219557
India,IND,2014,2237.6647,1.69565958990806,2039126479154.52,7.41022760516977,6.66565671867899,68.932,1312277191,74.8887023925781,7.656,55.7,50.0,31.5,79.4,77.8,37.7,74.0,65.5,65.6,35.0,40.0,1553.8839607511854
India,IND,2015,2278.2296,2.09211521443253,2103588360044.94,7.99625378567987,4.90697344127249,69.326,1328024498,74.6113662719727,7.629,54.6,55.0,36.0,79.4,78.3,43.3,48.7,65.3,64.6,35.0,40.0,1583.9981590798484
India,IND,2016,2311.9771,1.9373641224439,2294796885663.16,8.25630550176662,4.94821634062134,69.709,1343944296,75.9372863769531,7.611,56.2,55.0,38.0,77.1,78.1,47.6,47.8,72.8,71.0,35.0,40.0,1707.5089291224315
India,IND,2017,2441.2015,1.50731583255894,2651474262755.45,6.79538341902422,3.32817337461305,70.068,1359657400,74.6743774414062,7.626,52.6,55.4,44.3,77.2,77.4,52.8,41.6,75.0,72.6,40.0,40.0,1950.1046828086621
India,IND,2018,2556.7189,1.55821483801456,2702929641648.74,6.45385134495295,3.93882646691643,70.415,1374659064,76.0025787353516,7.652,54.5,55.4,47.2,79.4,77.7,56.4,41.8,75.9,72.4,40.0,40.0,1966.2545517167887
India,IND,2019,2551.4851,1.78482633957161,2835606256558.19,3.87143694070524,3.72950573539123,70.746,1389030312,75.8716506958008,6.51,55.2,57.3,47.8,79.4,77.3,57.1,41.8,72.4,72.4,40.0,40.0,2041.42863698585
India,IND,2020,2356.959,2.40620322673636,2674851578587.27,-5.77772470687303,6.6234367762853,70.156,1402617695,77.6271548412386,7.859,56.5,63.0,47.2,79.4,77.9,65.6,41.2,73.0,73.4,40.0,40.0,1907.0425163766881
India,IND,2021,2597.9343,1.41217101040888,3167270623260.47,9.68959249191741,5.13140747176364,67.282,1414203896,80.6246396728944,6.38,56.5,59.2,48.1,78.7,78.5,76.7,41.3,72.1,69.4,40.0,40.0,2239.6138436748233
India,IND,2022,2807.0805,1.53665241748393,3249938492013.47,7.6093649776932,6.69903414079858,71.698,1425423212,81.1778608399708,4.822,53.9,49.9,42.4,79.5,76.2,63.9,58.2,70.0,71.0,40.0,40.0,2279.98145719369
India,IND,2023,3014.5226,0.802254995836756,3500906030644.76,7.210224629335,5.64914318907925,72.003,1438069596,78.8639591218839,4.172,52.9,49.7,53.0,78.5,73.8,64.3,58.1,70.0,59.8,40.0,40.0,2434.4482634098886
India,IND,2024,3153.8291,0.721648483526777,3760813470500.86,7.09927893176518,4.95303550973661,72.235,1450935791,78.1058073224606,4.173,52.9,49.2,40.8,73.7,73.5,68.3,58.4,69.1,62.2,40.0,40.0,2591.9916607122004
India,IND,2025,,,3956067115771.63,7.56666179284244,2.39884954182294,,1463865525,79.594985086469,4.219,53.0,51.1,37.6,71.3,74.2,72.3,59.0,69.9,61.0,40.0,40.0,2702.4798714155318
Indonesia,IDN,2001,319.562,-1.85568619300523,160446947784.909,3.64346644721492,11.5001160550887,66.583,219097902,56.2273216247559,6.082,52.5,30.0,17.0,80.4,86.8,55.0,,56.2,67.2,50.0,30.0,732.3070934057096
Indonesia,IDN,2002,324.9389,0.0741516383181159,195660611165.183,4.49947539085764,11.9001200338414,66.954,222088495,57.646598815918,6.604,54.8,30.0,17.0,79.4,86.8,55.0,,72.4,72.6,50.0,30.0,881.0029135691293
Indonesia,IDN,2003,353.623,-0.254256320381005,234772463823.808,4.78036912167654,6.75731256333564,67.134,225048008,60.7244682312012,6.657,55.8,30.0,19.0,77.5,91.1,55.0,,74.6,74.6,50.0,30.0,1043.210583867101
Indonesia,IDN,2004,360.1513,0.738243979887563,256836875295.452,5.03087394501685,6.06406189133648,65.521,227926649,62.9758682250977,7.303,52.1,30.0,19.0,77.5,84.4,55.0,,68.9,74.2,30.0,30.0,1126.8400444717283
Indonesia,IDN,2005,362.597,2.91611483313067,285868619196.085,5.69257130383384,10.4532001873347,67.531,230871650,61.6382789611816,7.945,52.9,30.0,19.0,77.5,90.0,55.0,49.1,71.7,77.2,30.0,30.0,1238.2144762948808
Indonesia,IDN,2006,383.4194,1.34794264068931,364570515618.357,5.50095178520348,13.108670985346,67.664,233951652,64.6422119140625,7.551,51.9,30.0,20.0,77.3,86.0,46.6,51.0,73.6,74.6,30.0,30.0,1558.315628471634
Indonesia,IDN,2007,401.7934,1.6030105718879,432216737774.861,6.34502222667214,6.40656087966005,67.914,237062337,71.8545074462891,8.06,53.2,30.0,22.0,77.5,89.1,48.2,50.1,70.9,74.0,30.0,40.0,1823.2197625507295
Indonesia,IDN,2008,397.2554,1.82632902403998,510228634992.258,6.01370360009123,10.2266663272483,68.085,240157903,70.1684417724609,7.208,53.2,30.0,24.0,77.5,89.7,49.1,50.3,68.2,73.0,30.0,40.0,2124.5548392061783
Indonesia,IDN,2009,411.3491,0.90391941965406,539580085612.401,4.62887118256153,4.38641311792074,68.267,243220028,74.5035934448242,6.106,53.4,30.0,23.0,77.5,88.0,46.7,50.9,71.6,76.4,30.0,40.0,2218.4854185297645
Indonesia,IDN,2010,443.682,2.02517914569356,755094157621.936,6.22385418062366,5.13420639015885,68.364,246305322,75.6519088745117,5.614,55.5,30.0,26.0,81.9,89.1,53.1,50.8,70.8,77.9,35.0,40.0,3065.6834837776505
Indonesia,IDN,2011,499.9362,2.30298429381592,892969104563.171,6.16978420771008,5.35604849112582,68.629,249470032,78.1330718994141,5.153,56.0,30.0,28.0,83.0,88.9,54.9,51.8,74.3,73.8,35.0,40.0,3579.4644246615203
Indonesia,IDN,2012,504.2572,2.30978031853073,917869913332.649,6.03005065305615,4.2795142691943,68.862,252698525,80.0926818847656,4.468,56.4,30.0,28.0,83.5,91.6,54.6,52.1,75.2,73.9,35.0,40.0,3632.2725403033082
Indonesia,IDN,2013,474.9651,2.55135633401058,912524136718.018,5.5572636889101,6.41249457900391,69.064,255852467,81.8896974781343,4.336,56.9,30.0,30.0,83.4,89.2,50.2,50.8,75.5,75.0,35.0,50.0,3566.6028450607746
Indonesia,IDN,2014,505.0762,2.81997260412102,890814755533.537,5.006668425755,6.39492882396559,69.292,258877399,83.5559949258569,4.049,58.5,30.0,28.0,83.4,89.8,54.8,47.8,76.4,74.8,40.0,60.0,3441.0680846400846
Indonesia,IDN,2015,512.3973,2.29761639380441,860854232686.214,4.87632230022123,6.36312061196646,69.52,261799249,87.8423207929976,4.514,58.1,30.0,32.0,83.3,88.3,49.3,48.7,74.9,74.8,40.0,60.0,3288.2226972553844
Indonesia,IDN,2016,507.0965,0.487372471368879,931877364037.698,5.03306918280177,3.52580452815451,69.733,264627418,87.8191791728036,4.301,59.4,30.0,34.0,83.4,89.0,54.0,49.3,74.3,80.4,40.0,60.0,3521.46943457574
Indonesia,IDN,2017,535.7474,2.01948919812582,1015618744159.73,5.06978590134916,3.80879857691949,69.953,267346658,90.9455391241064,3.783,61.9,48.3,44.7,83.6,89.9,49.1,48.9,74.0,80.5,35.0,60.0,3798.883261745243
Indonesia,IDN,2018,596.4692,1.81428979349441,1042271532988.63,5.17429153955024,3.19834755924996,70.08,269951846,92.8120739600443,4.387,64.2,49.3,42.8,83.7,90.7,57.3,50.3,81.6,80.5,40.0,60.0,3860.9535309072494
Indonesia,IDN,2019,637.5692,2.23336204282241,1119099871350.2,5.01928768046282,3.03058460941661,70.349,272489381,94.9467044891028,3.59,65.8,52.2,39.5,83.7,91.4,69.3,49.3,77.4,79.8,45.0,60.0,4106.94856160358
Indonesia,IDN,2020,596.2839,1.81058402027127,1059054842698.48,-2.06551182934165,1.91983527270793,68.817,274814866,96.9345779132931,4.255,67.2,59.8,37.2,83.4,91.7,70.0,49.2,78.4,80.8,50.0,60.0,3853.7028877414514
Indonesia,IDN,2021,622.6868,1.7878556314554,1186509691086.73,3.70288562827751,1.56007882983334,67.452,276758053,97.8441479813619,3.827,66.9,59.4,39.1,83.7,91.8,71.3,49.2,79.0,79.2,50.0,60.0,4287.173139950981
Indonesia,IDN,2022,722.6996,1.87264100861425,1319101183380.15,5.30719722664799,4.20946463714784,70.925,278830529,97.8167602714893,3.462,64.4,38.6,39.9,85.3,91.2,66.6,59.3,80.3,78.6,50.0,60.0,4730.8348483610625
Indonesia,IDN,2023,772.5618,1.57116966408747,1371166925749.88,5.04883117855516,3.66938654859761,71.146,281190067,96.0002120295081,3.308,63.5,38.5,44.2,81.9,90.6,70.6,59.5,81.5,78.8,50.0,60.0,4876.299295984306
Indonesia,IDN,2024,812.2042,1.73855290316368,1396301788461.69,5.03257477088519,2.18151273615189,71.288,283487931,98.836444459078,3.301,63.5,39.2,38.6,81.7,90.2,73.1,59.5,78.4,79.6,50.0,60.0,4925.436449926646
Indonesia,IDN,2025,,,1445642584163.81,5.10808904438025,1.9133344329508,,285721236,97.1701841816,3.237,65.2,39.8,40.1,81.8,90.9,73.0,59.3,78.0,79.4,50.0,60.0,5059.625964112132
Iran,IRN,2001,368.1639,0.321660450664957,126878750295.944,2.39217271207868,11.2742471332117,70.619,67452005,74.5473403930664,12.362,35.9,10.0,10.0,41.3,82.7,40.0,,57.2,62.0,10.0,10.0,1881.0226663528238
Iran,IRN,2002,384.325,2.73611498145264,128626917503.72,8.07882927975243,14.3359337378404,71.112,68011317,74.7104187011719,12.8,36.4,10.0,10.0,40.9,79.7,40.0,,59.5,47.2,30.0,10.0,1891.2575609103408
Iran,IRN,2003,405.5959,1.89418626211609,151911222119.488,8.6392983972006,16.4680116244792,70.464,68769340,74.551643371582,11.529,43.2,10.0,10.0,64.2,89.6,40.0,,62.3,72.8,30.0,10.0,2208.996365524055
Iran,IRN,2004,434.9742,1.61769687939769,187754571247.666,4.33666597851041,14.7615086970672,72.04,70256316,74.5375213623047,10.3,42.8,10.0,10.0,64.2,80.2,40.0,,61.7,78.8,30.0,10.0,2672.422665140398
Iran,IRN,2005,468.9899,1.28425430112768,224970371324.67,3.18980408728824,13.433118008508,72.446,71828455,74.438591003418,11.813,50.5,10.0,30.0,81.2,88.0,40.0,76.4,60.1,78.8,30.0,10.0,3132.0508192006914
Iran,IRN,2006,506.0486,0.872560020177082,265602187403.643,4.99979526181222,10.0158982511924,72.895,73392747,75.9471969604492,11.519,45.0,10.0,29.0,81.2,85.1,56.1,53.0,60.1,55.4,10.0,10.0,3618.9160136442774
Iran,IRN,2007,538.5304,0.5769461352122,349736591832.418,8.15577352358517,17.3410404624277,73.299,74602648,75.657600402832,10.772,45.0,10.0,29.0,81.2,84.5,55.4,52.5,62.0,55.4,10.0,10.0,4687.991662607177
Iran,IRN,2008,555.1596,0.487596567096289,406070949553.875,0.250856553493634,25.4105090311987,73.683,75514204,78.8498077392578,10.63,45.0,10.0,27.0,81.1,84.5,55.8,53.1,61.3,57.4,10.0,10.0,5377.4115072957
Iran,IRN,2009,573.2146,0.720530462050838,414059094949.063,1.00738545790475,13.5515548281506,74.041,76457825,80.3835906982422,12.113,44.6,10.0,25.0,81.0,79.7,60.6,52.4,60.1,57.4,10.0,10.0,5415.522805534462
Iran,IRN,2010,576.7498,0.74916862626536,487069570463.768,5.79793830169604,10.0893629287979,74.39,77420842,79.0264663696289,13.679,43.4,10.0,23.0,81.1,79.6,69.9,55.1,54.7,50.2,0.0,10.0,6291.19443655454
Iran,IRN,2011,585.9198,0.679834574763516,629082257472.368,2.6457179180628,26.2933856738608,74.721,78383598,81.2944793701172,12.491,42.1,10.0,18.0,81.1,76.0,69.4,50.7,60.7,44.8,0.0,10.0,8025.687433643554
Iran,IRN,2012,592.4779,0.723850091355471,644019315003.54,-3.74717139864109,27.2568127242908,75.039,79370580,82.7059326171875,12.275,42.3,10.0,22.0,80.6,76.9,64.8,51.5,62.0,45.7,0.0,10.0,8114.080998318773
Iran,IRN,2013,612.6315,0.609501593960532,500399839839.877,-1.52197920494184,36.6030355191029,75.349,80414686,81.5845565795898,10.595,43.2,10.0,27.0,80.8,80.5,65.3,55.0,58.0,45.7,0.0,10.0,6222.741948403268
Iran,IRN,2014,636.5399,0.45545387401938,462284793280.825,4.98477506709476,16.6065532357449,75.635,81502045,82.5869369506836,10.68,40.3,10.0,23.4,80.6,85.9,62.3,41.7,47.3,41.4,0.0,10.0,5672.063728963181
Iran,IRN,2015,629.4902,0.500987695412685,409191686496.677,-1.42488493937503,12.4846815611533,75.907,82619362,82.7305221557617,11.166,41.8,10.0,25.0,81.2,93.0,57.0,51.3,48.7,41.4,0.0,10.0,4952.733555321778
Iran,IRN,2016,642.3063,0.70452835935243,478618064870.999,8.8150866425182,7.24542548952979,76.155,83812228,83.3275680541992,12.618,43.5,10.0,27.0,81.2,93.2,59.3,49.0,50.6,54.6,0.0,10.0,5710.5994708910375
Iran,IRN,2017,666.3808,0.983654956177998,510239893417.645,3.02685468694025,8.04492437660278,76.396,85026754,82.7564392089844,12.232,50.5,32.4,29.6,81.1,92.7,64.8,54.5,55.5,54.5,0.0,10.0,6000.933464044094
Iran,IRN,2018,661.4499,0.576106085876311,411903303606.044,-3.74796015711334,18.0141183371874,76.621,86117998,,12.195,50.9,32.5,32.6,81.0,91.1,64.3,58.2,59.8,54.5,0.0,10.0,4783.01067340237
Iran,IRN,2019,712.5804,0.433347777066285,347988400957.999,-2.36143538770575,39.9073455697784,76.855,87051648,,10.74,51.1,33.5,35.0,80.9,89.8,62.2,50.7,60.1,54.6,5.0,10.0,3997.493544958494
Iran,IRN,2020,735.8709,0.47769170946132,280934329279.723,4.44180865358672,30.5941390387295,74.141,87723443,85.1913986206055,9.687,49.2,36.9,33.5,81.0,89.2,57.3,50.7,49.0,54.6,5.0,10.0,3202.500035021688
Iran,IRN,2021,784.2646,0.34982143161472,407350685583.335,4.13089685034471,43.3890162681514,73.752,88455488,,9.282,47.2,33.5,31.8,80.8,90.1,57.1,50.1,42.1,54.2,5.0,10.0,4605.148813189918
Iran,IRN,2022,792.0589,0.354893288694741,422662261525.665,4.35281087521344,43.4884641742179,76.799,89524246,85.6060028076172,9.085,42.4,26.6,19.8,80.8,92.5,38.9,49.4,42.3,59.2,5.0,10.0,4721.204370999841
Iran,IRN,2023,816.133,0.310885408088419,457510482317.483,5.33235116079808,44.5791857572797,77.654,90608707,85.1469802856445,8.129,42.2,25.0,26.3,81.1,94.8,38.9,50.7,40.6,55.8,5.0,10.0,5049.299316427537
Iran,IRN,2024,828.9896,0.304914200880697,475252089215.416,3.66312057949303,32.455871402917,77.854,91567738,,8.146,41.2,23.8,17.1,81.1,95.3,37.9,48.8,38.2,55.8,5.0,10.0,5190.169590248216
Iran,IRN,2025,,,362682115433.364,-2.82597163290347,42.1712244965444,,92417681,,8.301,42.5,23.3,16.3,81.3,94.0,38.4,43.6,39.0,55.8,5.0,10.0,3924.380178218971
Iraq,IRQ,2001,100.6528,-0.0183987197639496,36176430128.8057,1.76660876568174,16.3740814963262,65.292,25197840,36.7453002929688,8.249,17.2,10.0,10.0,10.0,10.2,55.0,,0.0,40.0,10.0,10.0,1435.6956837889954
Iraq,IRQ,2002,95.0518,-0.0009900252023457,32928454672.4246,-8.20370481187175,19.316694601979,65.724,26006559,,8.619,15.6,10.0,10.0,10.0,10.2,40.0,,0.0,40.0,10.0,10.0,1266.159612750945
Iraq,IRQ,2003,82.8885,4.56171717525217,21921569478.8163,-36.6567804383165,33.6162105992383,64.834,26802659,40.4106292724609,8.959,,,,,,,,,,,,817.8878624996236
Iraq,IRQ,2004,90.3219,0.818918786960291,36633669269.3981,53.3855472887501,26.9619068193271,64.634,27577878,45.1472206115723,8.715,,,,,,,,,,,,1328.3715762829215
Iraq,IRQ,2005,87.2363,1.02925980764254,50065104667.8159,1.67522863586828,36.9594809201871,64.899,28407448,,8.57,,,,,,,,,,,,1762.39360423421
Iraq,IRQ,2006,84.864,0.587900739517653,65147051918.0219,5.63829915220637,53.230962911428,64.029,28616515,,8.411,,,,,,,,,,,,2276.5543574408657
Iraq,IRQ,2007,78.43,1.09391286623188,88837057319.5179,1.88853936243953,-10.0674925768978,64.428,28391607,50.5742416381836,8.646,,,,,,,,,,,,3128.990103290663
Iraq,IRQ,2008,90.6714,1.40995173662765,131614434153.505,8.22810710383277,12.6628528269228,66.465,28971036,,8.466,,,,,,,,,,,,4542.966090460313
Iraq,IRQ,2009,96.8504,1.43142990859109,111657580326.315,3.37929909442771,6.87361547212555,67.834,30058206,,8.415,,,,,,,,,,,,3714.7120598719366
Iraq,IRQ,2010,111.4935,1.00796493975113,138516722649.573,6.40256484471193,2.42986826837753,68.092,31045366,,8.267,,,,,,,,,,,,4461.75196161556
Iraq,IRQ,2011,115.9065,1.12086339764167,185749664444.444,7.546471200426,5.6040514426601,68.435,32161424,,8.193,,,,,,,,,,,,5775.5422908029195
Iraq,IRQ,2012,133.0448,1.55961531280073,218002476129.472,13.9364301737537,6.0890964159516,68.827,33654842,,7.965,,,,,,,,,,,,6477.596184509557
Iraq,IRQ,2013,144.4102,-0.995279210263068,234637675128.645,7.62828592298754,1.87949800749416,69.047,35281989,,9.222,,,18.0,,,47.0,70.1,,,,,6650.352822473954
Iraq,IRQ,2014,138.288,-4.45521124532956,228415656174.957,2.26368817563613,2.23597407904726,69.679,36550059,,10.59,,,13.7,95.5,40.3,56.9,73.4,70.0,,,,6249.392269789688
Iraq,IRQ,2015,137.9041,-4.54159235443502,166774104959.102,2.60676642939541,1.39333028780268,69.977,37560535,,10.865,,,16.0,,43.8,57.7,74.4,73.6,,,,4440.141892523682
Iraq,IRQ,2016,155.0442,-3.75180911604806,166743557747.671,13.7873730187089,0.556521397155548,68.683,38469627,,10.82,,,16.0,,29.7,63.2,68.5,75.0,,,,4334.420964041866
Iraq,IRQ,2017,167.3453,-2.68799428357231,187217660050.676,-1.81975035118309,0.184058898847553,69.788,39337353,,13.02,,37.3,19.1,,36.1,61.2,68.0,76.9,,,,4759.284643546707
Iraq,IRQ,2018,180.9429,-2.14854834807913,227367469034.031,2.63385099105624,0.367441488936828,71.116,40265624,,13.458,,36.7,23.4,,45.4,59.1,69.8,79.2,,,,5646.6893207474195
Iraq,IRQ,2019,193.6481,-1.31640616709339,233636097800.338,5.5137905789381,-0.198965380023882,71.245,41192171,,14.096,,37.0,20.3,,52.8,54.4,53.1,81.4,,,,5671.856863294192
Iraq,IRQ,2020,183.8743,-1.58049696252586,180898797516.874,-12.0367930960454,0.574162679425856,69.651,42116605,,15.766,,43.9,20.8,,59.5,52.6,44.8,76.4,,,,4295.189451212271
Iraq,IRQ,2021,199.7098,-1.25770209772783,209691945713.103,1.5021807095434,6.04186489058043,70.704,43071211,,16.173,,44.8,22.0,,65.3,51.7,45.6,77.0,,,,4868.494310807815
Iraq,IRQ,2022,222.2784,-0.726653366772653,287372232137.931,7.95904804990212,4.9947659638103,72.037,44070551,,15.41,,,,,,,,,,,,6520.73154560584
Iraq,IRQ,2023,232.976,-1.99474822313262,268881051643.549,0.517705525140073,4.35835351089595,72.324,45074049,,15.239,,14.6,7.6,,,43.1,56.8,67.1,,,,5965.318350777607
Iraq,IRQ,2024,238.6704,-2.73525447039729,279641257615.385,-1.54525198319173,2.6116961151764,72.424,46042015,,15.293,,14.8,18.3,,,,,,,,,6073.610323427091
Iraq,IRQ,2025,,,254367293538.462,-2.15574219066178,0.303454715219382,,47020774,,15.485,,6.3,19.9,,,,,,,,,5409.678997169676
Ireland,IRL,2001,46.0507,8.82598474922644,109346669229.695,5.30582133514299,4.85280279607477,77.1341463414634,3866243,105.217231750488,3.684,81.2,90.0,77.0,63.0,71.2,85.0,,86.6,78.0,90.0,90.0,28282.409882072858
Ireland,IRL,2002,44.9831,22.8030331294708,128596035288.401,5.89936506079005,4.62820512820515,77.6341463414634,3931947,106.364212036133,4.216,80.5,90.0,72.0,66.5,69.3,85.0,,81.8,79.6,90.0,90.0,32705.434556569813
Ireland,IRL,2003,44.4685,13.8344483636902,164670771259.602,3.01383869396012,3.49221909079765,78.1390243902439,3996521,107.852996826172,4.478,80.9,90.0,75.0,69.4,66.3,85.0,,81.2,81.4,90.0,90.0,41203.52958475684
Ireland,IRL,2004,44.9913,-5.4573737070047,194372115041.065,6.78813990621356,2.17854605730523,78.5390243902439,4070262,109.409881591797,4.491,80.3,90.0,69.0,71.8,66.3,85.0,,81.1,79.8,90.0,90.0,47754.2023194244
Ireland,IRL,2005,47.0738,22.1832694953892,211876989655.907,5.73978202625278,2.45654692931639,78.9439024390244,4159914,109.784301757812,4.237,80.8,90.0,75.0,72.6,64.5,85.0,78.2,82.5,80.2,90.0,90.0,50933.021609559
Ireland,IRL,2006,47.6882,9.50555829114517,232180617162.279,4.98785364537615,3.93576114001354,79.2414634146342,4273591,109.603439331055,4.355,82.2,90.0,75.0,72.0,64.7,93.7,79.6,84.4,82.4,90.0,90.0,54329.1618599625
Ireland,IRL,2007,46.9449,22.1915415030247,270079279419.5,5.31011830898613,4.88574537540802,79.6414634146341,4398942,111.234497070312,4.98,82.6,90.0,74.0,71.7,65.9,92.1,80.6,85.3,86.6,90.0,90.0,61396.41746117589
Ireland,IRL,2008,46.2814,8.45449268903961,275447471451.063,-4.48407081043062,4.03568834941391,80.0951219512195,4489544,111.293968200684,6.774,82.5,90.0,74.0,71.5,64.5,93.0,81.1,84.9,86.0,90.0,90.0,61353.10656295227
Ireland,IRL,2009,41.1735,22.827608853053,236443115853.695,-5.09578277913846,-4.44754686876746,80.190243902439,4535375,114.39266204834,12.609,82.2,90.0,75.0,69.2,64.9,93.0,79.7,84.3,85.8,90.0,90.0,52133.09061625445
Ireland,IRL,2010,40.9249,17.0242973051905,221732824603.484,1.68297175486512,-0.918388645376774,80.7439024390244,4560155,118.096908569336,14.534,81.3,90.0,77.0,71.1,61.8,92.8,79.0,79.0,87.5,95.0,80.0,48623.966642248786
Ireland,IRL,2011,37.144,9.83474085171317,240975871046.644,1.60886648916944,2.5489783020855,80.7463414634146,4580084,115.83373260498,15.354,78.7,90.0,80.0,72.1,47.1,92.0,77.5,80.7,87.6,90.0,70.0,52613.85403556878
Ireland,IRL,2012,37.6022,25.5993064499855,226921827888.137,-0.40502941658977,1.69474116680366,80.8463414634146,4599533,117.75218963623,15.451,76.9,90.0,80.0,73.9,30.4,92.8,78.4,76.7,87.1,90.0,70.0,49335.84080995549
Ireland,IRL,2013,36.3338,29.8612971089447,242924245718.756,2.1929375750029,0.515099484900573,80.9487804878049,4623816,,13.735,75.7,90.0,75.0,73.8,28.8,83.4,76.6,82.8,86.8,90.0,70.0,52537.610864869195
Ireland,IRL,2014,36.1391,39.3649751606697,266490442124.309,9.38579335130922,0.190916398713745,81.3487804878049,4657740,116.739097595215,11.858,76.2,90.0,74.8,74.0,30.6,83.4,79.5,81.7,87.8,90.0,70.0,57214.53797857094
Ireland,IRL,2015,37.648,74.8169261487244,302101388556.271,24.6239856364006,-0.330959783371788,81.4536585365854,4701957,116.989868164062,9.908,76.6,85.0,72.0,73.6,45.6,82.1,76.2,83.9,88.0,90.0,70.0,64250.13851812575
Ireland,IRL,2016,39.5133,26.1253590357369,305431252708.748,1.22271661130947,0.0201247735963237,81.6536585365854,4762722,117.028717041016,8.374,77.3,90.0,74.0,73.6,50.3,79.6,72.1,85.5,88.0,90.0,70.0,64129.55715423827
Ireland,IRL,2017,38.2632,20.4170966260237,348355212568.515,10.1088576065965,0.362173038229378,82.1560975609756,4827445,125.027168273926,6.713,76.7,85.8,78.3,72.7,57.1,80.3,73.6,87.6,87.0,90.0,70.0,72161.40475313857
Ireland,IRL,2018,38.0252,20.3601504375203,395780319816.603,7.68865937437435,0.471130713712916,82.2048780487805,4898022,154.163345336914,5.741,80.4,87.7,79.0,76.1,69.6,81.8,76.4,87.4,86.9,90.0,70.0,80804.11231648266
Ireland,IRL,2019,36.369,7.67467578422042,407211793800.713,4.97288003766816,0.937842961189274,82.7024390243903,4976456,137.07568359375,4.95,80.5,85.8,78.0,76.3,77.4,83.1,75.3,87.0,86.0,90.0,70.0,81827.66888739959
Ireland,IRL,2020,34.2933,8.0934578228257,436009027818.948,7.15369505735335,-0.326183651280033,82.4560975609756,5039747,133.497024536133,5.623,80.9,86.6,82.8,76.4,78.8,82.7,75.9,85.3,86.4,90.0,70.0,86514.07061087551
Ireland,IRL,2021,36.3826,14.6537815105934,530394123829.763,16.2581881158197,2.34034113447044,82.2536585365854,5110585,132.947692871094,6.357,81.4,86.0,82.0,76.6,81.1,81.5,76.1,84.4,84.0,90.0,70.0,103783.44628447878
Ireland,IRL,2022,35.6861,-6.48790793588936,548341794599.09,7.51113888415304,7.82945736434105,82.509756097561,5212836,130.604965209961,4.465,82.0,92.6,80.7,76.5,79.9,87.2,60.9,85.2,79.2,90.0,70.0,105190.68595273091
Ireland,IRL,2023,32.8629,-24.6702589530642,567372737459.116,-2.53637409313261,6.29942487419125,82.8073170731707,5311538,,4.243,82.0,92.9,93.9,78.4,80.5,87.2,61.2,81.5,78.6,90.0,70.0,106818.91713080392
Ireland,IRL,2024,32.5693,0.791076186083952,609157459747.205,2.59946721553708,2.11344999577317,83.009756097561,5395790,,4.3,82.6,93.5,83.4,78.0,82.4,91.3,62.8,74.5,79.2,90.0,70.0,112894.95324080532
Ireland,IRL,2025,,,721701359046.313,12.3375990291434,2.21044788475857,,5484367,,4.632,83.1,94.1,84.0,77.6,85.1,88.1,62.4,75.0,79.6,90.0,70.0,131592.46254787708
Israel,ISR,2001,59.2332,1.3131522258027,134889159474.047,0.270471415054473,1.12302839116721,79.4073170731707,6439000,99.2880172729492,11.812,66.1,70.0,68.0,53.1,30.9,70.0,,80.0,83.0,90.0,50.0,20948.774572767044
Israel,ISR,2002,62.4864,1.26381649811692,125215963105.239,-0.152880392675172,5.80234589468429,79.4512195121951,6570000,100.050399780273,12.888,66.9,70.0,66.0,54.8,33.7,70.0,,85.0,83.0,90.0,50.0,19058.746286946574
Israel,ISR,2003,64.2504,2.53049066402201,131278887815.375,1.43455918035305,0.70763061681807,79.6487804878049,6689700,98.9930267333984,13.505,62.7,70.0,76.0,52.7,10.9,70.0,,87.3,77.0,70.0,50.0,19624.0321412582
Israel,ISR,2004,64.0088,2.10605044907695,139925423025.435,4.64944459908543,-0.421595034547416,80.1463414634146,6809000,97.7852325439453,13.029,61.4,70.0,73.0,52.7,7.6,70.0,,82.2,77.0,70.0,50.0,20550.069470617564
Israel,ISR,2005,61.8728,3.27012530253451,147346035831.272,4.35256427740218,1.34070328119492,80.1512195121951,6930100,97.9443511962891,11.342,62.6,70.0,70.0,53.9,15.1,70.0,64.2,86.2,77.0,70.0,50.0,21261.74742518463
Israel,ISR,2006,65.0379,9.0705160460163,158706516001.616,5.59106550120008,2.05407914587443,80.5536585365854,7053700,97.9347229003906,10.707,64.4,70.0,64.0,55.2,28.3,69.9,65.1,90.9,81.0,70.0,50.0,22499.75417179863
Israel,ISR,2007,67.4164,4.76993944503941,184448882451.742,6.31307137087018,0.466226972936065,80.5048780487805,7180100,97.3899536132812,9.379,64.8,70.0,63.0,58.0,33.4,69.4,64.8,84.2,85.2,70.0,50.0,25688.90161024805
Israel,ISR,2008,67.7831,4.64995928220569,220952472408.027,3.2158134842205,4.52744765138651,80.9512195121951,7308800,96.5533218383789,7.704,66.3,70.0,59.0,55.9,35.1,68.6,66.0,81.8,86.6,80.0,60.0,30231.019101360962
Israel,ISR,2009,67.0476,2.16172057771712,213112649594.385,1.22017480850096,3.3676231727125,81.4048780487805,7485600,96.0253067016602,9.534,67.6,70.0,61.0,57.1,35.1,67.8,64.9,83.7,86.0,80.0,70.0,28469.68173484891
Israel,ISR,2010,71.9452,2.91791645550029,239372857534.485,5.54470607068944,2.70270270270273,81.6024390243903,7623600,97.8008117675781,8.48,67.7,70.0,60.0,58.4,35.4,66.4,65.4,78.2,87.8,85.0,70.0,31398.926692702265
Israel,ISR,2011,71.1392,3.23187455100204,267739352609.375,5.51341969081251,3.48837209302323,81.6560975609756,7765800,98.0884170532227,7.139,68.5,70.0,61.0,62.3,44.8,66.1,64.3,78.4,87.8,80.0,70.0,34476.72520659494
Israel,ISR,2012,77.5898,3.42638899025665,263172104090.976,2.40993765217618,1.67553715750052,81.7048780487805,7910500,98.0721435546875,6.762,67.8,70.0,61.0,64.1,41.0,64.4,65.1,79.0,83.6,80.0,70.0,33268.70666721143
Israel,ISR,2013,68.288,3.9732882944923,298045324735.571,4.09013743330735,1.58976347421476,82.0560975609756,8059500,98.7666168212891,6.137,66.9,70.0,58.0,60.2,39.3,66.1,63.7,78.6,83.0,80.0,70.0,36980.62221422805
Israel,ISR,2014,65.9245,1.92409260277085,314376760832.047,3.718144149431,0.467557251908503,82.1536585365854,8215700,98.5257034301758,5.789,68.4,75.0,59.3,60.1,40.3,73.2,63.0,80.6,82.9,80.0,70.0,38265.365194937374
Israel,ISR,2015,67.9917,3.7432820780929,302841190257.708,2.23599889603805,-0.617342577642765,82.0512195121951,8380100,98.464973449707,5.176,70.5,75.0,61.0,61.9,47.8,72.4,67.1,81.6,88.6,80.0,70.0,36138.13561385998
Israel,ISR,2016,67.5521,3.73360294740648,321083954798.337,4.53601939236572,-0.535168195718695,82.4073170731707,8546000,99.2754516601562,4.723,70.7,75.0,60.0,60.6,48.8,70.6,64.6,84.2,88.2,85.0,70.0,37571.25611962754
Israel,ISR,2017,67.8229,4.72701516315835,357360816856.642,4.34394518932547,0.249807840123008,82.5512195121951,8713300,98.0842971801758,4.14,69.7,71.9,47.6,61.0,50.5,69.9,64.3,84.9,88.0,75.0,70.0,41013.25753235193
Israel,ISR,2018,63.4982,5.73001193313582,375470422244.408,4.05349952888294,0.805060379528526,82.8024390243903,8882800,98.327278137207,3.917,72.2,78.2,61.2,60.9,51.8,71.8,65.1,85.3,85.5,75.0,70.0,42269.37702575855
Israel,ISR,2019,65.3145,4.34923898223678,399207771081.611,3.57898762923605,0.817645940292794,82.8048780487805,9054000,97.8852386474609,3.731,72.8,80.0,67.9,61.9,52.4,71.4,65.1,86.2,84.4,75.0,70.0,44091.86780225437
Israel,ISR,2020,61.3925,5.10300458684,410908899711.272,-1.80206927953466,-0.575254620897756,82.6487804878049,9215100,98.0958404541016,4.169,74.0,82.3,77.2,61.0,53.5,72.2,64.4,84.9,86.2,75.0,70.0,44590.823725328206
Israel,ISR,2021,60.972,3.86941902029446,489735019666.026,9.33534690236249,1.47965474722561,82.5,9371400,98.8700408935547,4.812,73.8,83.6,76.8,60.0,53.8,73.9,65.1,84.4,84.2,75.0,70.0,52258.46934993982
Israel,ISR,2022,63.6364,4.35745092445992,525157951212.871,6.36407234798706,4.41162725488371,82.7,9557500,98.5873031616211,3.695,68.0,83.2,65.2,60.4,48.4,81.1,56.5,84.8,78.8,80.0,70.0,54947.20912507151
Israel,ISR,2023,60.4805,3.14968991459396,513393395491.904,2.06272504731618,4.22522603168918,83.1951219512195,9849000,99.3012008666992,3.371,68.9,82.3,82.8,60.9,49.1,84.9,56.9,83.0,82.6,80.0,70.0,52126.44892800325
Israel,ISR,2024,57.6654,2.7251194069041,542284494490.778,0.953618469238535,3.07480889805025,83.1975609756098,10002200,98.5473403930664,3.595,70.1,82.1,65.5,59.3,50.7,80.8,58.0,78.4,83.0,70.0,70.0,54216.52181427866
Israel,ISR,2025,,,610777842873.595,2.93114966387968,3.0414132155654,,10122800,,3.489,69.9,77.2,63.9,60.8,55.6,73.4,58.3,77.3,82.8,70.0,70.0,60336.84779641947
Italy,ITA,2001,453.6804,1.26941636801649,1172041488805.87,2.00643329837733,2.78516542713554,80.1268292682927,56976981,97.2837066650391,9.599,63.0,70.0,47.0,47.1,28.0,70.0,,86.5,78.0,70.0,70.0,20570.43859178622
Italy,ITA,2002,460.957,1.34499006490549,1281746271196.04,0.26992966378873,2.46532319171165,80.2292682926829,57089824,98.8138809204102,9.211,63.6,70.0,46.0,48.0,33.7,70.0,,85.5,79.6,70.0,70.0,22451.396437936823
Italy,ITA,2003,480.7606,1.23649728851371,1582930016538.82,0.0665538088732092,2.6725555277285,79.9829268292683,57399184,99.5263137817383,8.869,64.3,70.0,55.0,48.0,29.4,70.0,,84.7,81.4,70.0,70.0,27577.570031985473
Italy,ITA,2004,492.1601,1.10881762156492,1812808753294.75,1.4740217064723,2.20673661423657,80.7804878048781,57828179,99.0750198364258,7.866,64.2,70.0,52.0,49.7,31.7,70.0,,84.8,79.8,70.0,70.0,31348.19018414448
Italy,ITA,2005,493.0711,1.9711754818286,1864982261286.85,0.762410677306491,1.9852929852798,80.7829268292683,58166682,99.2056274414062,7.73,64.9,70.0,53.0,49.6,27.4,70.0,74.5,84.7,80.2,70.0,70.0,32062.723833669075
Italy,ITA,2006,487.5246,2.91006549515942,1958563654385.64,1.79947992234244,2.09084391012754,81.2829268292683,58399861,99.5338516235352,6.777,62.0,50.0,48.0,52.0,29.1,78.4,74.6,85.2,82.4,70.0,50.0,33537.12869942687
Italy,ITA,2007,480.3222,2.9684958153757,2222524108127.65,1.46229205289291,1.82974112202403,81.4341463414634,58756247,99.8377380371094,6.076,62.8,50.0,50.0,52.8,31.5,77.0,74.4,80.5,81.6,70.0,60.0,37826.175455482204
Italy,ITA,2008,464.9772,-0.393031898243063,2417508414187.19,-1.02313851177097,3.34783258401022,81.4853658536585,59211181,100.291458129883,6.723,62.6,50.0,49.0,54.3,29.4,77.0,74.5,80.6,81.0,70.0,60.0,40828.57955809376
Italy,ITA,2009,413.8068,0.751632233908177,2209484319012.65,-5.30515401233991,0.774768131387381,81.6365853658537,59555454,100.175491333008,7.749,61.4,50.0,52.0,55.8,24.7,78.7,61.3,80.8,80.8,70.0,60.0,37099.61339582181
Italy,ITA,2010,423.6329,0.462974196548407,2144936254535.0,1.52910573247101,1.52551602118248,82.0365853658537,59819407,101.401161193848,8.363,62.7,55.0,48.0,55.2,31.2,77.9,58.2,79.0,87.5,75.0,60.0,35856.86254855385
Italy,ITA,2011,414.5041,1.49396922230512,2306974020278.21,0.695463154440176,2.78063272879323,82.1878048780488,60026841,101.59642791748,8.359,60.3,50.0,43.0,55.4,28.6,77.3,44.4,82.1,87.6,75.0,60.0,38432.37428200178
Italy,ITA,2012,394.4537,0.0016635941816029,2097929495121.68,-3.12523877282996,3.04136333226775,82.2390243902439,60191247,100.449836730957,10.655,58.8,50.0,39.0,55.0,19.4,77.4,43.0,82.0,87.1,75.0,60.0,34854.39494419645
Italy,ITA,2013,361.7143,0.907076904789878,2153225581941.46,-1.81802510749792,1.21999342274306,82.690243902439,60311613,100.973121643066,12.149,60.6,50.0,39.0,55.5,25.3,76.9,52.0,80.2,86.8,80.0,60.0,35701.6746002376
Italy,ITA,2014,342.9756,0.783743281747353,2173255507985.84,-0.0013876173045446,0.241047429826756,83.090243902439,60320707,101.121726989746,12.683,60.9,50.0,38.5,55.5,25.6,75.5,52.5,78.9,87.8,85.0,60.0,36028.349402234955
Italy,ITA,2015,353.7401,0.720886367724088,1845428048839.1,0.885667635240807,0.0387903996579733,82.5439024390244,60229605,101.228088378906,11.896,61.7,55.0,43.0,54.2,23.2,71.9,55.4,81.2,88.0,85.0,60.0,30639.882975143206
Italy,ITA,2016,349.1697,1.35957350873308,1887111188176.93,1.23622108511661,-0.09401665691575,83.2439024390244,60115223,100.742958068848,11.688,61.2,50.0,43.0,55.8,22.1,70.3,53.0,84.5,88.0,85.0,60.0,31391.569289810835
Italy,ITA,2017,345.6817,0.44334154868577,1970720904584.71,1.60369995294101,1.22653316645812,82.9463414634147,60002252,101.01001739502,11.211,62.5,74.6,44.7,54.9,22.3,69.8,52.9,86.9,87.0,85.0,50.0,32844.11566060404
Italy,ITA,2018,340.3734,2.10769610409512,2099435266458.67,0.826646712344115,1.13748763600391,83.3463414634146,59877221,101.526412963867,10.538,62.5,71.2,40.1,55.2,24.1,70.3,50.3,88.2,86.9,85.0,50.0,35062.33641769497
Italy,ITA,2019,332.562,1.77066894209208,2019606796583.53,0.429162533780342,0.611246943765304,83.4975609756098,59729081,101.74178314209,9.884,62.2,71.7,43.7,55.6,26.5,71.7,51.1,84.0,86.0,85.0,50.0,33812.78872486804
Italy,ITA,2020,295.2134,-0.893869914296462,1907481094079.23,-8.86822122185345,-0.13770757391651,82.1951219512195,59438851,101.836128234863,9.192,63.8,75.4,62.2,56.0,28.5,70.4,50.9,83.2,86.4,80.0,50.0,32091.48666213669
Italy,ITA,2021,330.3484,1.20474315612308,2179207773596.09,8.93106210800055,1.87378325762481,82.6463414634146,59133173,101.834869384766,9.497,64.9,75.7,63.7,58.1,28.9,68.1,50.5,84.2,84.0,80.0,50.0,36852.54254149511
Italy,ITA,2022,331.006,2.94181405797187,2104067630319.46,4.82117669913565,8.20128991161718,82.7,59013667,101.353858947754,8.069,65.4,81.7,57.3,57.7,20.6,73.8,70.4,86.2,79.2,80.0,50.0,35653.90421034944
Italy,ITA,2023,304.3081,1.81363348239025,2316882296366.32,0.922796543670316,5.62219442195901,83.3512195121951,58984216,100.678756713867,7.627,62.3,81.2,77.9,57.3,13.7,73.8,70.6,82.6,78.6,80.0,50.0,39279.69978216409
Italy,ITA,2024,299.2285,1.19623307999136,2383435562458.12,0.783039135276795,0.982373023061417,83.9512195121951,58952704,,6.5,60.1,81.6,60.7,57.0,2.5,77.6,70.7,74.1,79.2,80.0,60.0,40429.62240473516
Italy,ITA,2025,,,2551556954100.35,0.539583636778445,1.5316682765282,,58915656,,6.391,60.9,82.2,60.6,57.4,9.5,77.6,70.7,74.2,79.6,80.0,60.0,43308.640306073314
Jamaica,JAM,2001,10.3087,6.26989738675835,9194727831.07318,1.34492956615135,6.8019093078759,71.287,2624403,79.911491394043,6.641,63.7,50.0,38.0,76.7,84.1,70.0,,78.3,76.4,70.0,30.0,3503.550266888576
Jamaica,JAM,2002,10.2596,4.56630894573429,9719009494.84779,1.99729094191295,7.07635009310985,71.478,2640572,80.4983978271484,6.616,61.7,50.0,38.0,76.1,56.7,70.0,,77.4,66.8,90.0,30.0,3680.6455172772376
Jamaica,JAM,2003,10.557,7.2479637433656,9430234810.78586,3.66631759041991,10.0869565217391,71.585,2656623,80.8683929443359,6.534,67.0,50.0,38.0,75.6,65.3,70.0,,78.0,65.8,90.0,70.0,3549.7075839461827
Jamaica,JAM,2004,10.6008,5.49763452709418,10174664853.9476,1.32372510450574,13.5545023696682,71.542,2672225,85.6572189331055,6.539,66.7,50.0,40.0,76.7,61.3,70.0,,78.0,64.4,90.0,70.0,3807.562931245535
Jamaica,JAM,2005,10.6289,5.67333342894728,11243865777.7131,0.893797935409893,15.0528658875905,71.493,2687066,84.6938323974609,6.577,67.0,50.0,38.0,76.4,62.4,70.0,68.4,75.8,69.4,90.0,70.0,4184.439748674986
Jamaica,JAM,2006,12.311,7.06060472344707,11930179089.8855,2.89912534481287,8.56106408706157,71.395,2700968,,6.605,66.4,50.0,33.0,77.9,54.4,82.6,68.2,72.9,65.4,90.0,70.0,4417.001271353641
Jamaica,JAM,2007,12.2359,6.34318590681939,12799600047.1845,1.43195403769627,9.24482067275562,71.405,2713800,86.4005813598633,6.607,65.5,50.0,36.0,75.1,61.8,82.0,68.5,71.0,70.4,80.0,60.0,4716.486125427261
Jamaica,JAM,2008,9.8705,10.0413036123443,13709401520.0326,-0.811736702186792,22.0228384991843,71.502,2725635,88.0502090454102,6.666,65.7,50.0,37.0,74.9,59.6,82.3,68.4,74.3,70.4,80.0,60.0,5029.800952817453
Jamaica,JAM,2009,8.0493,4.00285728105842,12120458114.8318,-4.34530185828071,9.59224598930482,71.717,2736995,90.1742782592773,7.314,65.2,50.0,33.0,75.3,62.2,87.8,67.4,75.4,70.6,80.0,50.0,4428.381533335574
Jamaica,JAM,2010,7.6922,1.4052035043033,13220549908.2494,-1.45714720850386,12.6105519975603,71.979,2748568,89.4939454246108,7.63,65.5,45.0,31.0,74.8,61.8,87.0,70.0,68.4,72.2,85.0,60.0,4809.977380312002
Jamaica,JAM,2011,7.6033,1.19599317121359,14444661522.1463,1.73037627006349,7.555856465809,72.245,2760494,91.5373916625977,8.034,65.7,40.0,30.0,75.9,64.7,86.3,70.2,72.5,72.2,85.0,60.0,5232.636449181306
Jamaica,JAM,2012,7.014,2.79145695894721,14807086555.5283,-0.613636042132399,6.87397708674309,72.405,2772430,,8.695,65.1,40.0,33.0,75.5,58.7,84.7,69.6,72.4,72.1,85.0,60.0,5340.833332321573
Jamaica,JAM,2013,7.4837,3.81898294324016,14264205152.6126,0.517686011311724,9.34150076569673,72.435,2783687,85.4017870483818,9.698,66.8,40.0,33.0,77.5,67.7,84.3,69.3,76.1,75.0,85.0,60.0,5124.213014111357
Jamaica,JAM,2014,7.2146,4.18835617241287,13899217679.9219,0.689822359762587,8.27407886231419,72.357,2793749,86.3705618020868,9.046,66.7,40.0,33.0,77.2,69.4,84.6,75.6,77.3,75.1,85.0,50.0,4975.113254598713
Jamaica,JAM,2015,7.1067,6.18152374482186,14963589915.5912,0.92148712399856,3.69154228855725,72.214,2802534,85.3548254033729,8.825,67.7,40.0,38.0,81.5,73.2,85.9,76.5,71.4,75.0,85.0,50.0,5339.307182568062
Jamaica,JAM,2016,7.6254,6.22844979056863,14898999754.1229,2.76043761369557,2.35102197485846,72.052,2809915,87.9398248609799,8.634,67.5,40.0,38.0,81.7,78.0,81.3,72.7,77.5,75.4,80.0,50.0,5302.295533538523
Jamaica,JAM,2017,7.3076,5.63139063640052,15783583236.675,2.29303371291363,4.37839864991561,71.879,2815764,84.2369432325225,7.399,69.5,58.0,38.2,81.0,77.5,78.9,73.7,79.5,75.3,80.0,50.0,5605.435411730173
Jamaica,JAM,2018,8.6911,4.59566903085149,16855447986.2221,2.51584458612513,3.73663882152163,71.606,2820097,83.7616154022844,5.47,69.1,60.9,39.4,80.0,77.2,78.7,74.5,82.0,70.8,80.0,50.0,5976.903626443381
Jamaica,JAM,2019,8.4395,3.90817004443178,17026269262.5307,1.80943147301357,3.90510000865872,71.532,2823271,85.7618499653089,4.987,68.6,60.7,45.0,80.2,76.0,78.0,73.6,82.6,68.4,80.0,50.0,6030.688964159197
Jamaica,JAM,2020,5.9229,1.76731178461616,15000214216.2439,-8.30441923583135,5.2267777929352,71.452,2830739,81.5337816615681,6.501,68.5,62.1,46.8,80.0,74.8,77.7,74.0,77.7,68.4,80.0,50.0,5299.045308042847
Jamaica,JAM,2021,6.4724,2.00753132739669,15963885376.3537,5.70467978309095,5.86278242801063,69.085,2837682,85.8093525179856,5.188,69.0,60.6,47.7,79.7,74.4,77.6,73.4,77.5,69.2,80.0,50.0,5625.678062712348
Jamaica,JAM,2022,7.5151,1.69418617103882,18813516805.214,6.43930323656186,10.3495688391272,71.481,2839144,82.8584671020508,4.083,67.4,65.0,49.0,76.6,71.6,56.5,64.7,76.2,69.2,80.0,50.0,6626.4750238853685
Jamaica,JAM,2023,7.7039,2.29897230060895,21418797832.8216,2.74634433906714,6.47413734662063,71.479,2839786,85.4353132628153,3.022,68.1,65.8,70.8,79.8,72.2,67.7,64.4,75.1,70.0,70.0,50.0,7542.398558490535
Jamaica,JAM,2024,8.074,1.38581611857042,22014429050.9995,-0.535039063867487,5.41194447981659,71.606,2839175,84.4572372436523,3.151,68.1,66.1,48.4,77.0,71.5,69.9,64.9,71.2,71.6,70.0,50.0,7753.811952767794
Jamaica,JAM,2025,,,22704903217.5631,0.0816454877745656,4.00459048079239,,2837077,,3.286,68.7,67.8,49.5,76.5,72.8,70.1,64.4,72.8,71.8,60.0,50.0,8002.921040762411
Japan,JPN,2001,1229.9895,0.110976878146313,4438792748062.4,0.284608556379041,-0.740055504162738,81.4163414634146,127149000,,5.02,70.9,90.0,60.0,70.4,58.9,85.0,,92.8,80.6,50.0,50.0,34910.16640368701
Japan,JPN,2002,1264.5009,0.272197790665394,4245946980572.3,0.0849888050363319,-0.923494026942321,81.6907317073171,127445000,,5.386,66.7,70.0,64.0,70.7,54.4,70.0,,90.6,80.4,50.0,50.0,33315.916517496174
Japan,JPN,2003,1271.9267,0.191794076237143,4573413206709.02,1.38010935830795,-0.256541816316025,81.76,127718000,,5.251,67.6,70.0,71.0,70.3,56.7,70.0,,89.8,81.0,50.0,50.0,35808.68167923879
Japan,JPN,2004,1267.0449,0.152341816004989,4941485123806.53,2.11294823723127,-0.0085733882031027,82.030243902439,127761000,,4.734,64.3,70.0,71.0,62.4,55.1,70.0,,89.2,80.8,50.0,30.0,38677.57080647874
Japan,JPN,2005,1278.6849,0.111977275601545,4875648486366.14,1.8482813374834,-0.282946068764391,81.9551219512195,127773000,,4.446,67.3,70.0,70.0,70.7,57.6,70.0,83.3,90.6,80.6,50.0,30.0,38158.67582639634
Japan,JPN,2006,1256.0383,-0.0515679721801721,4648058930707.24,1.54630843078741,0.249355116079085,82.3219512195122,127854000,,4.192,73.3,70.0,69.0,70.9,58.3,87.2,84.4,92.5,80.2,70.0,50.0,36354.42716463497
Japan,JPN,2007,1291.7352,0.467735072888992,4624670179654.96,1.72837912865577,0.060039454498669,82.5070731707317,128001000,,3.888,72.7,70.0,73.0,70.9,58.3,91.2,83.0,90.9,80.2,60.0,50.0,36129.95351329255
Japan,JPN,2008,1220.7653,0.477207449449493,5160197175876.43,-1.16662209355141,1.3800788616492,82.5875609756098,128063000,,4.002,73.0,70.0,76.0,70.3,56.2,88.1,85.1,94.3,80.0,60.0,50.0,40294.208130970146
Japan,JPN,2009,1157.495,0.229098901311457,5336765697589.29,-5.9359411383964,-1.35283672951719,82.9314634146342,128047000,,5.068,72.8,70.0,75.0,67.5,61.1,85.8,82.5,93.6,82.0,60.0,50.0,41678.178306319474
Japan,JPN,2010,1217.0641,0.128037155210339,5811578109447.07,4.13645589222239,-0.728243207517779,82.8426829268293,128070000,,5.102,72.9,80.0,73.0,67.2,61.1,84.5,82.4,88.8,82.4,60.0,50.0,45378.13781093988
Japan,JPN,2011,1269.8897,-0.0135476953217396,6279422550218.7,-0.20035785332982,-0.27245561610124,82.5912195121951,127833000,,4.55,72.8,80.0,77.0,67.0,58.7,83.8,81.1,87.9,82.6,60.0,50.0,49122.07763424703
Japan,JPN,2012,1308.4016,0.008635611369413,6333803928787.76,1.64893452981225,-0.0440645104432602,83.0960975609756,127629000,,4.358,71.6,80.0,78.0,67.1,47.0,81.8,81.4,88.9,81.8,60.0,50.0,49626.68303275713
Japan,JPN,2013,1323.4899,0.201969683435447,5272297037396.96,1.99727653399265,0.335037912184741,83.3319512195122,127445000,101.049438476562,4.038,71.8,80.0,80.0,69.2,45.0,81.3,80.3,90.6,81.8,60.0,50.0,41369.19484794978
Japan,JPN,2014,1273.5698,0.396173028620197,4985763289560.81,0.905915486065865,2.75922671353253,83.5878048780488,127276000,101.036422729492,3.589,72.4,80.0,77.8,69.2,47.1,80.0,79.8,87.5,82.4,70.0,50.0,39172.847116194804
Japan,JPN,2015,1232.5762,0.115829519336403,4534438580494.94,1.79997735783475,0.795279630579839,83.7939024390244,127141000,101.724517822266,3.385,73.3,80.0,74.0,68.7,47.1,84.1,90.2,86.7,82.6,70.0,50.0,35664.64461106127
Japan,JPN,2016,1228.6537,0.801395644123668,5110357383254.44,0.704986495111257,-0.127258844489754,83.9848780487805,127076000,101.296928405762,3.132,73.1,80.0,76.0,68.5,46.2,82.5,83.9,81.2,82.6,70.0,60.0,40214.968863156224
Japan,JPN,2017,1212.9423,0.37319148031924,5038231631660.71,1.62345062245441,0.484199796126385,84.099756097561,126972000,100.260749816895,2.822,69.6,89.4,86.1,68.5,52.3,82.3,77.5,83.0,82.6,70.0,60.0,39679.86352629485
Japan,JPN,2018,1163.1278,0.490646618599307,5154293721629.56,0.834143845965585,0.989094598021848,84.2109756097561,126811000,100.482200622559,2.467,72.3,86.0,79.2,67.4,54.1,81.7,79.2,85.4,82.3,70.0,60.0,40645.47808651899
Japan,JPN,2019,1123.813,0.761769170240795,5245755000479.03,-0.308496921143259,0.46877615938395,84.3563414634146,126633000,100.660270690918,2.351,72.1,84.1,78.0,68.2,55.0,80.5,79.0,85.9,80.0,70.0,60.0,41424.86556015439
Japan,JPN,2020,1060.2269,1.20605775501323,5189197543645.38,-4.28327942675573,-0.024995834027731,84.56,126261000,101.34056854248,2.809,73.3,86.6,80.5,68.3,55.8,81.4,78.7,84.4,80.0,70.0,60.0,41098.97390045525
Japan,JPN,2021,1080.206,0.67025659122188,5225933520753.1,3.56419531474475,-0.233352779398264,84.4456097560976,125681593,101.744400024414,2.808,74.1,87.8,82.0,67.8,57.8,85.9,79.0,85.1,80.4,60.0,60.0,41580.739040705026
Japan,JPN,2022,1050.5032,1.08260095152642,4447976207314.78,1.33164750653741,2.49770278172255,83.9963414634146,125124989,101.38200378418,2.614,69.9,94.6,81.4,67.4,52.5,78.3,66.6,87.1,75.4,60.0,60.0,35548.26452224328
Japan,JPN,2023,1002.4382,0.456297698647986,4384854269961.93,0.720785304749811,3.26813365933163,84.0412195121951,124516650,101.537071228027,2.6,69.3,94.1,94.7,68.1,48.4,78.3,66.8,87.1,75.2,60.0,60.0,35215.00353536599
Japan,JPN,2024,972.267,0.450454817292247,4190008188358.57,-0.240084236041696,2.73853681635241,84.0363414634146,123975371,,2.5,67.5,94.6,82.6,63.3,42.5,77.5,68.6,81.7,75.8,70.0,60.0,33797.10142878757
Japan,JPN,2025,,,4435162999976.94,1.19311288444599,3.17253034260248,,123366734,,2.451,70.2,95.1,82.8,62.5,47.5,78.0,67.8,74.4,76.2,60.0,60.0,35951.044954930396
Jordan,JOR,2001,16.5076,3.04850514227071,8975814652.8196,5.26995757513606,1.77220437351017,72.141,5498894,,14.7,68.3,70.0,44.0,76.2,61.1,70.0,,87.4,65.8,70.0,70.0,1632.2945401056284
Jordan,JOR,2002,17.2075,2.48601734100151,9582510578.27927,5.78380792679309,1.83299389002049,72.359,5616066,83.6367721557617,15.3,66.2,50.0,46.0,76.4,63.3,70.0,,89.0,61.4,70.0,70.0,1706.2674438440129
Jordan,JOR,2003,17.6466,5.36472671434697,10195627644.5698,4.16166755544363,1.62999999999998,72.585,5741828,83.7643737792969,14.5,65.3,50.0,49.0,78.9,64.9,70.0,,87.4,47.2,70.0,70.0,1775.6762558143155
Jordan,JOR,2004,19.0154,8.2092227069918,11411706629.055,8.56721424236906,3.36186821476601,72.788,5882061,83.6611480712891,14.626,66.1,50.0,45.0,78.9,66.3,70.0,,86.7,58.0,70.0,70.0,1940.0864134280484
Jordan,JOR,2005,20.3143,15.7636461414358,12588998589.5628,8.1465948107994,3.49368534619531,72.977,6029587,84.393669128418,14.8,66.7,50.0,46.0,79.2,63.5,70.0,73.9,81.8,62.4,70.0,70.0,2087.8707927363516
Jordan,JOR,2006,20.5438,23.5372913427131,15056981664.3159,8.09297527811921,6.25172466656443,73.225,6427371,86.7745513916016,14.0,63.7,50.0,53.0,78.2,58.3,56.0,74.8,84.4,62.2,50.0,70.0,2342.6345957493195
Jordan,JOR,2007,21.3397,15.3248262609959,17110437235.543,8.17616995204655,4.74390639021648,73.407,6827227,87.7151718139648,13.1,64.5,50.0,57.0,83.2,57.4,54.9,74.6,83.5,74.2,50.0,60.0,2506.2059948413903
Jordan,JOR,2008,20.493,11.0197500384043,25651620830.6149,7.22038637280149,13.9712310012729,73.563,6989866,88.4466781616211,12.7,64.1,55.0,53.0,83.7,53.2,56.3,74.6,80.4,74.8,50.0,60.0,3669.830127017442
Jordan,JOR,2009,21.0617,8.78688730340838,27462496197.1831,5.11667226950634,-0.739069743144777,73.707,7141753,,12.9,65.4,55.0,47.0,83.0,56.9,68.9,74.1,80.3,78.8,50.0,60.0,3845.343880862738
Jordan,JOR,2010,20.5883,5.59019642688163,30202773521.1268,2.6377158262256,4.84551875852116,73.797,7297043,87.3644409179688,12.5,66.1,55.0,51.0,83.0,55.1,65.6,74.2,73.2,78.8,65.0,60.0,4139.042831613682
Jordan,JOR,2011,21.0139,4.5528280155948,32640291549.2958,2.90729315392207,4.1624416292779,73.929,7480424,87.5930404663086,12.9,68.9,55.0,50.0,92.7,60.9,65.8,74.2,81.4,78.8,70.0,60.0,4363.428002115361
Jordan,JOR,2012,24.5322,4.4426748997237,34854017887.3239,2.40465716535539,4.5152295667099,74.087,7587127,87.2317581176758,12.2,69.9,55.0,47.0,93.5,67.0,69.5,75.7,81.2,79.6,70.0,60.0,4593.836097290041
Jordan,JOR,2013,24.0985,5.1397527233423,37873362957.7465,2.72311205964112,4.82462314269537,74.282,7991809,87.3027919681245,12.6,70.4,60.0,45.0,93.6,68.8,69.2,75.5,82.0,79.6,70.0,60.0,4739.022536417787
Jordan,JOR,2014,25.8395,5.37423314588782,40535098591.5493,3.32287328047509,2.89947905006057,74.606,8791710,88.8703034099213,11.9,69.2,60.0,45.6,94.0,66.9,62.0,72.9,81.3,79.6,70.0,60.0,4610.604602693822
Jordan,JOR,2015,25.6334,3.77477904735167,42394049295.7747,2.52261671092148,-0.876851359704049,75.06,9544729,,13.075,69.3,60.0,45.0,93.7,70.7,59.1,74.4,80.6,79.6,70.0,60.0,4441.618960137548
Jordan,JOR,2016,25.2353,3.554614581726,43688498732.3944,2.11166806967252,-0.778430463054142,75.55,10006367,,15.275,68.3,60.0,49.0,91.7,62.0,64.9,68.4,83.1,73.4,70.0,60.0,4366.069996472686
Jordan,JOR,2017,26.5502,4.45743038303198,45535614366.1972,2.50770398070352,3.32389447576097,76.071,10234226,88.8758288897009,18.12,66.7,60.1,49.8,91.3,73.3,63.9,58.1,86.7,82.0,70.0,60.0,4449.346180766108
Jordan,JOR,2018,25.2117,2.01309678009089,47435850422.5352,1.85383415616927,4.46231108475481,76.491,10462306,89.7929068080636,18.257,64.9,57.6,51.9,92.4,69.4,63.0,58.9,88.7,82.0,70.0,60.0,4533.97658437205
Jordan,JOR,2019,23.2902,1.50023479065386,48640273802.8169,1.85633006592765,0.761514047265601,76.865,10671891,89.5104774843719,16.801,66.5,58.4,50.3,91.4,73.4,61.8,52.7,85.0,81.4,70.0,60.0,4557.793347291206
Jordan,JOR,2020,20.948,1.58617483665323,47931770985.9155,-1.15257534158022,0.333294350628378,75.583,10865228,90.1992992911958,19.213,66.0,64.8,49.6,91.8,73.5,60.1,52.5,77.6,81.2,70.0,60.0,4411.483218383958
Jordan,JOR,2021,21.7432,1.22641995478769,50702940985.9155,3.75201276755828,1.34609377243118,74.204,11066356,90.0636022467584,19.837,64.6,66.2,51.0,84.7,73.3,58.9,52.8,82.0,71.0,70.0,60.0,4581.719672303647
Jordan,JOR,2022,23.338,1.79856207883079,53516930140.8451,2.7468615450031,4.22915568897117,77.088,11256263,90.9912658899133,18.2,60.1,53.7,49.5,84.8,71.6,59.6,57.2,84.2,71.8,70.0,60.0,4754.413622073783
Jordan,JOR,2023,24.0408,3.57486440635924,56123472112.6761,3.12900102017251,2.08486986327134,77.814,11439213,91.9696843781763,16.62,58.8,54.1,42.7,84.7,70.0,59.8,57.4,83.6,71.4,70.0,60.0,4906.235430066396
Jordan,JOR,2024,24.144,2.78862682935517,58618380563.3803,2.55605891810194,1.55659611283953,77.981,11552876,91.7518621587381,16.693,58.3,54.0,48.4,84.4,67.8,62.8,56.5,78.7,71.4,70.0,60.0,5073.921036058926
Jordan,JOR,2025,,,61610052535.2113,2.82660839845745,1.76646490894206,,11520684,,16.535,59.4,54.4,48.8,83.9,68.5,62.4,55.6,79.9,82.4,70.0,60.0,5347.7773138479715
Kazakhstan,KAZ,2001,130.4765,12.7154903277303,22152689179.8815,13.4999999984358,8.35413777161344,64.108,15575550,,10.43,51.8,30.0,23.0,79.2,88.0,55.0,,66.2,65.0,30.0,30.0,1422.2733181095691
Kazakhstan,KAZ,2002,145.534,10.5066901062522,24636598527.4437,9.79999999960842,5.83692452105643,64.441,15656677,,9.33,52.4,30.0,30.0,79.3,84.1,55.0,,68.6,65.0,30.0,30.0,1573.5521993232471
Kazakhstan,KAZ,2003,162.1546,8.05370034022495,30833692900.1091,9.30000000033759,6.4382181011894,64.753,15747380,,8.78,52.3,30.0,27.0,77.9,85.2,55.0,,70.4,65.0,30.0,30.0,1958.0205024651148
Kazakhstan,KAZ,2004,174.5565,13.0128589220718,43151647002.6096,9.60000000136854,6.88205438981899,65.04,15850159,,8.4,49.7,30.0,23.0,77.0,84.1,55.0,,73.1,65.0,10.0,30.0,2722.474077554023
Kazakhstan,KAZ,2005,187.5969,4.45711144385218,57123671733.8952,9.69999999922682,7.57999929125766,65.356,15968117,,8.13,53.9,30.0,24.0,82.6,85.9,55.0,82.6,73.9,65.0,10.0,30.0,3577.358040017818
Kazakhstan,KAZ,2006,210.1923,9.39605595950726,81003864630.018,10.7,8.72169386091726,65.722,16103716,98.4432830810547,7.79,60.2,30.0,22.0,81.6,83.9,55.9,85.4,73.6,69.2,30.0,70.0,5030.134947115188
Kazakhstan,KAZ,2007,219.6055,11.4190297456091,104849915058.376,8.89999999999405,10.8468362075557,66.18,16257214,,7.26,59.6,30.0,26.0,81.4,83.7,58.5,84.3,72.9,69.2,30.0,60.0,6449.439310965336
Kazakhstan,KAZ,2008,248.432,12.6039290016987,133441648851.982,3.30000000021091,17.139899777207,66.759,16426525,,6.63,61.1,30.0,26.0,80.1,84.7,56.8,85.5,71.9,86.2,30.0,60.0,8123.54705891733
Kazakhstan,KAZ,2009,224.4825,12.3805834457831,115308686941.38,1.19999999942873,7.31607858288578,67.46,16619846,,6.55,60.1,25.0,21.0,82.8,87.5,57.9,80.5,70.0,86.2,30.0,60.0,6938.011756629996
Kazakhstan,KAZ,2010,242.1984,5.03630628288047,148047348240.643,7.30000000329814,7.40046356341396,68.257,16836810,98.5237492649908,5.77,61.0,30.0,22.0,87.9,82.1,73.5,83.1,65.6,85.9,30.0,50.0,8793.075899807802
Kazakhstan,KAZ,2011,262.6296,7.14351039762779,192626464617.071,7.40000000144188,8.4529046617679,69.108,17066002,98.8350532967319,5.39,62.1,35.0,27.0,87.3,78.5,74.3,88.4,69.9,80.9,30.0,50.0,11287.146492603892
Kazakhstan,KAZ,2012,258.8083,6.56164821145973,207998568865.789,4.79999999528297,5.19568369035073,69.939,17306106,99.0180187395814,5.29,63.6,40.0,29.0,90.4,83.4,72.9,88.7,71.8,79.6,30.0,50.0,12018.796652799248
Kazakhstan,KAZ,2013,276.1147,4.23069709209016,236634603409.089,5.99999999671084,5.94283871648418,70.719,17556502,97.6500312583517,5.2,63.0,35.0,27.0,93.2,84.5,71.8,88.4,72.2,78.2,30.0,50.0,13478.459627611981
Kazakhstan,KAZ,2014,233.0134,3.3006311188168,221415613595.469,4.20000000566705,6.84944977003358,71.415,17816285,98.522388891969,5.06,63.7,30.0,25.7,92.9,85.0,74.4,86.7,74.4,78.2,40.0,50.0,12427.709457693845
Kazakhstan,KAZ,2015,202.7539,3.56737402233377,184388404706.042,1.20000000053288,6.67828585615236,72.024,18084169,98.2120601574997,4.93,63.3,25.0,26.0,93.2,85.0,73.7,87.0,74.6,79.0,40.0,50.0,10196.122625598224
Kazakhstan,KAZ,2016,216.1249,12.5466202801438,137278320084.171,1.09999999910173,14.3610942386248,72.549,18363600,97.0463003338151,4.96,63.6,30.0,29.0,93.0,87.7,72.3,82.7,74.0,77.4,40.0,50.0,7475.566886894237
Kazakhstan,KAZ,2017,226.4516,2.85205738000704,166805788827.233,4.10000000257358,7.44266321306792,72.996,18651931,96.5061709309357,4.9,69.0,56.1,38.0,93.3,85.7,74.5,82.5,73.9,78.5,40.0,50.0,8943.084167919826
Kazakhstan,KAZ,2018,229.3799,0.196995426846668,179339977690.485,4.09999999309841,6.16366247577762,73.369,18932727,96.1156212742477,4.85,69.1,56.0,44.6,92.6,85.3,74.3,86.8,68.2,75.6,50.0,50.0,9472.485273277589
Kazakhstan,KAZ,2019,218.8149,2.05367649290766,181667184854.501,4.50000000091883,5.33356098916669,73.658,19209555,96.5371355057456,4.8,65.4,59.3,40.3,93.4,83.7,73.9,86.2,70.9,80.0,50.0,50.0,9457.126146571381
Kazakhstan,KAZ,2020,225.4957,4.21199990309163,171082365861.423,-2.49999999628,6.71815454861458,71.195,19482117,91.9490206290752,4.89,69.6,61.3,40.9,92.3,85.5,74.6,86.0,68.1,80.2,50.0,50.0,8781.507977876481
Kazakhstan,KAZ,2021,241.9078,2.31675874599247,197112255360.612,4.29999999729456,8.04147134028401,70.131,19743603,94.310522086739,5.568,71.1,60.2,44.6,93.6,86.7,76.2,86.2,70.0,74.6,50.0,50.0,9983.601035769003
Kazakhstan,KAZ,2022,246.5276,2.25355434978679,225496328925.494,3.19999999970734,15.0278644440851,73.503,20034609,94.0433413378673,4.86,64.4,55.3,37.9,92.7,86.5,64.7,62.7,69.1,75.4,50.0,50.0,11255.339643788106
Kazakhstan,KAZ,2023,255.4342,2.18589516942702,261840101059.923,5.09999999973641,14.5275597825952,74.402,20330104,95.2393054334066,4.835,62.1,54.8,34.4,93.0,85.1,64.6,62.7,67.7,74.8,50.0,50.0,12879.42752579736
Kazakhstan,KAZ,2024,258.8037,0.71809281452939,291480274648.826,4.99999999996936,8.69082156104494,74.531,20592571,97.198884231219,4.833,62.0,54.1,36.5,92.6,84.4,69.7,62.6,62.6,74.6,50.0,50.0,14154.632495807638
Kazakhstan,KAZ,2025,,,306239209650.024,6.5,11.3879454675914,,20843754,97.6167311117902,4.771,63.8,54.7,39.9,91.7,85.1,69.3,63.2,61.3,73.2,50.0,50.0,14692.13317572372
Kenya,KEN,2001,8.2528,0.0408333582871574,12986007425.8781,3.77990649795343,5.73859814341467,56.501,31619170,41.6857109069824,2.876,57.6,50.0,20.0,77.3,76.5,55.0,,78.9,60.6,50.0,50.0,410.7004524748151
Kenya,KEN,2002,8.0095,0.210062364887451,13147736898.5176,0.546859530175595,1.96130821739162,56.759,32629808,41.8610191345215,2.916,58.2,50.0,21.0,77.9,78.1,55.0,,76.4,65.0,50.0,50.0,402.9363856053826
Kenya,KEN,2003,7.2312,0.548412532071825,14904517649.8476,2.93247554570904,9.81569062979654,57.369,33652223,43.5811309814453,2.869,58.6,50.0,20.0,78.1,85.2,55.0,,78.6,60.2,50.0,50.0,442.89845725340643
Kenya,KEN,2004,8.0523,0.286194263505208,16095337093.8366,5.10429977629738,11.6240355442426,57.947,34713455,47.1179389953613,2.844,57.7,50.0,19.0,78.9,79.2,55.0,,82.9,54.0,50.0,50.0,463.6627813001212
Kenya,KEN,2005,9.026,0.113202068934601,18737895512.7378,5.90666607980057,10.3127783574683,58.51,35796484,47.2635917663574,2.739,57.9,50.0,19.0,78.9,83.0,55.0,59.4,77.6,56.2,50.0,50.0,523.4563124338637
Kenya,KEN,2006,9.9988,0.196219632064752,25825512284.2891,6.47249430015484,14.4537342081708,59.059,36904008,48.8131103515625,2.673,59.7,50.0,21.0,78.9,82.6,65.2,60.0,74.7,64.4,50.0,50.0,699.8023706338103
Kenya,KEN,2007,10.0006,2.28124317373484,31958195182.2406,6.85072976998784,9.75888023027529,59.407,38036349,50.8713607788086,2.642,59.6,40.0,21.0,78.9,82.1,64.5,59.9,74.4,75.0,50.0,50.0,840.2014394767647
Kenya,KEN,2008,10.5703,0.266291327300955,35895153327.8497,0.232282744812977,26.2398166445063,59.955,39206351,57.0353507995605,2.751,59.3,35.0,22.0,78.2,84.8,65.6,60.1,72.2,75.0,50.0,50.0,915.5443547360401
Kenya,KEN,2009,12.4742,0.274534230856511,42347217912.9176,3.30693981631089,9.23412592394652,60.483,40408891,57.7407112121582,2.816,58.7,30.0,21.0,78.6,81.5,66.9,63.1,74.0,71.8,50.0,50.0,1047.9678324484976
Kenya,KEN,2010,13.4828,0.392164287395035,45405615063.7551,8.05847360290906,3.96138889115385,60.915,41598567,,2.793,57.5,30.0,21.0,78.1,83.1,63.4,63.7,72.7,67.9,45.0,50.0,1091.5187310119384
Kenya,KEN,2011,13.8759,3.09471103381268,46869473150.61,5.1211061197056,14.0224913014704,61.283,42758461,,2.699,57.4,30.0,22.0,77.6,72.8,62.2,62.9,73.2,72.8,50.0,50.0,1096.144998076755
Kenya,KEN,2012,12.8926,2.44725940988928,56396704671.5777,4.56867961444982,9.37777003547598,61.537,43888303,,2.678,57.5,30.0,21.0,77.7,75.3,61.7,63.3,79.1,66.7,50.0,50.0,1285.005361715118
Kenya,KEN,2013,13.8937,1.81417037253291,61671440407.8387,3.7978483925754,5.71749357037733,61.729,44986791,,2.762,55.9,30.0,22.0,77.5,73.5,58.0,57.1,73.8,66.7,50.0,50.0,1370.8788521465933
Kenya,KEN,2014,15.7052,1.20220842439576,68285796514.2896,5.02011100232484,6.87815499275949,61.99,46051440,,2.767,57.1,30.0,21.0,78.0,74.6,55.8,64.0,74.9,72.8,50.0,50.0,1482.8156625349739
Kenya,KEN,2015,17.0005,0.883799936312692,70120446896.8359,4.96772112759767,6.58215429284779,62.279,47088526,72.5750860661828,2.762,55.6,30.0,27.0,78.0,72.1,47.9,63.8,72.8,64.0,50.0,50.0,1489.1195977728398
Kenya,KEN,2016,18.5033,0.627591266355583,74815144163.8931,4.21351706814744,6.29724953814625,62.526,48139687,74.4698594945796,2.757,57.5,30.0,25.0,79.4,80.8,48.6,62.2,73.5,65.6,60.0,50.0,1554.1261031442332
Kenya,KEN,2017,19.2464,1.64083690398642,82036510877.2599,3.83795817364721,8.00564967709945,62.725,49197766,,3.542,53.5,45.1,24.7,78.5,77.9,50.0,62.4,73.8,67.2,55.0,50.0,1667.4844723083545
Kenya,KEN,2018,19.1369,0.832686217791619,92202979985.2863,5.64794640709219,4.6898064677633,62.825,50207107,,4.284,54.7,47.9,27.5,78.5,77.5,55.5,62.9,74.0,69.8,55.0,50.0,1836.4527552899294
Kenya,KEN,2019,19.4769,0.468168547481475,100378436207.371,5.11415885767801,5.23963795764792,62.939,51202827,,5.014,55.1,53.8,32.1,79.5,77.8,55.8,63.4,72.7,60.4,55.0,50.0,1960.4080885489195
Kenya,KEN,2020,19.1646,-0.0053684543935162,100657505750.545,-0.272766327438816,5.40516207933392,61.596,52217334,,5.613,55.3,63.2,28.2,78.7,79.6,55.0,55.8,75.0,60.4,55.0,50.0,1927.6645902784887
Kenya,KEN,2021,21.5155,0.382593996518954,109703658904.994,7.59048947333467,6.10793603659176,61.225,53219166,80.3774269704216,5.693,54.9,60.4,29.5,78.7,80.2,56.7,57.1,75.4,62.2,55.0,50.0,2061.3562208959456
Kenya,KEN,2022,21.9726,0.691645983068062,114448978152.637,4.85998104287999,7.65986268272224,63.549,54252461,83.7738192286218,5.565,52.6,40.6,30.9,79.0,82.2,56.1,56.8,75.5,56.0,55.0,50.0,2109.5628851313677
Kenya,KEN,2023,21.2679,0.472521238226254,107500884685.013,5.71999241214208,7.67139634029402,63.646,55339003,84.3083880306996,5.409,52.5,39.7,38.9,79.0,81.7,56.0,57.1,74.7,57.2,55.0,50.0,1942.5880275619168
Kenya,KEN,2024,21.6387,0.384924569449646,120397537849.826,4.66019594571891,4.48978854243448,63.834,56432944,,5.487,53.6,40.8,31.0,79.7,82.8,57.7,57.3,73.2,57.2,55.0,50.0,2133.4619340402655
Kenya,KEN,2025,,,135941278878.815,4.63261093844984,4.06912878540729,,57532493,,5.449,54.8,41.8,31.5,77.0,83.7,58.9,57.3,72.6,56.6,55.0,50.0,2362.860911986119
Kiribati,KIR,2001,0.0292,-0.421154107226063,64935850.1573877,-3.14412917759699,,64.918,90335,76.2893295288086,,,,,,,,,,,,,718.833787096781
Kiribati,KIR,2002,0.0432,0.334194634159284,74743869.1313473,1.44715494184476,,65.123,92264,81.5949478149414,,,,,,,,,,,,,810.1087003744396
Kiribati,KIR,2003,0.0447,0.697940457936143,96105619.3795504,-1.57546689217141,,65.287,94175,87.8011093139648,,,,,,,,,,,,,1020.5003385139411
Kiribati,KIR,2004,0.0464,1.87697867593672,104085892.133271,-0.608967597152244,,65.416,96085,87.655158996582,,,,,,,,,,,,,1083.2688987175002
Kiribati,KIR,2005,0.0616,2.28808112178245,113895437.324786,1.29243029465849,,65.517,98035,85.8441390991211,,,,,,,,,,,,,1161.7834173997655
Kiribati,KIR,2006,0.0662,0.506000711616138,112338353.264712,5.77693449836185,,65.601,100017,84.0447463989258,,,,,,,,,,,,,1123.1925899068358
Kiribati,KIR,2007,0.0616,0.835207086847366,138054945.643442,3.05507981566669,3.59252131266417,65.677,102068,83.7022018432617,,,,,,,,,,,,,1352.5781404891054
Kiribati,KIR,2008,0.0686,-0.86226187796661,147017894.97877,-2.98473121631831,13.6653995252441,65.746,104222,82.9311904907227,,,,,,,,,,,,,1410.6224691405844
Kiribati,KIR,2009,0.0581,3.56373391370914,140177384.145395,0.536801194648319,9.81643884508657,65.808,106467,,,45.7,30.0,33.0,42.2,0.0,62.5,85.6,88.7,55.0,30.0,30.0,1316.6275385367767
Kiribati,KIR,2010,0.0611,-3.99041060819927,165458433.127645,1.2259519892488,-3.89955040651649,65.859,108704,,,43.7,30.0,31.0,42.2,0.0,65.6,86.1,71.9,55.4,25.0,30.0,1522.1006874415384
Kiribati,KIR,2011,0.057,-0.177954446979993,195970140.170383,3.26372719532225,1.4974097987597,65.896,110647,,,44.8,30.0,28.0,60.3,0.0,62.9,85.1,71.1,55.4,25.0,30.0,1771.129268487921
Kiribati,KIR,2012,0.0558,-1.15262125678328,207001545.867109,5.80365974645258,-3.04586292775571,65.908,112284,,,46.9,30.0,32.0,72.4,0.0,61.2,85.5,77.3,55.4,25.0,30.0,1843.5533634988867
Kiribati,KIR,2013,0.0601,0.415473344082877,201730860.757856,7.73092188699647,-1.488059084681,65.898,113838,,,45.9,30.0,31.0,71.2,0.0,59.2,78.5,78.4,55.4,25.0,30.0,1772.0871831713137
Kiribati,KIR,2014,0.0607,1.31418451065811,200287281.98074,1.26366268044595,2.10398520925043,65.869,115326,,,46.3,30.0,29.2,71.4,0.0,57.0,83.6,81.3,55.4,25.0,30.0,1736.705356821012
Kiribati,KIR,2015,0.0623,-0.427973964466896,191559398.688293,11.2653209431294,0.572015743634256,65.831,116815,,,46.4,30.0,29.2,73.0,0.0,56.8,83.9,80.6,55.4,25.0,30.0,1639.8527474065231
Kiribati,KIR,2016,0.0678,0.875179449056022,206467818.503227,7.08803465778669,1.91731090233378,65.799,118478,,,46.2,30.0,29.2,73.3,0.0,51.6,83.9,81.0,58.2,25.0,30.0,1742.667993241167
Kiribati,KIR,2017,0.0691,0.351879895773833,223029864.54193,3.71200171622053,0.355520888546828,65.787,120275,,,50.9,48.0,37.6,73.6,0.0,51.5,71.9,82.0,58.2,25.0,30.0,1854.332692096695
Kiribati,KIR,2018,0.0759,-0.48933912768022,233859230.192198,3.42465753424656,0.564030491493476,65.807,122084,,,50.8,45.0,37.9,72.4,0.0,53.1,71.6,82.0,58.2,25.0,30.0,1915.560025819911
Kiribati,KIR,2019,0.0761,-0.257400772595406,216891541.021351,3.31125827814569,-1.81307995302947,65.866,123921,,,47.3,44.1,35.1,73.0,0.0,41.9,50.7,81.1,53.2,25.0,30.0,1750.240403332373
Kiribati,KIR,2020,0.0737,1.18785979525366,220909306.750809,-1.28205128205127,2.5532455441463,65.205,126099,,,45.2,47.5,24.3,72.4,0.0,40.6,62.9,82.2,23.8,25.0,30.0,1751.8719954227156
Kiribati,KIR,2021,0.0805,0.361313798304443,285451584.406531,8.44155844155846,2.05361676773907,64.148,128377,87.142166928373,,44.4,44.8,27.9,70.7,0.0,32.0,63.9,82.5,23.8,25.0,30.0,2223.541478664644
Kiribati,KIR,2022,0.0758,1.5744619490777,271214374.500577,5.08982035928143,5.34595440908904,66.269,130469,88.6853008111105,,59.2,70.6,45.4,69.3,0.0,63.2,65.1,80.7,80.0,25.0,30.0,2078.7648751855
Kiribati,KIR,2023,0.076,1.75226954200024,291657337.839517,3.13390313390313,9.28307374517721,66.473,132530,94.7441990494828,,58.8,76.3,83.7,69.5,0.0,61.2,65.5,79.5,80.0,25.0,30.0,2200.6891861428885
Kiribati,KIR,2024,0.0797,2.35252841903892,343153235.077124,4.69613259668509,2.45545072159028,66.6,134518,90.2786712646484,,51.3,73.2,49.0,70.7,0.0,60.9,58.4,76.9,80.0,30.0,30.0,2550.983772261883
Kiribati,KIR,2025,,,349227254.158833,4.22163588390501,,,136488,,,50.9,68.5,48.9,72.9,0.0,62.8,65.3,72.5,80.0,30.0,30.0,2558.666360111021
Kosovo,XKX,2012,,4.75526229642647,6163483291.08047,1.71219595890548,2.47673782156533,75.75,1807126,,,,,,,,,,,,,,3410.6549798301116
Kosovo,XKX,2013,,5.51557792241123,6735327512.05178,5.34079911900278,1.76732428354892,76.336,1818119,,,,30.0,29.0,93.5,73.0,52.4,77.7,,,65.0,,3704.558124111667
Kosovo,XKX,2014,,2.8255199046184,7074392884.04507,3.34880478431623,0.428957808324092,76.179,1812788,,,,30.0,28.6,92.7,73.0,58.1,71.3,72.7,,65.0,,3902.49322261901
Kosovo,XKX,2015,,5.4536060723116,6295845465.35898,5.91623128345211,-0.536929392740659,76.024,1788274,,,,30.0,33.0,,73.9,66.8,72.1,74.9,,65.0,,3520.626853244514
Kosovo,XKX,2016,,3.64804781540538,6682674062.9615,5.57177504731632,0.273169431045468,76.748,1777568,,,61.4,30.0,33.0,93.6,76.8,69.3,66.3,78.9,70.8,65.0,30.0,3759.447775253324
Kosovo,XKX,2017,,3.99449173765269,7180768692.26354,4.82565565298054,1.48823430592319,77.105,1791019,,,67.9,70.3,45.9,93.5,77.8,68.8,65.3,80.0,70.8,65.0,30.0,4009.320220647319
Kosovo,XKX,2018,,4.04305852511921,7878762812.20156,3.40663227056285,1.05379773654991,77.117,1797086,,,66.6,52.3,45.4,93.2,77.9,72.6,58.3,81.2,70.8,65.0,30.0,4384.187964405465
Kosovo,XKX,2019,,3.6089905562178,7899204690.79214,4.75680057007834,2.67599202639893,77.249,1788891,,,67.0,57.2,44.7,92.5,77.7,73.8,64.9,78.3,70.8,65.0,30.0,4415.699274462301
Kosovo,XKX,2020,,5.10214468008702,7734497455.75411,-5.34027547826166,0.198227922994854,74.212,1790151,,,67.4,66.3,39.2,92.6,76.5,75.0,61.0,78.4,76.2,65.0,30.0,4320.583825472885
Kosovo,XKX,2021,,5.32217005283667,9412099545.05799,10.7456560819583,3.35369139207997,74.981,1786079,,,66.5,54.5,46.4,92.6,75.0,71.2,64.4,75.7,77.2,65.0,30.0,5269.699461814393
Kosovo,XKX,2022,,8.15747473082072,9367633202.54673,4.27849895827543,11.5805104542012,77.623,1768096,,,60.1,47.4,37.5,92.5,71.6,68.0,53.1,79.1,78.6,65.0,30.0,5298.1473871026965
Kosovo,XKX,2023,,8.68137839547735,10466753839.9923,4.06762701436438,4.94432438791283,78.033,1682668,,,60.7,47.2,31.3,93.1,70.8,67.9,53.4,75.0,83.3,65.0,30.0,6220.332139193412
Kosovo,XKX,2024,,7.67480496325567,11203038332.3359,4.5730971681166,1.61944994559476,78.222,1594353,,,60.6,48.2,41.0,90.7,72.3,68.0,47.5,66.4,84.2,65.0,30.0,7026.698812832477
Kosovo,XKX,2025,,,12456403306.8191,3.59217142544483,3.85953869869506,,1576876,,,61.7,47.6,43.2,91.9,74.3,56.8,47.5,69.0,84.2,65.0,30.0,7899.418411352002
Kuwait,KWT,2001,58.8749,-0.319626515627054,34889559869.8326,0.213332576499354,1.29999999999999,76.3843414634146,2008121,87.0694427490234,0.8,68.2,90.0,70.0,99.9,44.5,70.0,,80.8,78.6,30.0,50.0,17374.23186642269
Kuwait,KWT,2002,61.582,0.0094909326066186,38135788413.8276,3.01428315192251,0.888450148074907,76.5316341463415,2059974,,1.1,65.4,70.0,70.0,99.9,41.9,70.0,,80.2,76.8,30.0,50.0,18512.75230358616
Kuwait,KWT,2003,64.9188,-0.140181900729054,47874582231.588,17.3260204175143,0.961350293542112,76.6445609756098,2109881,96.0627212524414,1.3,66.7,70.0,70.0,99.9,48.8,70.0,,81.6,80.2,30.0,50.0,22690.655175144
Kuwait,KWT,2004,68.9816,0.0399618649631494,59439090600.6108,10.2402980586354,1.24856443679889,76.7276829268293,2157320,100.651512145996,1.7,63.6,50.0,70.0,99.9,42.2,70.0,,83.2,77.0,30.0,50.0,27552.282739978677
Kuwait,KWT,2005,77.2337,0.289490192089246,80798630136.9863,10.6090449840228,4.14297583631023,76.8007804878049,2236788,108.55924987793,1.455,64.6,50.0,53.0,99.9,51.3,70.0,80.2,83.7,77.8,30.0,50.0,36122.61427412267
Kuwait,KWT,2006,79.9333,0.119445435810722,101557330723.423,7.51477300024021,3.05701339166722,76.8876829268293,2364733,101.013938903809,1.3,66.5,50.0,46.0,99.9,57.1,71.0,80.3,83.1,77.2,50.0,50.0,42946.63741040659
Kuwait,KWT,2007,78.2246,0.0972971788343997,114634043361.692,5.99157551059315,5.48494983277596,77.0101707317073,2507887,101.308387756348,1.5,66.4,50.0,47.0,99.9,60.7,70.7,80.1,78.8,77.2,50.0,50.0,45709.41328763696
Kuwait,KWT,2008,83.613,-0.0040383793398518,147379737229.753,2.47975694278544,10.5827097865144,77.1890487804878,2651421,99.557746887207,1.75,68.1,55.0,48.0,99.9,74.6,68.6,80.2,73.8,81.0,50.0,50.0,55585.1889344442
Kuwait,KWT,2009,85.3214,1.05086514387032,105968691905.415,-7.07605643073411,4.60959548447787,77.4333658536585,2795484,99.4600067138672,1.64,65.6,50.0,43.0,99.9,63.7,67.4,79.3,71.7,81.0,50.0,50.0,37907.10013200397
Kuwait,KWT,2010,86.8196,1.13036730425536,115416245241.742,-2.37054804425912,4.49640287769787,77.7262195121951,2943372,99.4166345928894,1.82,67.7,50.0,43.0,99.9,76.6,65.8,88.0,66.4,82.5,55.0,50.0,39212.25222015498
Kuwait,KWT,2011,91.8746,2.11573865053541,154039231245.856,9.62863419534361,4.8394034987095,78.052243902439,3132814,98.1417694091797,2.051,64.9,50.0,41.0,99.9,69.7,64.4,67.9,69.3,81.6,55.0,50.0,49169.60638130958
Kuwait,KWT,2012,91.9634,1.65046109668041,174047662680.041,6.62587485078971,3.25514600287211,78.3950243902439,3337109,98.6952312050305,2.227,62.5,50.0,45.0,99.9,47.2,61.8,63.5,71.3,81.6,55.0,50.0,52155.22258339209
Kuwait,KWT,2013,93.8744,0.823130244872496,174168116534.844,1.14946552780648,2.68229684085039,78.7418048780488,3507844,95.5615386962891,2.465,63.1,50.0,46.0,99.9,61.5,57.7,62.8,71.6,76.8,55.0,50.0,49651.043927507606
Kuwait,KWT,2014,92.3325,0.298681408941651,162650450684.725,0.500914669444924,2.90892672858625,79.0803414634146,3665876,93.0660018920898,2.9,62.3,50.0,43.7,97.7,55.6,57.7,63.6,73.2,76.7,55.0,50.0,44368.7813457752
Kuwait,KWT,2015,95.5891,0.248414926379679,114585555688.511,0.592770817217982,3.27170166092133,79.3765609756098,3834574,95.3934020996094,2.2,62.5,45.0,43.0,97.7,61.1,58.6,64.2,74.0,76.2,55.0,50.0,29882.21264956968
Kuwait,KWT,2016,98.4,0.266918369047007,109406674124.652,2.92607584256388,3.19839776658374,79.6775853658537,4004096,,2.16,62.7,45.0,44.0,97.7,57.7,63.4,62.7,74.2,77.2,55.0,50.0,27323.689073551683
Kuwait,KWT,2017,97.4646,0.0936402094114043,120687539805.505,-4.71222270495362,2.17183298510006,79.9160731707317,4154812,,2.23,65.1,55.5,41.3,97.7,40.8,61.2,61.5,73.6,78.7,55.0,60.0,29047.65361357024
Kuwait,KWT,2018,99.0797,-0.0154187787915342,138646316350.727,2.74333045031415,0.543133148199567,80.1063658536585,4323515,,2.202,62.2,52.0,36.6,97.7,20.5,57.2,61.5,73.7,79.1,55.0,60.0,32067.962375688992
Kuwait,KWT,2019,96.8283,0.366059041832984,140856394860.529,2.26381706595791,1.09184802655856,81.969756097561,4442316,,2.213,60.8,52.9,35.3,97.7,17.3,57.4,61.7,70.6,79.0,55.0,60.0,31707.873744355195
Kuwait,KWT,2020,92.9479,-0.502546857177858,111045470605.715,-4.81731593381585,2.101729548274,78.7609756097561,4400267,,3.489,63.2,57.1,46.0,97.7,22.4,61.3,62.2,73.2,76.4,55.0,60.0,25236.075584894053
Kuwait,KWT,2021,99.8995,-0.183575378772919,148350671489.144,1.67213054307859,3.42362947609188,78.7365853658537,4360865,,2.97,64.1,57.4,47.5,97.7,21.4,66.0,62.2,73.6,75.8,55.0,60.0,34018.63425929122
Kuwait,KWT,2022,102.6178,0.409943823254394,183502046693.878,6.75866711966617,3.98064961990313,80.5878048780488,4589643,,2.133,58.3,41.9,43.8,97.7,4.0,55.4,52.7,71.7,75.6,55.0,60.0,39981.769103583436
Kuwait,KWT,2023,110.1591,1.277994317906,165462656226.772,-1.64087799968877,3.64216403030709,83.1878048780488,4853420,,2.08,56.7,42.5,40.6,97.7,3.2,59.1,52.1,69.3,75.6,55.0,60.0,34091.9714813002
Kuwait,KWT,2024,115.9313,0.381956730773215,160903106639.233,-1.47401818168846,2.89855072463762,84.580487804878,4897263,,2.151,58.5,42.1,41.9,97.7,11.3,56.2,53.0,67.9,75.6,55.0,60.0,32855.72096888262
Kuwait,KWT,2025,,,157209026926.418,2.731825804492,2.36195936682045,,4865298,,2.181,59.9,42.7,46.9,97.7,38.2,57.4,49.0,67.8,75.6,50.0,50.0,32312.31199536349
Kyrgyz Republic,KGZ,2001,4.031,0.328285301673471,1525116370.27939,5.32162141190466,6.9196798942304,68.7073170731707,4945073,83.5917129516602,2.273,53.7,30.0,22.0,68.7,86.8,55.0,,55.7,65.0,50.0,50.0,308.41129550147997
Kyrgyz Republic,KGZ,2002,5.0384,0.290348679041994,1605643104.73021,-0.0173246130360667,2.13420986310243,68.1560975609756,4990704,82.7385635375977,2.416,51.7,30.0,22.0,72.5,61.1,55.0,,60.0,65.0,50.0,50.0,321.72677536680396
Kyrgyz Republic,KGZ,2003,5.6599,2.37334214616148,1919008090.49641,7.03029319731168,2.97461295184355,68.2560975609756,5043308,87.8954772949219,2.548,56.8,30.0,22.0,76.5,90.3,55.0,,67.6,69.4,50.0,50.0,380.50582881244014
Kyrgyz Republic,KGZ,2004,5.6107,7.93380357994973,2211534585.0034,7.02681242497607,4.11065084723381,68.1536585365854,5104713,86.5721893310547,2.68,58.0,30.0,22.0,85.5,84.4,55.0,,76.2,69.4,50.0,50.0,433.2338732860006
Kyrgyz Republic,KGZ,2005,5.6133,1.73012109521201,2460246766.41401,-0.175515404044219,4.3386739184431,67.9560975609756,5162640,85.4348373413086,2.816,56.6,30.0,21.0,85.1,81.5,55.0,64.8,78.8,69.4,30.0,50.0,476.54819364007756
Kyrgyz Republic,KGZ,2006,5.5903,6.422443742837,2834168889.42019,3.10289874199981,5.55212333162542,67.6951219512195,5218373,85.5732421875,2.962,61.0,30.0,22.0,90.0,81.3,60.7,71.6,77.9,76.4,50.0,50.0,543.1135124722188
Kyrgyz Republic,KGZ,2007,6.7415,5.46786640053175,3802570552.56105,8.54287477507607,10.2301032660484,67.8951219512195,5268385,84.9611129760742,3.094,60.2,30.0,23.0,92.7,77.1,59.9,71.1,77.1,81.4,40.0,50.0,721.7715775443613
Kyrgyz Republic,KGZ,2008,7.8239,7.33453630196803,5139958909.17936,8.40161604861429,24.5201024234102,68.4512195121951,5318729,,3.207,61.1,30.0,22.0,93.9,76.1,60.7,71.3,75.6,81.4,50.0,50.0,966.3885693704945
Kyrgyz Republic,KGZ,2009,7.0415,4.03784480909439,4690061380.60253,2.88629457537731,6.83656248105368,69.1024390243903,5389643,86.7180862426758,3.343,61.8,25.0,21.0,93.4,74.9,75.3,69.5,71.5,87.6,50.0,50.0,870.198894546917
Kyrgyz Republic,KGZ,2010,6.6057,9.86092233978431,4794361863.01353,-0.471566596791618,7.96772225579684,69.3,5467059,87.7688035961973,3.503,61.3,25.0,18.0,92.9,80.2,76.6,82.6,62.2,75.9,50.0,50.0,876.9544764403548
Kyrgyz Republic,KGZ,2011,7.9039,11.0646449339785,6197765984.28468,5.95627429693504,16.6363262731495,69.6024390243903,5546587,87.5220892813577,3.644,61.1,25.0,19.0,92.6,74.2,75.4,88.1,68.6,63.2,55.0,50.0,1117.4017435018472
Kyrgyz Republic,KGZ,2012,10.4411,3.95036874399421,6605142884.36215,-0.0881501998439376,2.76844236540957,70.0024390243902,5652076,87.2870662875623,3.786,60.2,20.0,20.0,93.1,66.5,74.1,88.9,71.0,63.2,55.0,50.0,1168.622446754458
Kyrgyz Republic,KGZ,2013,9.6866,8.34375023535304,7335033800.59056,10.9154694528045,6.61375202358082,70.2024390243902,5777150,87.7240351123141,3.881,59.6,20.0,21.0,94.8,56.4,73.2,88.6,66.7,75.4,50.0,50.0,1269.6630346434765
Kyrgyz Republic,KGZ,2014,9.9416,4.59301012553734,7468102412.68237,4.02403863083252,7.5342472977589,70.4024390243902,5905848,89.4164090538588,4.02,61.1,20.0,19.2,94.6,60.2,74.2,83.8,73.7,75.2,60.0,50.0,1264.5266882389067
Kyrgyz Republic,KGZ,2015,10.3162,17.1312307587207,6678177511.66313,3.87582544512439,6.50331838993384,70.6512195121951,6040036,88.9591724149373,4.138,61.3,20.0,24.0,93.6,53.2,73.7,85.0,73.8,80.2,60.0,50.0,1105.651938442607
Kyrgyz Republic,KGZ,2016,9.7414,9.08868385870298,6813095379.1187,4.33585592190116,0.388838296895799,70.9512195121951,6175338,90.4864998184447,4.294,59.6,20.0,27.0,93.7,56.3,65.3,80.4,68.4,75.0,60.0,50.0,1103.2748942841185
Kyrgyz Republic,KGZ,2017,9.6372,-1.39184288798722,7702938379.42036,4.73993722377884,3.1753098637994,71.2,6306696,89.9187538995131,4.425,61.1,50.9,30.3,93.7,55.2,73.7,79.8,68.5,75.3,60.0,50.0,1221.3904680708185
Kyrgyz Republic,KGZ,2018,11.4718,1.74369178553725,8271106235.41552,3.75791013557165,1.54266145238436,71.4,6444079,91.1445853879787,4.559,62.8,50.2,29.4,93.8,58.2,73.3,77.9,74.9,74.5,60.0,50.0,1283.5203037417014
Kyrgyz Republic,KGZ,2019,10.2267,4.3096066288398,9371275264.36735,4.60062565707598,1.13362257718804,71.6,6590211,91.6686153595535,5.45,62.3,49.9,27.2,94.1,54.2,73.4,79.8,74.4,78.6,60.0,50.0,1421.999275041019
Kyrgyz Republic,KGZ,2020,9.3085,-4.85484703138398,8270468614.24051,-7.14897757727955,6.32542296338078,71.8,6726596,92.1655305586517,5.945,62.9,53.6,32.0,94.1,58.5,73.6,79.6,76.4,79.2,60.0,50.0,1229.5176660290747
Kyrgyz Republic,KGZ,2021,10.515,2.44569276771409,9249133946.26531,5.50700762671923,11.9050398185147,71.9,6851224,92.5062000270634,5.149,63.7,46.0,33.7,94.8,63.8,72.6,79.5,77.5,72.8,60.0,50.0,1349.997306505423
Kyrgyz Republic,KGZ,2022,10.5011,0.451992680624909,12134931017.9465,8.96750520041391,13.9229093174176,72.0487804878049,6975220,,4.767,55.8,25.1,28.8,94.8,66.7,56.1,52.2,71.4,73.2,60.0,50.0,1739.720183441741
Kyrgyz Republic,KGZ,2023,10.2304,1.04867105609341,15180842369.4894,9.0132928339342,10.7532770416742,72.2487804878049,7099750,91.2655243671618,3.498,55.8,24.2,13.0,95.0,66.0,56.1,52.1,65.4,72.0,60.0,50.0,2138.222102114779
Kyrgyz Republic,KGZ,2024,10.745,1.40593817941355,18161630698.9052,11.5397119406559,4.99760701207323,72.4,7221868,91.339996215143,3.491,55.2,22.4,24.8,94.0,66.0,55.0,52.3,62.4,71.8,60.0,50.0,2514.8106693317022
Kyrgyz Republic,KGZ,2025,,,22623752095.4613,11.0960203357132,8.21496013406325,,7343064,91.7258848952929,3.526,55.6,21.7,23.3,92.5,64.8,58.7,52.9,63.4,73.6,60.0,50.0,3080.96893823359
Laos,LAO,2001,1.0291,1.35157901983042,1768619058.34647,5.75141287983195,7.81180794783471,58.887,5521482,35.1896514892578,1.881,33.5,10.0,10.0,71.0,81.3,40.0,,13.8,55.6,10.0,10.0,320.31600543956677
Laos,LAO,2002,1.1544,0.253176893420544,1758176653.07746,5.91874368370564,10.6313446323333,59.302,5610889,37.9458808898926,1.775,36.8,10.0,10.0,66.4,91.3,40.0,,38.1,55.6,10.0,10.0,313.35081714813106
Laos,LAO,2003,1.2,0.962969691363706,2023324407.28414,6.06700230344272,15.4893529233525,59.643,5697945,40.6808013916016,1.639,41.0,10.0,10.0,70.6,87.9,40.0,,55.0,55.6,30.0,10.0,355.0972161514616
Laos,LAO,2004,1.258,0.714895049062071,2366398119.86321,6.35769548008234,10.4622667314208,60.08,5781626,42.5078582763672,1.498,42.0,10.0,10.0,70.6,87.1,40.0,,64.0,56.6,30.0,10.0,409.2962982841177
Laos,LAO,2005,1.3026,1.01332132437858,2735558734.7379,7.10756836811267,7.16541759946639,60.688,5869523,42.9863014221191,1.35,44.4,10.0,10.0,70.9,89.8,40.0,61.3,61.6,60.6,30.0,10.0,466.06150699774065
Laos,LAO,2006,1.7086,5.42138961728604,3455030060.9785,8.61926620832807,6.54559439052787,61.074,5963200,42.2330513000488,1.199,47.5,10.0,10.0,70.8,89.4,51.1,62.5,63.3,58.0,30.0,30.0,579.3919474407197
Laos,LAO,2007,1.806,7.66062749777557,4223152739.04052,7.59682880054878,4.66197269469701,61.694,6056236,43.0343399047852,1.068,50.3,10.0,33.0,70.8,92.8,52.1,62.5,71.3,60.8,30.0,20.0,697.3230136739255
Laos,LAO,2008,2.1095,4.18200303606929,5446433157.40114,7.82490276337012,7.62880887577516,62.248,6148969,44.126880645752,0.944,50.3,10.0,26.0,71.0,92.1,60.8,63.4,73.0,57.0,30.0,20.0,885.7473760887623
Laos,LAO,2009,2.6407,5.45905949594973,5836137329.63305,7.50177491225853,0.141187674980385,63.023,6241642,45.6930198669434,0.835,50.4,10.0,19.0,70.6,89.7,59.5,63.5,75.4,66.4,30.0,20.0,935.0323728328299
Laos,LAO,2010,2.9614,3.90935018167503,7131771014.70456,8.52690551739717,5.98254521550082,63.69,6334194,47.3594398498535,0.708,51.1,15.0,20.0,80.1,90.3,59.4,58.9,73.5,68.4,25.0,20.0,1125.9161015126092
Laos,LAO,2011,3.1262,3.43702755895922,8750104617.17303,8.03865268023725,7.5689885610998,64.505,6426590,46.3030907447649,0.96,51.3,20.0,20.0,79.9,90.1,58.8,49.9,80.4,68.4,25.0,20.0,1361.5470439491287
Laos,LAO,2012,3.3357,6.06067602678934,10192846339.4029,8.02609843461283,4.2551267783209,65.126,6518978,49.0350189208984,1.208,50.0,15.0,21.0,79.8,86.6,61.6,55.7,76.9,58.7,25.0,20.0,1563.5650771337012
Laos,LAO,2013,3.9444,5.68624628337024,11983252626.5452,8.02630022699017,6.37142717782947,65.723,6611385,52.6759359354755,1.469,50.1,15.0,22.0,79.7,85.8,62.1,54.7,73.0,58.7,30.0,20.0,1812.517744246508
Laos,LAO,2014,4.3873,6.53385086120159,13279245886.3854,7.61196343979319,4.12924306873771,66.35,6703172,58.0247383117676,1.733,51.2,15.0,18.6,86.6,86.7,60.7,54.9,75.5,58.6,35.0,20.0,1981.0391090047221
Laos,LAO,2015,8.9275,7.47075777292731,14426380125.6488,7.27006584373785,1.27735427102992,66.688,6801645,62.2967936554274,2.006,51.4,15.0,26.0,86.2,86.8,59.5,57.1,74.5,58.6,30.0,20.0,2121.0133909736246
Laos,LAO,2016,15.871,5.87774436155716,15912501722.6143,7.02283625501138,1.59691227583204,67.014,6908802,64.7630026961054,2.634,49.8,15.0,25.0,86.1,73.8,55.9,57.6,71.3,58.6,35.0,20.0,2303.221560353633
Laos,LAO,2017,19.2442,9.87799160512334,17071155481.4994,6.8925308726989,0.825478607568026,67.345,7018147,66.0411073482017,3.268,54.0,35.3,32.6,86.1,76.6,66.3,54.4,70.2,74.6,35.0,20.0,2432.430594785119
Laos,LAO,2018,19.8623,7.4856486219066,18141641089.7963,6.24796000755872,2.04039266890201,67.594,7128045,66.1528570578416,2.897,53.6,34.1,33.1,86.7,79.3,65.4,55.0,76.0,56.6,35.0,20.0,2545.1075420814964
Laos,LAO,2019,19.3701,4.03149139231071,18740561512.5555,5.4577350924848,3.32255881256925,67.911,7237636,64.986385458831,2.531,57.4,38.8,33.5,86.9,85.3,60.1,60.1,78.5,81.8,35.0,20.0,2589.320810352372
Laos,LAO,2020,19.4378,5.09807193491087,18981805250.2424,0.503031829018681,5.10407262959919,68.339,7346533,62.4493058083911,2.349,55.5,42.5,32.0,87.0,86.6,54.3,58.6,76.8,82.0,35.0,20.0,2583.777306961311
Laos,LAO,2021,23.8166,5.69344695957329,18827148530.9347,2.52835100486102,3.75562036658877,67.807,7453194,59.8530595325837,2.08,53.9,38.8,34.5,87.1,86.8,54.7,59.1,74.5,67.8,35.0,20.0,2526.0510501852896
Laos,LAO,2022,24.0315,4.69509225789707,15468785203.7532,2.70742652643155,22.9562225132056,68.715,7559007,56.8782044614964,1.209,49.2,41.1,20.4,87.2,88.4,60.5,44.3,71.8,66.8,35.0,20.0,2046.4044025562089
Laos,LAO,2023,25.7437,11.2425630959408,15843155731.2552,3.74568140158232,31.2301341732646,68.964,7664993,54.4330611689851,1.186,50.3,41.8,11.4,89.0,90.1,56.7,44.5,72.3,66.6,35.0,20.0,2066.9497977695737
Laos,LAO,2024,26.0627,5.98958863567394,16502933121.3379,4.13019264438475,23.1305695942588,69.225,7769819,51.8523602531839,1.174,50.6,44.0,23.4,88.8,91.2,56.2,42.9,59.1,67.6,35.0,20.0,2123.9790941510864
Laos,LAO,2025,,,18302970218.5902,4.53760564766725,7.74226936553695,,7873046,50.5430058959811,1.187,51.1,42.5,23.2,88.8,92.9,55.3,42.4,52.3,68.4,35.0,20.0,2324.7635309879047
Latvia,LVA,2001,7.6692,2.11821599999579,8190888739.6463,6.46057826727287,2.48704003555464,70.7609756097561,2337170,92.8558120727539,13.821,66.4,50.0,34.0,75.5,65.3,70.0,,83.2,80.0,70.0,70.0,3504.6182946239683
Latvia,LVA,2002,7.665,1.73089175825638,9249030241.01864,7.66548778586991,1.93887573855886,70.9609756097561,2310173,95.2927322387695,13.829,65.0,50.0,34.0,76.8,49.6,70.0,,84.4,80.0,70.0,70.0,4003.609357835383
Latvia,LVA,2003,7.9151,2.81610339606913,11244337719.8377,8.42913257059108,2.94264752948478,71.2658536585366,2287955,96.5377883911133,12.061,66.0,50.0,34.0,78.3,58.0,70.0,,84.9,78.6,70.0,70.0,4914.579928293039
Latvia,LVA,2004,7.9578,4.27849106532647,13827070378.5612,8.72514341727928,6.19238547197429,72.0268292682927,2263122,99.2952423095703,11.708,67.4,50.0,37.0,82.2,62.2,70.0,,85.8,79.8,70.0,70.0,6109.732651868171
Latvia,LVA,2005,8.03,4.96633075101776,16306935905.4138,11.6153178557457,6.74845027893124,71.3560975609756,2238799,102.686317443848,10.033,66.3,50.0,38.0,83.6,52.7,70.0,63.5,84.8,80.0,70.0,70.0,7283.787381276211
Latvia,LVA,2006,8.54,8.34682590505321,20434922247.3037,12.825017846905,6.53619908765872,70.8658536585366,2218357,103.965400695801,7.03,66.9,50.0,40.0,83.5,51.0,75.0,66.6,80.8,82.4,70.0,70.0,9211.737446814783
Latvia,LVA,2007,8.9143,9.22286409647281,29420499247.7089,10.4145372792714,10.0929775849169,71.019512195122,2200325,103.921241760254,6.052,67.9,50.0,42.0,83.9,61.3,74.5,66.9,74.2,86.6,70.0,70.0,13370.97894525077
Latvia,LVA,2008,8.4787,4.20174399569372,34135200994.0067,-3.38871665849958,15.4023191064986,72.419512195122,2177322,104.897567749023,7.739,68.3,55.0,47.0,83.4,59.2,74.8,64.1,73.8,86.0,70.0,70.0,15677.608086450557
Latvia,LVA,2009,7.7519,-0.583936207217178,25691530442.035,-16.0400195313042,3.53410672858934,73.0804878048781,2141669,99.4204025268555,17.515,66.6,55.0,48.0,82.3,58.5,73.8,61.6,71.1,85.8,70.0,60.0,11996.03227297729
Latvia,LVA,2010,8.8799,2.0239348136408,23468324572.3343,-3.66125859554762,-1.08463595015155,73.4829268292683,2097555,102.822158813477,19.482,66.2,55.0,50.0,82.7,57.4,72.9,59.1,67.0,87.5,80.0,50.0,11188.41917009771
Latvia,LVA,2011,8.2334,5.71773309105869,26575547900.8247,3.03634482668815,4.37073559939223,73.5756097560976,2059709,105.565788269043,16.206,65.8,50.0,45.0,82.5,55.5,72.8,61.3,73.5,87.6,80.0,50.0,12902.574053337
Latvia,LVA,2012,8.0274,3.98573894005036,27116149948.6683,7.30524057200897,2.25778924374585,73.7780487804878,2034319,106.344802856445,15.047,65.2,50.0,43.0,84.3,43.8,75.9,59.1,79.1,87.1,80.0,50.0,13329.349993127085
Latvia,LVA,2013,7.7794,3.39352198804719,29152128167.8438,2.09609028156248,-0.029454778257828,73.9829268292683,2012647,114.776809692383,11.867,66.5,50.0,42.0,84.4,53.6,75.7,64.4,78.3,86.8,80.0,50.0,14484.471528213244
Latvia,LVA,2014,7.5739,3.45179531513632,30277203767.4058,2.0949597710559,0.620490636732421,74.1243902439024,1993782,113.706932067871,10.846,68.7,50.0,43.6,84.6,54.9,82.5,68.5,79.7,87.8,85.0,50.0,15185.814581235962
Latvia,LVA,2015,7.648,3.08543258338884,26344565876.8902,3.78336712084972,0.174242243625186,74.4804878048781,1977527,112.356651306152,9.873,69.7,50.0,53.0,84.4,59.2,82.1,61.5,83.8,88.0,85.0,50.0,13321.975314061554
Latvia,LVA,2016,7.4806,1.23693505180815,27117105059.5075,2.55168601974034,0.140633334505327,74.580487804878,1959537,111.296806335449,9.643,70.4,50.0,55.0,84.8,58.4,78.6,59.5,84.8,88.0,85.0,60.0,13838.526682327254
Latvia,LVA,2017,7.4321,4.04880019492543,29391059767.4259,3.39894872623931,2.93036312374665,74.6292682926829,1942248,110.723251342773,8.715,74.8,72.6,67.3,84.7,57.4,79.8,72.0,86.5,87.0,75.0,60.0,15132.495833398154
Latvia,LVA,2018,8.1079,1.32076900628522,33247935477.3576,4.30971286294503,2.53445424186598,74.7829268292683,1927174,109.155700683594,7.412,73.6,68.3,45.4,84.0,59.0,80.1,72.5,87.3,86.9,85.0,60.0,17252.171042862556
Latvia,LVA,2019,7.9078,3.37100266711483,33099503950.847,0.675372771884227,2.81140920075624,75.3878048780488,1913822,107.602462768555,6.312,70.4,67.3,35.5,77.0,57.1,77.5,73.3,81.1,86.0,85.0,60.0,17294.975160096918
Latvia,LVA,2020,7.2771,2.81413557812427,33379927434.6149,-3.46922750780554,0.219064904841985,75.1853658536585,1900449,105.956283569336,8.098,71.9,72.3,46.4,76.9,58.3,77.0,72.4,80.2,86.4,85.0,60.0,17564.23215493544
Latvia,LVA,2021,7.5304,9.77936027100744,38183326784.9335,6.94254173062592,3.27582937431165,72.9804878048781,1884490,105.814010620117,7.513,72.3,74.7,47.7,76.7,57.6,76.5,73.8,79.6,84.0,85.0,60.0,20261.888778891636
Latvia,LVA,2022,6.9268,3.20337891789771,38003198508.9107,1.90853419029801,17.3102830198815,74.2780487804878,1879383,104.764526367188,6.815,74.8,88.5,61.1,76.4,53.2,81.9,62.4,83.8,79.2,85.0,60.0,20221.103686109058
Latvia,LVA,2023,6.9004,3.94830779361871,42779550936.838,-0.941606068823631,8.9380462331663,75.4268292682927,1883710,102.126243591309,6.465,72.8,87.3,73.0,76.2,49.0,78.2,62.6,80.1,78.6,85.0,60.0,22710.263754419735
Latvia,LVA,2024,6.8072,3.44085977034145,44001275012.6141,-0.0370556648288982,1.26579885828729,76.4292682926829,1866124,101.252647399902,6.9,71.5,87.6,64.8,76.6,48.5,82.0,66.3,67.8,79.2,85.0,60.0,23578.96635626255
Latvia,LVA,2025,,,48618869160.3254,2.13786855731288,3.74577316751945,,1847785,,6.568,71.4,87.8,66.7,76.2,46.9,81.8,64.0,69.5,79.6,85.0,60.0,26311.97307063614
Lebanon,LBN,2001,16.5184,8.23754952644041,17649751243.7811,3.83966927702973,,74.354,4401918,60.7058296203613,8.499,61.0,50.0,10.0,92.3,63.3,70.0,,86.2,57.0,50.0,70.0,4009.559297511017
Lebanon,LBN,2002,16.4658,6.97552914588529,19152238805.9701,3.42314982843781,,74.836,4463504,62.5551910400391,8.248,57.1,30.0,10.0,92.0,61.1,55.0,,92.3,53.4,50.0,70.0,4290.852838032653
Lebanon,LBN,2003,16.4707,14.2410590326381,20082918739.6352,3.22709826879041,,75.275,4525508,64.8559494018555,8.061,56.7,30.0,10.0,92.4,65.1,55.0,,91.3,46.8,50.0,70.0,4437.715885075267
Lebanon,LBN,2004,16.6903,8.97351609461343,21159827992.0398,6.67944461641103,,75.693,4599279,66.0179901123047,7.85,56.9,30.0,10.0,92.4,60.3,55.0,,83.5,61.0,50.0,70.0,4600.683714129932
Lebanon,LBN,2005,16.5758,12.2038495910608,21497336498.8391,2.68577931016345,,76.074,4671102,66.4239807128906,8.249,57.2,30.0,30.0,91.7,54.4,55.0,59.2,82.9,69.0,30.0,70.0,4602.198046379441
Lebanon,LBN,2006,16.1341,12.1444381288428,22022709851.4096,1.54951500083213,,75.677,4751136,67.2385787963867,8.679,57.5,30.0,27.0,91.3,54.6,56.7,61.0,82.0,72.4,30.0,70.0,4635.251411748601
Lebanon,LBN,2007,14.9481,13.5978268963012,24827355014.9254,9.31062252641144,,76.732,4844118,68.0434875488281,8.98,60.4,30.0,31.0,93.9,64.3,56.6,62.3,88.4,77.4,30.0,70.0,5125.258099601496
Lebanon,LBN,2008,18.3122,14.8805177180667,29118916105.4726,9.06912826789082,,76.956,4925354,68.8993988037109,7.666,60.0,30.0,36.0,91.4,69.5,55.6,62.2,77.8,77.4,30.0,70.0,5912.045328208409
Lebanon,LBN,2009,21.5597,13.5696589141535,35399582928.6899,10.232155577776,1.19509671165543,77.262,4992287,71.0917282104492,6.355,58.1,30.0,30.0,91.7,64.1,60.0,57.4,77.3,80.8,30.0,60.0,7090.854938566213
Lebanon,LBN,2010,20.6592,11.1327936305686,38443907042.1227,7.97513555844932,3.98347941855833,77.529,5041288,70.562435785543,6.768,59.5,30.0,30.0,91.6,62.8,56.6,57.0,71.4,80.5,55.0,60.0,7625.810515511652
Lebanon,LBN,2011,20.9822,7.85693989450406,39927125961.5257,0.86733987855277,4.97148571692384,77.768,5096020,73.8286148513332,7.352,60.1,25.0,25.0,91.0,64.9,57.5,59.0,77.7,80.5,60.0,60.0,7834.96257108993
Lebanon,LBN,2012,23.4369,7.06847166156729,44016799515.7546,2.56479133680038,6.58147447683677,77.941,5235742,72.2122774625477,7.952,60.1,25.0,25.0,90.8,68.2,53.9,60.6,76.9,80.4,60.0,60.0,8406.984056081183
Lebanon,LBN,2013,23.1046,5.67636791033718,46880103080.597,3.8278734986016,4.82101956297399,78.037,5743436,71.2231189680025,8.477,59.5,20.0,25.0,90.8,74.6,50.3,57.2,76.5,80.4,60.0,60.0,8162.379293613963
Lebanon,LBN,2014,24.9694,5.95175528625723,48095213746.6003,2.48406010500743,1.8546042134091,78.148,6346990,59.2622758017054,8.84,59.4,20.0,24.5,90.9,73.7,55.6,58.7,74.5,75.8,60.0,60.0,7577.6413302369
Lebanon,LBN,2015,26.9054,4.32469174487594,49929337836.8159,0.462320792597581,-3.74914524799629,78.275,6472469,58.1075064918095,9.312,59.3,20.0,28.0,91.3,70.6,54.7,60.7,72.0,75.8,60.0,60.0,7714.109999880401
Lebanon,LBN,2016,27.8657,5.02174040562454,51147308774.1294,1.55454940856943,-0.783359624361508,78.306,6323060,59.4640916311345,9.794,59.5,20.0,27.0,91.3,75.7,59.1,57.3,79.0,75.8,60.0,50.0,8089.012088155007
Lebanon,LBN,2017,29.2967,4.756779140202,53027680685.9038,0.903028464073813,4.32135218303191,78.192,6160128,63.1400703776303,10.258,53.3,43.8,23.3,91.8,76.1,51.5,49.5,78.4,84.4,65.0,50.0,8608.210849823867
Lebanon,LBN,2018,27.4937,4.84140308956364,54901519155.5556,-1.88470575631651,6.07698907889607,78.263,5984119,64.2435656996928,10.755,53.2,39.7,20.2,91.9,78.2,48.8,44.2,81.9,84.5,65.0,50.0,9174.536662047596
Lebanon,LBN,2019,27.0043,3.69413245000342,51605959131.2741,-6.91492472851026,3.00538949390383,78.208,5794594,65.2767643910733,11.301,51.1,39.5,18.2,91.8,75.6,47.9,46.5,78.1,79.0,60.0,50.0,8905.880054974361
Lebanon,LBN,2020,21.8207,5.06712986613403,31712128253.7961,-21.3998996914321,84.8643330472041,76.299,5702398,65.89697761206,13.252,51.7,44.6,25.0,90.8,72.5,45.6,47.8,75.6,77.4,60.0,50.0,5561.19166950397
Lebanon,LBN,2021,16.715,2.5929006838647,23131941556.7843,-7.00123862514116,154.756096023393,73.65,5718122,67.5143617766569,12.715,51.4,42.3,27.9,88.5,70.3,44.3,47.4,78.3,74.4,60.0,50.0,4045.3739106623298
Lebanon,LBN,2022,10.435,2.50966160641735,20992421948.8081,-0.621678970663112,171.205491336641,78.003,5744489,64.5017084327233,11.105,47.3,33.7,22.8,88.5,77.4,48.8,54.2,41.1,74.2,50.0,50.0,3654.3584553487876
Lebanon,LBN,2023,10.8188,3.26435467389127,20078620356.9931,-0.760584470257314,221.341644023365,77.817,5773493,62.8279212477627,10.985,45.6,33.1,25.0,89.7,80.7,48.1,53.3,19.5,71.4,30.0,30.0,3477.724898426845
Lebanon,LBN,2024,11.0041,7.09437049742925,25971643441.3408,-7.07989192861814,45.2430422716718,77.945,5805962,63.7923011779785,,48.3,30.7,22.7,90.5,94.7,48.9,57.6,10.1,71.4,30.0,30.0,4473.27134441128
Lebanon,LBN,2025,,,,,14.597595869611,,5849421,,,44.1,22.3,24.5,90.3,95.6,47.8,57.1,0.0,65.4,20.0,20.0,
Lesotho,LSO,2001,0.3651,3.59634195549178,825706961.238689,3.56158183392093,-9.61615353858472,47.153,2000853,30.2747707366943,16.081,50.6,50.0,30.0,64.3,28.0,55.0,,66.7,61.0,50.0,50.0,412.6774736768213
Lesotho,LSO,2002,0.3854,3.65971744859451,775777238.55814,0.723836067167127,33.812578338126,45.95,1994679,31.2329406738281,16.079,48.9,50.0,30.0,64.7,5.9,55.0,,73.4,61.0,50.0,50.0,388.92334985134954
Lesotho,LSO,2003,0.392,3.79574836270242,1157825434.78971,4.55977716384528,6.62916357146762,44.921,1985059,32.0320014953613,16.056,52.0,50.0,30.0,66.2,25.3,55.0,,73.4,68.0,50.0,50.0,583.2700362002893
Lesotho,LSO,2004,0.407,3.68383275611256,1511236655.52047,1.69237417358596,5.02342068616285,44.039,1971129,34.4488716125488,16.154,50.3,50.0,30.0,63.5,41.7,55.0,,70.0,62.2,30.0,50.0,766.6858209282447
Lesotho,LSO,2005,0.4079,1.6309558178279,1682343527.49221,3.46612222755311,3.43788423057443,43.611,1953076,36.768440246582,16.031,53.9,50.0,30.0,63.9,38.4,55.0,71.9,71.5,77.8,30.0,50.0,861.3814964149935
Lesotho,LSO,2006,0.4144,1.35116866658488,1800092563.75462,4.23009522805209,6.07271879734293,43.182,1945063,38.4086112976074,16.054,54.7,50.0,30.0,63.9,47.8,58.2,65.4,74.2,77.8,30.0,50.0,925.467485502845
Lesotho,LSO,2007,0.5358,4.49541724323026,1682131784.51365,4.18791409957151,8.01243669043409,43.66,1953268,41.5562515258789,15.942,53.2,40.0,34.0,69.3,44.3,68.2,64.6,77.1,54.4,30.0,50.0,861.1884208995642
Lesotho,LSO,2008,0.4365,0.623122767576779,1766902709.19935,5.52341966978646,10.7156661309681,44.304,1966541,44.7508811950684,15.851,52.1,40.0,32.0,67.2,46.8,58.2,65.5,75.4,56.4,30.0,50.0,898.4825178825919
Lesotho,LSO,2009,0.5122,5.24720669313801,1740894964.80511,-1.25375779920832,-16.8596910540644,45.055,1980883,49.1937294006348,16.115,49.7,40.0,33.0,63.1,36.2,61.7,62.7,73.1,57.0,30.0,40.0,878.8479505377703
Lesotho,LSO,2010,0.5223,0.425490583298807,2234754241.91918,5.26967078056286,-2.40524254598706,46.045,1996251,54.2426986694336,16.068,48.1,40.0,32.0,52.0,30.0,62.0,66.1,70.3,63.5,25.0,40.0,1119.4755779304205
Lesotho,LSO,2011,0.5442,2.37160157638289,2579409619.96722,4.61641394528752,5.0366305210156,46.93,2014009,56.9506416320801,16.115,47.5,40.0,33.0,48.2,21.4,58.9,63.7,71.6,63.6,35.0,40.0,1280.7339093158073
Lesotho,LSO,2012,0.5764,2.28650169667391,2477702216.26888,6.33408374679448,6.05143662139967,48.235,2034354,59.0772018432617,15.761,46.6,40.0,35.0,49.1,0.0,57.5,65.0,75.5,69.1,35.0,40.0,1217.9307122894443
Lesotho,LSO,2013,0.5811,2.13033827559342,2367112931.642,1.79252555575545,4.86511899496385,49.547,2056504,57.7590713500977,15.926,47.9,40.0,35.0,48.2,0.0,63.7,62.8,75.7,69.1,45.0,40.0,1151.037358372267
Lesotho,LSO,2014,0.5991,3.86963158626918,2441063054.05792,1.71054990545476,5.37028961008587,50.786,2080089,58.2575629391492,16.066,49.5,40.0,37.1,67.4,0.0,54.0,62.4,75.5,68.6,50.0,40.0,1173.5377928819007
Lesotho,LSO,2015,0.5966,4.79809498524625,2359686724.53829,3.12406678044546,3.21844513655931,51.83,2104611,59.3985096286536,16.223,49.6,35.0,49.0,68.5,0.0,54.7,63.9,75.2,64.6,45.0,40.0,1121.198513425184
Lesotho,LSO,2016,0.6575,3.74733138412509,2114426452.2019,3.60890731687714,6.59650490696543,52.908,2130422,56.8386993408203,16.138,50.6,30.0,49.0,59.1,0.0,53.3,62.1,76.9,85.8,50.0,40.0,992.4918406784665
Lesotho,LSO,2017,0.7193,1.82806623182623,2306741672.29006,-3.13817493733471,4.447699373763,53.874,2157110,59.3586515505342,16.379,53.9,51.6,39.6,55.7,0.0,52.2,57.7,76.4,80.2,50.0,40.0,1069.366732475423
Lesotho,LSO,2018,0.7577,1.59898721077784,2556247291.99785,-1.48063315848241,4.7518030162474,54.638,2183603,,16.614,53.9,49.4,32.9,48.2,23.8,52.9,58.9,74.2,68.5,55.0,40.0,1170.6556970281915
Lesotho,LSO,2019,0.7834,1.49464849213428,2390702295.82777,-1.41799383085205,5.18708359197982,55.249,2209405,,16.876,53.1,41.5,30.9,59.4,33.0,53.3,58.8,75.0,81.0,55.0,40.0,1082.0570677751568
Lesotho,LSO,2020,0.7032,1.36347415769606,2053699863.99625,-8.15595785459911,4.97809676252309,55.133,2235727,,18.385,54.5,45.2,29.6,73.0,34.4,52.8,58.8,75.7,82.2,55.0,40.0,918.5825747044473
Lesotho,LSO,2021,0.7644,-0.512915958026648,2412130056.55851,2.26670961833291,6.04774591950676,54.209,2261542,,18.214,53.5,41.6,32.2,71.5,22.2,55.3,58.8,75.8,62.2,55.0,40.0,1066.5864514382265
Lesotho,LSO,2022,0.9811,-0.332065069453934,2354980960.02697,2.38778020186284,8.27180389943028,56.812,2286110,,16.623,48.1,45.0,42.8,77.4,4.5,44.2,58.3,75.9,62.2,55.0,40.0,1030.125829477571
Lesotho,LSO,2023,0.9915,-1.20419550100532,2129871529.52517,1.69433177608774,6.34221743124953,57.375,2311472,,16.348,51.6,42.4,43.3,77.3,11.2,44.0,57.9,74.9,61.2,55.0,40.0,921.4351415570554
Lesotho,LSO,2024,1.0006,-0.525747492760171,2391282547.80028,5.22503380336101,6.10544624245032,57.798,2337423,,16.34,51.9,43.3,41.6,77.2,22.4,44.4,57.9,72.8,61.2,55.0,40.0,1023.0422768152278
Lesotho,LSO,2025,,,2573572920.05159,1.98256080770996,4.27011140706666,,2363325,,16.315,54.1,42.4,39.3,68.0,23.8,49.6,58.0,73.5,63.8,55.0,40.0,1088.9627622318512
Liberia,LBR,2001,0.4602,0.916114790286976,906000000.0,2.92027476569781,,53.109,3015338,,2.104,,,,,,,,,,,,300.46382859898296
Liberia,LBR,2002,0.4656,0.302049622437972,927000000.0,3.76301761700071,14.1596470116325,54.061,3094782,,2.222,,,,,,,,,,,,299.5364455396212
Liberia,LBR,2003,0.5042,49.7620320855615,748000000.0,-30.145132727942,10.3302881236823,53.045,3119532,,2.42,,,,,,,,,,,,239.7795566770913
Liberia,LBR,2004,0.5452,8.4004160144418,897000000.0,2.61984689477413,7.82908704883235,55.949,3156892,,2.424,,,,,,,,,,,,284.1402239924584
Liberia,LBR,2005,0.6812,8.72519614731938,949000000.0,5.28121245309295,10.8343588481414,56.765,3301015,,2.413,,,,,,,,,,,,287.4873334413809
Liberia,LBR,2006,0.717,9.63866591009294,1119000000.0,8.04390997190059,7.34144608278558,57.495,3490787,,2.28,,,,,,,,,,,,320.55808618514965
Liberia,LBR,2007,0.6693,9.58759370688019,1373000000.0,9.53527536282282,11.3918966807102,58.147,3669050,,2.232,,,,,,,,,,,,374.2113081042777
Liberia,LBR,2008,0.5606,16.4273509506381,1726000000.0,7.14569112811476,17.489448642993,58.675,3821003,,2.221,,,,,,,,,,,,451.71385628328477
Liberia,LBR,2009,0.5226,7.22870048206176,1768000000.0,5.30054050291531,7.42764305914919,59.106,3943028,,2.241,48.1,25.0,21.0,73.8,97.2,40.2,49.8,70.1,53.8,30.0,20.0,448.3863670255448
Liberia,LBR,2010,0.7943,103.337387099033,1998000000.0,6.09982524004147,7.28992796890218,59.358,4058890,,2.266,46.2,25.0,24.0,67.8,82.3,52.8,51.3,65.4,53.8,20.0,20.0,492.2528080337235
Liberia,LBR,2011,0.8855,86.9894467611897,2398000000.0,8.20076822497064,8.488167518494,59.486,4221178,43.64794921875,2.211,46.5,30.0,31.0,73.3,66.5,51.8,48.9,69.5,53.8,20.0,20.0,568.0878655200041
Liberia,LBR,2012,0.9771,82.7471577822006,2791614000.0,7.99381444555367,6.83178703418548,59.785,4373043,,2.146,48.6,30.0,33.0,76.6,74.8,55.9,50.6,71.8,53.8,20.0,20.0,638.3687514620826
Liberia,LBR,2013,0.9074,62.9068538615833,3177198100.0,8.68728781639683,7.577306817414,59.992,4470239,,2.08,49.3,30.0,32.0,76.6,77.8,56.5,47.2,72.0,61.4,20.0,20.0,710.7445709278632
Liberia,LBR,2014,1.1822,15.558740639735,3225652000.0,0.701393100287518,9.86111285574904,59.21,4564293,36.7695617675781,2.079,52.4,30.0,33.8,83.6,70.5,62.3,47.0,72.9,64.1,40.0,20.0,706.7144900645072
Liberia,LBR,2015,1.233,7.21023781604438,3227075700.0,-0.0185649695590939,7.74869687621322,59.248,4659431,36.3728485107422,2.557,52.7,25.0,38.0,83.0,69.9,60.1,43.9,72.7,74.4,40.0,20.0,692.590082351257
Liberia,LBR,2016,1.3852,9.1719033259717,3398419600.0,-1.5549586174878,8.83424868336488,60.483,4755608,,3.081,52.2,25.0,37.0,83.8,67.7,55.1,44.5,71.0,72.8,45.0,20.0,714.6130631456588
Liberia,LBR,2017,1.2306,7.30948578439651,3390703400.0,2.45515592012239,12.4196323907138,60.777,4848925,,3.067,49.1,33.6,31.4,83.6,60.1,53.1,48.5,71.8,60.1,50.0,20.0,699.2690957274035
Liberia,LBR,2018,0.6419,3.77268493884788,3422754800.0,1.15757512207355,23.5635148953742,60.999,4944726,,3.058,50.9,28.2,32.0,77.5,59.4,53.1,59.5,71.4,72.8,55.0,20.0,692.2031271297944
Liberia,LBR,2019,1.0095,2.61121194879185,3319596500.0,-2.46729763532686,26.9662760197878,61.232,5043721,,3.071,49.7,26.7,24.2,82.7,62.1,50.6,38.3,68.9,60.1,55.0,20.0,658.1641807705065
Liberia,LBR,2020,0.8348,-2.96003538007919,3176126300.0,-2.98249127649473,16.9557241496255,61.267,5149463,37.7416801452637,4.102,49.0,31.1,23.8,86.1,65.5,48.2,38.2,62.1,60.6,55.0,20.0,616.787867006715
Liberia,LBR,2021,0.8408,-1.11842850292887,3513049500.0,4.98671283481617,7.81559385858648,61.166,5259323,,3.844,49.2,29.5,27.0,85.8,68.3,48.9,41.4,58.5,60.8,55.0,20.0,667.9661051431905
Liberia,LBR,2022,0.8686,3.09332516183889,4001047000.0,4.80810517290655,7.59298486560313,61.934,5373294,,2.956,47.9,32.2,25.1,86.1,68.0,34.8,43.2,61.7,60.8,55.0,20.0,744.617175237387
Liberia,LBR,2023,0.8395,7.11347042965831,4390000000.0,4.68375688761311,10.0944535665552,62.163,5493031,,2.905,49.6,31.6,23.2,86.1,68.6,34.1,43.3,68.3,66.8,55.0,20.0,799.1944702296419
Liberia,LBR,2024,0.8671,9.86626133953545,4779300900.0,4.02185464964835,8.21497439118964,62.324,5612817,,2.914,49.9,32.4,24.9,86.1,71.8,34.6,43.6,71.6,66.8,55.0,20.0,851.4977238702063
Liberia,LBR,2025,,,5245938900.0,5.01656107992214,8.31564329402952,,5731206,,2.884,48.5,32.8,24.9,86.0,76.6,39.0,43.5,70.7,57.0,55.0,20.0,915.3289726455479
Libya,LBY,2001,48.7489,-0.389891046511628,34112093927.254,-1.76283887062603,-8.81393752145546,70.653,5403639,,19.239,34.0,10.0,10.0,53.6,54.6,40.0,,69.1,49.0,10.0,10.0,6312.800304989656
Libya,LBY,2002,49.8968,0.707942488082424,20481889763.7795,-0.958897332849631,-9.79764705882356,70.788,5508410,110.586441040039,19.281,35.4,10.0,10.0,51.3,64.7,40.0,,73.8,49.0,10.0,10.0,3718.2943469675456
Libya,LBY,2003,53.7897,0.544437834622249,26265625000.0,13.0160372478013,-2.19115191986647,70.996,5619398,106.755638122559,19.074,34.6,10.0,10.0,53.0,72.1,40.0,,64.1,42.4,10.0,10.0,4674.099432003214
Libya,LBY,2004,53.2302,1.07782345154323,33122307692.3077,4.46163899648637,-2.19756774055898,71.21,5736693,,18.938,31.5,10.0,10.0,32.3,68.1,40.0,,61.0,42.4,10.0,10.0,5773.763332342815
Libya,LBY,2005,57.7261,2.19289483627204,47334691241.4924,11.8707565226151,2.65020576131657,71.439,5858798,93.6851577758789,18.66,32.8,10.0,21.0,47.1,49.8,40.0,20.0,66.4,53.2,10.0,10.0,8079.249573290016
Libya,LBY,2006,57.4771,3.43460585952791,60094231606.642,6.50052541959279,1.45926876202722,71.632,5980211,97.6095123291016,18.805,33.2,10.0,25.0,52.2,41.4,20.0,20.0,69.3,34.6,30.0,30.0,10048.848043428901
Libya,LBY,2007,53.7459,6.89224565927254,68032978390.6007,6.22998278561838,6.25098782993553,71.788,6104380,,18.771,37.0,10.0,25.0,81.7,43.8,20.0,20.0,80.1,39.6,30.0,20.0,11144.944841343544
Libya,LBY,2008,57.1434,4.74139501074499,86710767415.1371,-0.162048238799883,10.3607288954998,71.936,6235430,,19.041,38.7,10.0,27.0,81.7,63.5,20.0,20.0,74.9,39.6,30.0,20.0,13906.140781812497
Libya,LBY,2009,60.2666,2.25461670882223,60808562033.4191,-4.4001817631021,2.45990025609954,72.071,6366686,,19.29,43.5,10.0,25.0,81.7,68.1,20.0,20.0,70.3,90.0,30.0,20.0,9551.054038697543
Libya,LBY,2010,63.6702,2.36664960687642,75380825062.4216,5.0272476723775,2.79989500109265,72.196,6497839,,19.321,40.2,10.0,26.0,81.7,62.8,20.0,20.0,66.4,85.0,10.0,20.0,11600.906864947192
Libya,LBY,2011,44.2373,,48169263294.1007,-50.3385151384986,15.5184815317562,69.95,6343203,,19.504,38.6,10.0,25.0,80.3,44.5,20.0,20.0,71.0,85.0,10.0,20.0,7593.839152570192
Libya,LBY,2012,62.8561,1.53985903839829,92540938129.1315,86.8267484395784,6.05980392156855,72.188,6179328,,19.03,35.9,10.0,22.0,80.2,17.9,20.0,20.0,73.6,85.0,10.0,20.0,14975.890279514455
Libya,LBY,2013,62.6092,0.931638601844643,75351107029.0605,-17.9979615745681,2.60581802719517,72.339,6304628,,19.311,,10.0,20.0,,,,,64.8,85.0,10.0,20.0,11951.713412601108
Libya,LBY,2014,61.8002,,57372355592.022,-23.0428058282215,2.43294141599233,71.3,6427252,,19.295,,10.0,18.3,95.0,0.0,50.1,77.9,66.9,,5.0,20.0,8926.42074591474
Libya,LBY,2015,54.4819,,48717501321.3052,-0.842656252118843,10.4022933588151,71.644,6531819,,19.69,,10.0,15.0,95.0,37.5,46.8,66.7,71.4,80.0,5.0,,7458.489177563738
Libya,LBY,2016,51.1525,,49912073701.298,-1.4909411172622,25.853874212446,71.799,6632126,,19.559,,10.0,18.0,95.0,0.0,55.5,63.1,74.0,,5.0,,7525.802993082158
Libya,LBY,2017,55.3948,,67157452181.7738,32.4918021862688,25.8036184788337,72.721,6738770,,19.053,,6.8,26.7,95.0,0.0,65.0,52.5,69.2,80.0,,,9965.832367297564
Libya,LBY,2018,57.2685,,76686029772.1483,7.9413678529104,13.1702038536722,73.151,6849055,,18.865,,5.2,23.1,90.5,0.0,63.5,45.9,56.2,80.0,5.0,,11196.585481084368
Libya,LBY,2019,57.4746,,69254496471.6938,-11.1960828853386,-2.16217883470591,72.941,6951033,,19.087,,7.6,15.8,,0.0,40.2,51.3,52.8,,5.0,,9963.194890844828
Libya,LBY,2020,45.7025,,46854285440.642,-29.4552967282824,1.44703656998741,72.388,7045399,,19.651,,30.1,18.9,,0.0,40.7,53.9,53.6,,5.0,,6650.33810585348
Libya,LBY,2021,58.3609,1.71219284038518,35217995647.2862,28.2996823429147,2.86833027751015,72.062,7135175,,19.779,,16.5,21.0,,0.0,38.4,55.3,69.7,,5.0,,4935.827873498015
Libya,LBY,2022,58.1734,1.62326033379453,43246297921.8499,-8.29981811198795,4.51030149235695,74.462,7223805,,19.238,,,,,,,,,,,,5986.636948512577
Libya,LBY,2023,63.2042,1.80500147243983,44027664915.187,10.2000497852517,2.3731753143518,69.339,7305659,,18.713,,5.4,3.6,,,31.1,48.6,75.1,,,,6026.515187088118
Libya,LBY,2024,63.9534,,48487151215.345,1.89995052025442,2.12615766885021,71.121,7381023,,19.085,,5.9,10.2,93.2,,,,,,,,6569.16408678648
Libya,LBY,2025,,,48098909613.6316,13.3717080516958,1.84166666666702,,7458555,,18.758,,5.7,11.7,,,,,,,,,6448.824150741209
Liechtenstein,LIE,2001,,376.801268564647,2491800558.77674,-0.733092455297992,,79.2756097560976,33194,,,,,,,,,,,,,,75067.80016800445
Liechtenstein,LIE,2002,,255.307944331899,2688618747.38148,-0.993919947159299,,79.6365853658537,33694,,,,,,,,,,,,,,79795.17858911023
Liechtenstein,LIE,2003,,563.548407744583,3070803051.42164,-1.93756534125014,,79.9609756097561,34079,111.74047088623,,,,,,,,,,,,,90108.36736470084
Liechtenstein,LIE,2004,,53.4348182201493,3454373797.74442,3.03917210306501,,81.7707317073171,34447,110.761421203613,,,,,,,,,,,,,100280.83135670508
Liechtenstein,LIE,2005,,-7.29505539672812,3659319116.88057,4.82807677743524,,80.6682926829268,34753,107.089302062988,,,,,,,,,,,,,105295.05702761114
Liechtenstein,LIE,2006,,1114.93238551093,4000102086.14635,8.64496857267281,,80.9487804878049,35037,107.011070251465,,,,,,,,,,,,,114167.93921130091
Liechtenstein,LIE,2007,,728.865659684804,4601429897.21468,3.325963509369,,81.2951219512195,35262,106.128601074219,,,,,,,,,,,,,130492.59534951732
Liechtenstein,LIE,2008,,319.097324077722,5081479840.08716,1.79808847836411,,82.6829268292683,35473,107.566116333008,,,,,,,,,,,,,143249.22730209344
Liechtenstein,LIE,2009,,664.573767394696,4504375348.07038,-1.15748291975636,,81.5,35742,105.755638122559,,,,,,,,,,,,,126024.71456746629
Liechtenstein,LIE,2010,,587.838615656588,5082337238.44718,,,81.8414634146342,36022,108.879280090332,,,,,,,,,,,,,141089.81284901392
Liechtenstein,LIE,2011,,460.213518331784,5739706004.89616,,,81.7926829268293,36312,111.456573486328,,,,,,,,,,,,,158066.36937916282
Liechtenstein,LIE,2012,,540.366945866089,5456102482.28614,,,82.3829268292683,36657,110.373863220215,,,,,,,,,,,,,148842.03514434188
Liechtenstein,LIE,2013,,18.068983064869,6391708310.67727,,,82.2609756097561,36984,,,,,,,,70.0,,,90.0,,80.0,172823.6077946482
Liechtenstein,LIE,2014,,140.293444143294,6657526979.72277,,,82.0731707317073,37248,115.557830810547,,,,,,,,,,90.0,85.0,80.0,178735.1530209077
Liechtenstein,LIE,2015,,1282.60722939224,6268515276.17441,,,82.6560975609756,37494,116.123443603516,,,,,,,,,,90.0,85.0,80.0,167187.1573098205
Liechtenstein,LIE,2016,,972.693538598386,6237302033.50132,,,82.2585365853659,37716,116.028373718262,,,,,,,,,,90.0,85.0,80.0,165375.4913962594
Liechtenstein,LIE,2017,,602.374526148965,6474308717.85289,,,83.7463414634147,37962,117.094329833984,,,,,,,92.3,85.7,,90.0,85.0,80.0,170547.09229895397
Liechtenstein,LIE,2018,,-1303.10826691135,6692620691.84146,,,83.0414634146342,38246,112.010162353516,,,,,,,,,,90.0,85.0,80.0,174988.7750834456
Liechtenstein,LIE,2019,,,6436467007.11932,,,84.1609756097561,38563,119.209663391113,,,,,,,,,,,85.0,80.0,166907.8393050157
Liechtenstein,LIE,2020,,,6405870210.32293,,,81.6585365853659,38901,120.228446960449,,,,,,,,,,,85.0,80.0,164671.0935534544
Liechtenstein,LIE,2021,,,7912602342.18895,,,84.4024390243902,39182,118.726867675781,,,,,,,,,,,85.0,80.0,201944.83033507605
Liechtenstein,LIE,2022,,,7426856242.7736,,,84.1219512195122,39493,,,,,,,,,,,,,,188055.00323534803
Liechtenstein,LIE,2023,,,8239379403.22096,,,84.5951219512195,39846,,,,92.9,88.0,,,,,,86.6,80.0,80.0,206780.59035338453
Liechtenstein,LIE,2024,,,8905764270.4054,,,84.2,40450,,,,92.8,82.4,,,88.2,,,86.4,80.0,80.0,220167.22547355745
Liechtenstein,LIE,2025,,,,,,,41024,,,,94.4,82.4,,,,,,86.6,80.0,80.0,
Lithuania,LTU,2001,12.3913,3.60825880316743,12260761329.3051,6.48412665187908,1.36712030817819,71.6585365853659,3470818,99.6236419677734,16.84,65.5,50.0,38.0,71.0,73.0,70.0,,84.8,82.8,70.0,50.0,3532.5278736324117
Lithuania,LTU,2002,12.4707,4.62664162847931,14282292664.6004,6.71983945103626,0.281506610345575,71.7609756097561,3443067,102.291709899902,13.008,66.1,50.0,41.0,74.1,69.3,70.0,,87.7,82.8,70.0,50.0,4148.130914850161
Lithuania,LTU,2003,12.4924,1.15581132298026,18809197969.5431,10.5518959629574,-1.13430854990247,72.0609756097561,3415213,105.020172119141,12.874,69.7,50.0,48.0,78.8,71.5,70.0,,88.1,80.4,70.0,70.0,5507.474341876509
Lithuania,LTU,2004,13.0659,3.86727514737433,22743164431.1972,6.50203536075556,1.16410252104671,71.9609756097561,3377075,103.009536743164,10.684,72.4,50.0,48.0,82.8,70.6,70.0,,90.1,80.2,70.0,90.0,6734.574870619456
Lithuania,LTU,2005,13.9579,4.9513140342573,26105207115.3129,7.7314467577492,2.65848484065262,71.2536585365854,3322528,104.49723815918,8.325,70.5,50.0,47.0,82.8,65.1,70.0,55.8,90.1,84.0,70.0,90.0,7857.031487864933
Lithuania,LTU,2006,14.1941,7.50221604684683,30116192746.8942,7.39548122468629,3.73912004060664,71.0560975609756,3269909,107.004852294922,5.78,71.8,50.0,46.0,82.9,63.9,85.2,57.1,90.4,82.4,70.0,90.0,9210.101182294125
Lithuania,LTU,2007,15.5684,6.54805565260343,39729151614.6689,11.0779282578673,5.73717382799842,70.9,3231294,106.929290771484,4.25,71.5,50.0,48.0,86.5,70.8,84.3,57.3,81.1,86.6,70.0,80.0,12295.12127793661
Lithuania,LTU,2008,15.8313,3.61122070655171,47831254207.5223,2.59946154605602,10.9258856241655,71.8121951219512,3198231,106.108779907227,5.826,70.9,50.0,48.0,86.3,68.3,84.2,57.7,78.5,86.0,70.0,80.0,14955.53454629209
Lithuania,LTU,2009,13.2105,-0.96067117365502,37494380038.9213,-14.8386117894848,4.45304456518535,72.9146341463415,3162916,104.755882263184,13.785,70.0,50.0,48.0,87.6,65.3,82.4,54.6,75.8,85.8,70.0,80.0,11854.371105309563
Lithuania,LTU,2010,14.041,3.00969561169119,36638128534.0643,0.427199566550769,1.31921362055463,73.2682926829268,3097282,105.068267822266,17.814,70.3,55.0,46.0,84.6,63.5,82.0,58.5,70.8,87.5,75.0,80.0,11829.122609457034
Lithuania,LTU,2011,14.3203,4.35509015104087,43186501862.7907,6.32363664821298,4.13027562645085,73.5634146341464,3028115,106.008163452148,15.39,71.3,60.0,49.0,86.1,58.0,81.7,55.6,74.5,87.6,80.0,80.0,14261.843378732547
Lithuania,LTU,2012,14.4911,1.5855600934776,42709372066.8627,4.38290584355157,3.08998277055417,73.8634146341464,2989139,106.17350769043,13.365,71.5,60.0,50.0,93.6,41.7,79.2,64.6,79.3,87.1,80.0,80.0,14288.185349313866
Lithuania,LTU,2013,13.3644,1.66003716547754,46303660422.0434,4.04691318575325,1.04747937065344,73.9146341463415,2961250,108.811836242676,11.77,72.1,60.0,48.0,92.8,53.6,77.6,64.1,78.3,86.8,80.0,80.0,15636.525258604779
Lithuania,LTU,2014,13.2117,0.739699359398686,48306546656.9281,3.7725437958099,0.103758009433708,74.5170731707317,2937253,107.746429443359,10.698,73.0,60.0,49.9,92.9,55.9,85.7,59.0,78.6,87.8,80.0,80.0,16446.164718166292
Lithuania,LTU,2015,13.6606,2.49622116332616,41540954817.2039,2.83280643343234,-0.884097405500596,74.3219512195122,2911109,106.955902099609,9.12,74.7,60.0,57.0,92.9,61.3,84.9,62.0,81.2,88.0,80.0,80.0,14269.80398782866
Lithuania,LTU,2016,13.5202,2.7403147410033,42970749245.0336,2.67192215053329,0.905525075460342,74.6707317073171,2877325,106.39778137207,7.862,75.2,65.0,58.0,92.9,63.8,80.0,60.0,84.6,88.0,80.0,80.0,14934.270284042852
Lithuania,LTU,2017,13.9642,2.89745572307538,47756764508.446,4.61224310312809,3.72288862303707,75.4804878048781,2842639,107.223350524902,7.073,75.8,73.0,69.7,86.9,64.1,79.1,63.6,90.0,87.0,70.0,70.0,16800.151024609877
Lithuania,LTU,2018,14.0184,2.39550085067309,54261795148.5372,4.91836780106811,2.69792779208394,75.6804878048781,2819200,106.866737365723,6.147,75.3,73.8,50.9,86.4,63.9,73.4,64.5,89.9,86.9,80.0,70.0,19247.23153679668
Lithuania,LTU,2019,14.2965,6.23035300556357,55122066225.796,4.67735183530451,2.33450937988027,76.2829268292683,2811089,106.835861206055,6.255,74.2,73.6,47.8,86.4,65.1,75.2,63.6,84.6,86.0,80.0,70.0,19608.794394555276
Lithuania,LTU,2020,14.2541,7.94344900363669,57412038533.2718,0.0428158336981426,1.19989444983569,75.0292682926829,2810369,106.810821533203,8.487,76.7,77.9,67.4,84.9,66.0,71.9,76.5,79.7,86.4,80.0,70.0,20428.647815739427
Lithuania,LTU,2021,14.3318,3.73869903984915,67072165721.2431,6.39481772930206,4.68354420903453,74.0365853658537,2808380,105.67610168457,7.112,76.9,78.9,74.5,84.6,66.8,73.1,74.4,80.1,84.0,70.0,70.0,23882.86689167531
Lithuania,LTU,2022,13.1703,3.42488723499229,70639687325.6326,2.46532013155011,19.7050461518394,75.6439024390244,2831639,106.918357849121,5.955,75.8,88.6,66.6,84.5,59.9,87.3,59.5,82.3,79.2,70.0,70.0,24946.57240051878
Lithuania,LTU,2023,12.9794,4.76764051451377,80356613554.5602,0.739537398185803,9.11731962390475,77.290243902439,2871585,105.428817749023,6.841,72.2,87.7,74.2,77.7,56.9,76.0,60.2,78.1,78.6,70.0,70.0,27983.36582568867
Lithuania,LTU,2024,12.97,5.49705606704886,85503938573.5664,3.03019543767596,0.715735835228723,77.1951219512195,2888278,104.860809326172,6.851,72.9,89.1,68.0,76.8,55.5,80.7,61.8,66.5,79.2,70.0,70.0,29603.77725882564
Lithuania,LTU,2025,,,95210150818.3512,2.92007656461696,3.79170510860467,,2888774,,6.731,74.6,89.4,68.7,76.9,58.8,81.0,60.5,69.2,79.6,70.0,70.0,32958.67063963854
Luxembourg,LUX,2001,9.3343,,21387550720.1937,3.07427520210337,2.66382110579101,77.8243902439025,441525,95.656379699707,1.805,80.1,90.0,88.0,52.5,58.9,85.0,,88.6,78.0,90.0,90.0,48440.18055646611
Luxembourg,LUX,2002,10.0323,17.9416677912933,23649832386.5918,3.22528846998354,2.07408613571643,77.9658536585366,446175,95.4434585571289,2.621,79.4,90.0,86.0,56.8,52.0,85.0,,85.2,79.6,90.0,90.0,53005.73180162896
Luxembourg,LUX,2003,10.4543,14.4641078649714,29667268248.1305,2.6192502126754,2.04984030563516,77.7268292682927,451630,94.9043197631836,3.675,79.9,90.0,87.0,59.8,51.5,85.0,,84.7,81.4,90.0,90.0,65689.32145369108
Luxembourg,LUX,2004,11.8803,14.7716141859696,35064843792.8993,4.23067892192488,2.22567916428894,79.1219512195122,458095,94.1919326782227,5.113,78.9,90.0,90.0,58.9,41.4,85.0,,85.3,79.8,90.0,90.0,76544.91708684727
Luxembourg,LUX,2005,12.1143,12.32939877922,37672311222.7362,2.48250499371829,2.48769665164081,79.4317073170732,465158,93.7901229858398,4.488,76.3,90.0,87.0,64.3,39.0,85.0,51.4,85.9,80.2,90.0,90.0,80988.20448694035
Luxembourg,LUX,2006,11.9422,75.0860385350828,42910153829.6576,6.01662739677904,2.66631494577077,79.2878048780488,472637,94.220832824707,4.731,75.3,90.0,84.0,65.7,36.8,76.9,51.4,85.7,82.4,90.0,90.0,90788.81642710495
Luxembourg,LUX,2007,11.3417,-57.5323140834096,51587401415.7872,8.09852098069817,2.31245861786126,79.3829268292683,479993,94.9079666137695,4.065,74.6,90.0,85.0,65.3,44.0,76.9,47.8,80.2,86.6,90.0,80.0,107475.32029797768
Luxembourg,LUX,2008,11.2126,12.0948257128755,58844277701.5258,-0.302272983306707,3.4018796302557,80.5390243902439,488650,95.75830078125,5.06,74.7,90.0,86.0,65.4,44.8,77.3,47.4,79.8,86.0,90.0,80.0,120422.13793415697
Luxembourg,LUX,2009,10.6099,50.0394903092505,54467289897.5582,-3.23895268839308,0.368041997888867,80.6365853658537,497783,,5.194,75.2,90.0,84.0,66.3,54.4,76.2,45.1,80.2,85.8,90.0,80.0,109419.74695310647
Luxembourg,LUX,2010,11.2134,69.6063943388728,56213985987.4168,3.76040578658925,2.27367911621542,80.6317073170732,506953,100.080001831055,4.423,75.4,90.0,83.0,65.9,58.5,75.1,40.4,78.9,87.5,95.0,80.0,110885.99137872111
Luxembourg,LUX,2011,11.0901,14.3333707152268,61696281326.2453,1.0442860057217,3.4106834106835,80.9878048780488,518347,100.420967102051,5.122,76.2,90.0,82.0,66.7,58.5,76.4,44.1,82.1,87.6,95.0,80.0,119025.0572034666
Luxembourg,LUX,2012,10.8679,4.7244838569188,59776383527.3602,1.64971134354685,2.66284165508011,81.3926829268293,530946,100.609519958496,5.03,74.5,90.0,85.0,63.6,46.6,75.9,40.9,81.3,87.1,95.0,80.0,112584.67627095825
Luxembourg,LUX,2013,10.3236,35.7329034711934,65203276466.9763,3.17168513780955,1.73403963519162,81.8,543360,103.469413757324,6.045,74.2,90.0,85.0,65.0,47.1,74.8,39.0,79.3,86.8,95.0,80.0,120000.14072985921
Luxembourg,LUX,2014,9.8199,29.1553925693205,68804814554.646,2.62308838097542,0.628543985440717,82.2292682926829,556319,104.596977233887,6.044,74.2,90.0,84.1,62.8,47.6,72.6,43.1,78.9,87.8,95.0,80.0,123678.70691931427
Luxembourg,LUX,2015,9.3094,75.6300240002581,60071584216.1375,2.26836572735107,0.474743161437871,82.2926829268293,569604,104.379188537598,6.796,73.2,90.0,80.0,62.3,42.2,71.3,42.1,80.7,88.0,95.0,80.0,105462.01258442269
Luxembourg,LUX,2016,9.0415,28.257554145971,62216885435.9488,4.97819047122638,0.290833333333225,82.6853658536585,582014,106.08519744873,6.669,73.9,90.0,82.0,61.1,43.0,73.7,42.6,83.2,88.0,95.0,80.0,106899.29354955173
Luxembourg,LUX,2017,9.1884,-41.6509945601316,65712180342.9836,1.31711942298405,1.73079959118896,82.0951219512195,596336,106.78434753418,5.523,75.9,85.8,78.3,64.5,46.0,68.6,43.8,86.2,87.0,95.0,80.0,110193.21379722773
Luxembourg,LUX,2018,9.5448,-117.233947530512,71085623495.1145,1.61129891211624,1.5281952430737,82.2951219512195,607950,106.983123779297,5.589,76.4,82.7,79.0,65.1,48.5,69.2,46.2,87.6,86.9,95.0,80.0,116926.75959390494
Luxembourg,LUX,2019,9.6917,234.310617307358,69872035113.6469,2.74932091920692,1.74332075653848,82.6390243902439,620001,106.946510314941,5.592,75.9,83.0,85.8,65.4,46.6,68.8,45.9,82.6,86.0,95.0,80.0,112696.64905967393
Luxembourg,LUX,2020,7.9929,-4.55819523596748,73670782100.3909,-0.510051634039826,0.819957302127036,82.1439024390244,630419,107.078948974609,6.766,75.8,86.4,90.3,64.1,45.4,66.8,45.3,76.4,86.4,95.0,80.0,116860.02817235982
Luxembourg,LUX,2021,8.3806,28.7187121123012,86386759695.1653,6.92973270801744,2.52692009066166,82.5975609756098,640064,106.482757568359,5.571,76.0,85.7,92.5,63.4,46.2,66.1,45.9,76.5,84.0,95.0,80.0,134965.81544215156
Luxembourg,LUX,2022,7.2657,-391.555119009248,80801680397.0139,-1.09741256293819,6.33600807777919,82.9463414634147,653103,107.83975982666,4.588,80.6,97.4,89.5,64.1,41.5,89.3,56.3,80.1,79.2,95.0,80.0,123719.65891599625
Luxembourg,LUX,2023,6.9416,-10.4511316835125,88788881539.3937,0.0994370594039111,3.74140361983136,83.309756097561,666430,107.744010925293,5.184,78.4,96.8,96.5,64.8,41.6,85.5,56.8,75.1,78.6,95.0,80.0,133230.61917889907
Luxembourg,LUX,2024,7.1474,113.622225285264,93279851863.4062,0.358614003982225,2.05113269954859,83.1951219512195,677012,108.577438354492,6.4,79.2,96.9,84.9,64.6,40.6,89.5,57.7,69.1,79.2,95.0,80.0,137781.68165912305
Luxembourg,LUX,2025,,,101157829491.107,0.63787818818335,2.25723817871726,,686970,,6.343,79.5,97.8,85.7,62.7,39.4,89.2,57.5,71.9,79.6,95.0,80.0,147252.17912151475
Macau,MAC,2001,1.5597,2.33234142624111,6860272608.45211,2.88824010651439,-1.98465008641646,80.5878048780488,433900,82.3632736206055,6.371,,,,,,,,,,,,15810.722766656165
Macau,MAC,2002,1.7113,5.34424158844924,7371692774.43404,8.90480904902596,-2.63751699816198,80.9463414634146,438400,85.1063385009766,6.278,,,,,,,,,,,,16814.992642413414
Macau,MAC,2003,1.7562,6.13730012796971,8246479565.94248,11.6433551416587,-1.56245203671305,81.0439024390244,443600,88.1465911865234,5.995,,,,,,,,,,,,18589.899833053383
Macau,MAC,2004,2.0348,7.24868934401704,10643253553.184,26.6368742306114,0.980728452039451,80.9926829268293,454700,92.5055236816406,4.904,,,,,,,,,,,,23407.199369219266
Macau,MAC,2005,2.0474,14.5971664934488,12160056122.3757,8.07794929953978,4.39589284335674,81.3414634146341,473500,92.0361480712891,4.158,,,,,,,,,,,,25681.21673152207
Macau,MAC,2006,2.0343,19.6103756817311,14874098691.9082,13.3921711919351,5.14997337750692,81.7292682926829,498900,92.9831237792969,3.822,,,,,,,,,,,,29813.787716793344
Macau,MAC,2007,1.9277,28.8206055046707,18439981612.4086,14.4817728129028,5.57149689143952,81.7292682926829,520900,94.0301895141602,3.269,,,,,,,,,,,,35400.23346594087
Macau,MAC,2008,1.5974,18.9404463569425,21027018332.6663,3.39251560752048,8.61101858637,82.0268292682927,540700,89.8171920776367,2.999,,,,,,,,,,,,38888.51180445035
Macau,MAC,2009,1.6937,-1.91124126911204,21589540350.7115,1.29837946885112,1.16906695453767,82.1756097560976,535000,89.3067169189453,3.58,72.0,60.0,57.0,79.3,93.2,60.0,60.0,80.3,90.0,70.0,70.0,40354.28102936729
Macau,MAC,2010,1.7202,12.8496394988665,28244172833.6035,25.1031075246958,2.80947242060843,82.2731707317073,537000,91.1610379698531,2.84,72.5,60.0,54.0,77.8,95.2,60.0,60.0,77.5,90.0,80.0,70.0,52596.22501602142
Macau,MAC,2011,1.6889,4.76089394778049,36848881944.6939,21.6223064381087,5.80624616691043,82.4707317073171,549600,94.9301234316026,2.56,73.1,60.0,53.0,76.6,93.3,60.0,60.0,83.4,90.0,85.0,70.0,67046.72842921015
Macau,MAC,2012,1.743,8.25528889419514,43193350975.6862,9.21747479596735,6.10738928336549,82.4707317073171,567900,97.4283454689247,1.97,71.8,60.0,50.0,75.8,88.1,60.0,55.0,84.2,90.0,85.0,70.0,76058.02249636591
Macau,MAC,2013,1.8152,7.32083901346214,51559125350.236,10.7816711590297,5.50057779178484,82.7219512195122,591900,98.6075581395349,1.82,71.7,60.0,51.0,73.5,91.5,60.0,55.0,81.3,90.0,85.0,70.0,87107.83130636257
Macau,MAC,2014,2.0891,4.41326860101837,54930501310.2956,-2.03874227961819,6.04823452094076,83.0219512195122,621700,101.75873015873,1.67,71.3,60.0,49.7,71.4,91.7,60.0,55.0,79.8,90.0,85.0,70.0,88355.31817644459
Macau,MAC,2015,2.759,1.08257865214181,44940613353.1038,-21.7540078753246,4.56056338028173,83.2243902439024,642900,100.96644295302,1.81,70.3,60.0,49.7,71.8,91.8,60.0,50.0,74.9,90.0,85.0,70.0,69902.9605741232
Macau,MAC,2016,2.6259,4.13475853837245,44964868323.7558,-0.701510212552961,2.36895749705898,83.2756097560976,652500,99.4636678200692,1.939,70.1,60.0,49.7,73.1,93.9,60.0,50.0,69.6,90.0,85.0,70.0,68911.6755919629
Macau,MAC,2017,2.8865,3.38191416637271,50297028370.6668,9.91855844513513,1.22812404052809,83.5268292682927,648400,97.4219858156028,1.981,70.7,60.0,37.1,72.3,92.8,60.0,50.0,70.8,90.0,85.0,70.0,77570.98761669772
Macau,MAC,2018,2.1256,3.12603183085927,55076322634.344,6.35917030567686,3.00446293166953,83.6780487804878,658900,92.7108013937282,1.803,70.9,60.0,36.4,75.3,91.0,60.0,50.0,73.6,90.0,85.0,70.0,83588.28750090151
Macau,MAC,2019,2.2473,11.7748789603391,55025172016.004,-2.4609094006739,2.75193081051975,83.9292682926829,672000,90.6689895470383,1.73,71.0,60.0,33.2,77.1,90.4,60.0,50.0,76.5,90.0,85.0,70.0,81882.6964523869
Macau,MAC,2020,2.2329,-24.5780080658474,25280064167.7333,-54.4020925789353,0.811410511491512,84.1292682926829,685400,88.5771812080537,2.542,70.3,60.0,33.5,75.0,89.8,60.0,50.0,70.0,90.0,85.0,70.0,36883.66525785424
Madagascar,MDG,2001,1.7104,1.71117198619575,5438332601.90798,5.98023576982733,7.91694484529586,58.674,17032939,,5.35,53.9,50.0,30.0,74.5,84.1,70.0,,76.5,0.0,50.0,50.0,319.2832782356574
Madagascar,MDG,2002,1.1663,0.273965160881608,5351701663.40807,-12.4079711055149,16.4985255315846,59.17,17549913,,5.515,56.8,50.0,30.0,74.3,90.3,70.0,,74.0,22.4,50.0,50.0,304.94177739844463
Madagascar,MDG,2003,1.5496,0.202025723705933,6372498889.66585,9.78489212474175,-1.70400479616298,59.693,18071854,,5.01,62.8,50.0,30.0,74.2,90.2,70.0,,76.6,74.6,50.0,50.0,352.62009584992495
Madagascar,MDG,2004,1.6759,1.0446898563867,5064732626.29389,5.25700362208742,13.9558018033211,60.168,18606608,,3.951,60.9,50.0,17.0,74.6,89.8,70.0,,71.9,74.4,50.0,50.0,272.20074858856003
Madagascar,MDG,2005,1.7881,1.45800803699285,5859269752.61332,4.75584509499119,18.3638246468932,60.664,19159707,20.3285102844238,2.62,63.1,50.0,26.0,81.4,92.6,70.0,48.9,82.8,79.2,50.0,50.0,305.81207492438796
Madagascar,MDG,2006,1.7144,4.60749200280627,6395712490.94304,5.3985084485368,10.7656371554865,61.14,19730909,22.8831806182861,2.945,61.0,50.0,31.0,81.0,88.6,38.0,49.3,74.5,77.8,70.0,50.0,324.14687488260375
Madagascar,MDG,2007,1.8034,9.26011530963958,8524620889.57747,5.71056419885052,10.2879663187671,61.533,20318583,25.2112007141113,3.202,61.1,50.0,28.0,80.8,81.1,51.2,47.2,70.0,82.8,70.0,50.0,419.5480014318651
Madagascar,MDG,2008,1.87,10.5779307609142,10725137723.6549,6.71263253913001,9.29650839381057,61.992,20923840,27.4633598327637,3.431,62.4,50.0,31.0,80.9,86.4,56.0,48.1,72.2,79.6,70.0,50.0,512.5798000584452
Madagascar,MDG,2009,1.7759,13.4485427881281,9616879409.43789,-3.9787086116544,8.95421802392949,62.304,21547280,28.5682106018066,3.885,62.2,50.0,32.0,80.9,86.3,60.5,46.0,73.9,72.6,70.0,50.0,446.315238370592
Madagascar,MDG,2010,1.9684,9.13867133828111,9982711338.07029,0.619239744622121,9.24732173644116,62.597,22183340,,4.28,63.2,45.0,34.0,87.3,88.8,71.9,46.9,75.4,73.2,60.0,50.0,450.00939164572554
Madagascar,MDG,2011,2.2944,7.05979214971634,11551819617.874,1.57842705366555,9.48254048582992,62.86,22822300,34.1198081970215,2.516,61.2,40.0,30.0,87.8,89.7,60.0,50.7,75.9,73.2,55.0,50.0,506.16369155930823
Madagascar,MDG,2012,2.8507,7.03680533355538,11578975061.9479,3.01114811621208,5.71384434191053,63.007,23462438,35.3920151133501,0.599,62.4,40.0,26.0,88.3,93.6,71.1,50.8,76.0,73.5,55.0,50.0,493.5111629042089
Madagascar,MDG,2013,3.0496,4.55464531104897,12423555455.3853,2.30037622800727,5.8264294445198,63.161,24109290,,0.995,62.0,40.0,30.0,90.0,94.6,63.5,47.4,74.9,74.6,55.0,50.0,515.301589361831
Madagascar,MDG,2014,3.1337,2.97751123297568,12522957399.2281,3.33920311195367,6.08040811088302,63.261,24764348,35.8148702330413,1.385,61.7,40.0,27.3,90.8,92.3,62.8,43.9,77.6,77.8,55.0,50.0,505.6849225034352
Madagascar,MDG,2015,3.4183,2.89727727453157,11323020701.3017,3.13229807490305,7.40419174202129,63.362,25426702,36.1207695007324,1.785,61.7,45.0,28.0,90.9,94.7,62.3,45.1,79.2,71.8,50.0,50.0,445.3200694805681
Madagascar,MDG,2016,3.2513,4.56460803171494,11848613858.442,3.99314606199499,6.03575858154679,63.431,26099952,36.0765113830566,1.949,61.1,45.0,28.0,91.1,93.4,52.9,48.5,74.5,77.2,50.0,50.0,453.9707145224635
Madagascar,MDG,2017,3.5528,3.52797151000056,13176313593.5509,3.93330759462793,8.60905075422949,63.433,26788375,34.7709486382629,2.123,57.4,34.8,25.0,91.0,93.2,43.3,43.8,73.3,78.0,55.0,50.0,491.8668487189275
Madagascar,MDG,2018,3.2753,4.44792798727992,13760033282.2925,3.19435651744398,8.59422958870476,63.491,27494926,34.6266095687665,2.303,56.8,33.2,17.8,90.3,92.9,45.6,41.5,73.4,78.0,55.0,50.0,500.45718552915906
Madagascar,MDG,2019,4.0111,3.36279830994653,14104664678.5063,4.41123212909589,5.61051441492365,63.504,28219554,32.8161749019587,2.479,56.6,33.2,14.3,91.0,91.8,47.3,44.6,72.4,69.2,55.0,50.0,499.81883762253295
Madagascar,MDG,2020,3.1281,2.74657132350245,13051441204.053,-7.13767162064489,4.20179312190557,62.706,28953556,,3.292,60.5,45.6,25.0,90.7,91.5,47.3,44.6,72.7,73.6,55.0,50.0,450.7716152051582
Madagascar,MDG,2021,4.103,2.49072338064723,14354731964.3258,4.65068343174309,5.81225118787715,62.516,29691083,34.1320359801924,3.498,57.7,33.7,20.2,90.6,93.4,46.5,44.7,73.7,65.4,55.0,50.0,483.4694633511954
Madagascar,MDG,2022,4.384,3.04942783216552,15342178598.2475,4.13753534956307,8.16059031991844,63.068,30437261,,3.186,58.9,40.3,23.0,90.7,92.9,37.4,56.0,75.9,64.8,55.0,50.0,504.05910696916845
Madagascar,MDG,2023,4.5942,3.23953789790907,16036707975.7567,4.23086580696344,9.87432675044888,63.632,31195932,,3.044,58.9,41.7,34.4,90.7,93.0,38.5,56.2,75.3,65.8,55.0,50.0,514.0640765519267
Madagascar,MDG,2024,4.6827,3.44577112659577,17592832696.1336,4.32283728087992,7.61335784313723,63.835,31964956,,3.051,57.3,41.4,24.8,90.9,92.5,37.5,56.3,73.0,68.4,55.0,50.0,550.3787552885603
Madagascar,MDG,2025,,,19620352035.7899,3.002568866856,8.05052431791227,,32740678,,3.041,57.0,40.8,25.5,91.1,92.3,38.1,56.1,70.9,68.8,50.0,50.0,599.2652942553573
Malawi,MWI,2001,3.1666,0.772615057834218,2498008664.6691,-4.97496361892476,22.7,47.205,11593058,32.2248115539551,5.221,56.2,50.0,41.0,70.9,73.0,55.0,,51.0,64.8,50.0,50.0,215.47452489835726
Malawi,MWI,2002,3.1305,0.115974414290585,5087328437.8737,1.70000003078317,14.7446346101603,48.176,11880440,31.3253707885742,5.248,56.9,50.0,41.0,73.0,74.8,55.0,,53.5,65.0,50.0,50.0,428.21043983839826
Malawi,MWI,2003,3.1575,1.41089085148224,4669789300.35662,5.70563940467414,9.57679786919214,49.601,12181574,,5.165,53.2,50.0,32.0,72.6,70.0,55.0,,57.5,62.0,50.0,30.0,383.34859685264155
Malawi,MWI,2004,3.1468,2.13119600751874,5058726350.48896,5.42049754993828,11.4298060822124,51.073,12500737,28.9145393371582,4.964,53.6,50.0,29.0,69.4,67.1,55.0,,63.1,68.6,50.0,30.0,404.6742484454285
Malawi,MWI,2005,3.5683,2.62567004771803,5320409651.47544,3.26872602317066,15.4103446604296,52.469,12840031,28.7130393981934,4.935,53.6,50.0,28.0,68.6,68.5,55.0,57.9,68.0,60.0,50.0,30.0,414.36112198447495
Malawi,MWI,2006,3.7866,0.611208219192404,5818279739.14354,4.69999976404691,13.9742943548388,53.652,13198701,30.5642108917236,4.954,55.4,50.0,28.0,70.4,60.0,53.9,58.4,68.6,64.6,50.0,50.0,440.8221490238729
Malawi,MWI,2007,4.0794,1.92814440747221,6451210219.11683,9.59999987683469,7.9522099086403,54.687,13576343,30.2626094818115,4.876,52.9,40.0,28.0,71.0,45.3,54.4,57.3,68.2,64.6,50.0,50.0,475.1802616593312
Malawi,MWI,2008,4.2838,2.5237027903489,7743617352.21427,7.63973639944591,8.71260186609043,55.715,13976417,32.6917381286621,4.796,52.7,40.0,27.0,70.2,44.3,52.2,58.6,69.9,64.6,50.0,50.0,554.0488203961194
Malawi,MWI,2009,4.1579,0.545293920588433,9009887946.82039,8.3281098524038,8.42204427696655,56.714,14395788,33.3515281677246,4.732,53.7,50.0,27.0,70.7,48.6,45.2,57.2,69.8,68.8,50.0,50.0,625.8697298696251
Malawi,MWI,2010,4.4851,0.957814621345542,10128323010.6049,6.87406585416142,7.41159092883827,57.787,14826463,33.6619814891638,4.78,54.1,45.0,28.0,78.9,45.8,44.8,59.3,71.0,68.6,50.0,50.0,683.124694716798
Malawi,MWI,2011,5.7394,6.97752227761724,11648142958.3651,4.93266999813729,7.6228226284852,58.859,15265022,34.7371599213107,4.829,55.8,45.0,33.0,79.3,56.7,42.4,59.1,71.6,71.0,50.0,50.0,763.0610003945687
Malawi,MWI,2012,5.683,-0.101285426070357,8773203178.16512,1.90000000072909,21.2712650013779,59.87,15709577,34.8210140987042,4.949,56.4,45.0,34.0,79.3,62.2,42.0,58.2,72.6,70.9,50.0,50.0,558.46208832772
Malawi,MWI,2013,5.0231,5.61985138978348,8031571927.62055,5.41034999817167,27.2833333333334,60.816,16161816,37.847295845447,4.978,55.3,40.0,30.0,78.4,60.0,41.1,58.8,72.5,71.8,50.0,50.0,496.9473682673129
Malawi,MWI,2014,4.9718,6.79541385727369,8801326169.14547,5.62527000105139,23.7920649469687,61.651,16621538,39.5435659506335,4.967,55.4,45.0,31.9,78.0,63.0,38.9,60.3,64.1,72.7,50.0,50.0,529.5133440205997
Malawi,MWI,2015,4.909,3.12107477506801,9219474379.31534,2.80000000003355,21.8673475542553,62.324,17085587,39.7291461793841,4.953,54.8,40.0,37.0,78.5,49.0,49.1,63.1,53.8,72.2,55.0,50.0,539.6053632406858
Malawi,MWI,2016,4.9059,1.46272973143861,7909868618.46366,2.49999999914311,21.7111132136499,63.163,17557739,38.1843681335449,5.011,51.8,40.0,33.0,79.0,27.1,44.5,63.4,53.6,72.4,55.0,50.0,450.50610551071867
Malawi,MWI,2017,5.408,1.0085487596618,8943543793.5839,4.00000000089172,11.5433939188771,63.914,18039715,39.6154222954854,5.046,52.2,36.0,31.3,79.1,69.8,45.3,56.9,54.7,70.5,55.0,50.0,495.7696833671652
Malawi,MWI,2018,5.4582,0.779538295941585,9879220354.29186,4.35356471619211,12.420178108921,64.464,18528081,38.8324397802949,5.021,52.0,33.1,28.9,76.9,70.7,47.7,59.9,60.4,71.5,50.0,50.0,533.2025671893307
Malawi,MWI,2019,5.6074,0.499715595789277,11051852712.6142,5.71682519194337,9.3708360560567,64.995,19025752,35.5212672502146,4.964,51.4,35.8,25.2,79.8,70.3,41.7,64.0,65.5,75.4,50.0,50.0,580.8891397624757
Malawi,MWI,2020,5.2063,2.14268264715469,11769313597.8545,0.793596429787286,8.62551469650552,65.216,19533888,41.4565075090498,5.72,52.8,43.1,24.8,79.0,71.7,41.9,62.8,69.1,75.4,50.0,50.0,602.507478176106
Malawi,MWI,2021,6.1189,1.04617739110529,12378119199.0839,4.55829212016083,9.33014410835212,64.782,20047258,35.8885917563293,5.652,53.0,46.1,26.8,79.0,72.3,42.1,63.6,70.5,68.2,50.0,50.0,617.4469944510067
Malawi,MWI,2022,5.6023,1.5988861608404,12429059928.102,0.921115069005936,20.953969729969,66.037,20568728,35.5084899925617,5.02,53.0,48.1,29.4,78.7,87.4,34.0,56.4,71.1,67.4,50.0,50.0,604.2697403603178
Malawi,MWI,2023,4.7047,1.60106112476406,13363669672.9405,1.94575281675984,28.7897428247298,67.353,21104482,36.644092994481,5.009,52.8,48.4,52.7,71.6,85.2,34.1,56.9,70.8,65.6,50.0,50.0,633.2147679786929
Malawi,MWI,2024,4.7949,2.28053083149593,11311971400.3864,1.6734340852915,32.1796504225025,67.561,21655286,,5.051,52.1,48.6,36.3,77.6,82.2,30.8,55.9,64.0,68.4,50.0,50.0,522.3653661460024
Malawi,MWI,2025,,,14918276698.303,1.88518707821663,28.3702565330281,,22216120,,5.072,50.9,49.4,34.4,77.1,79.4,31.3,56.0,58.3,68.8,50.0,50.0,671.5068472038772
Malaysia,MYS,2001,138.4076,0.597029318252079,92783947368.4211,0.517675319192861,1.41678473206098,73.08,23526538,75.6187362670898,3.53,60.2,50.0,51.0,80.6,85.5,70.0,,78.4,66.0,30.0,30.0,3943.7994391023913
Malaysia,MYS,2002,146.5505,3.16612432250471,100845526315.789,5.39098830692797,1.80787246281536,73.469,24102477,75.0011596679688,3.48,60.1,50.0,48.0,81.5,84.1,70.0,,80.7,66.6,30.0,30.0,4184.0316377353665
Malaysia,MYS,2003,156.5469,2.92094209456765,110202368421.053,5.7884992858875,1.08967632577286,73.727,24679602,80.088996887207,3.61,61.1,50.0,50.0,81.8,82.9,70.0,,82.1,73.0,30.0,30.0,4465.321945672098
Malaysia,MYS,2004,169.5908,3.50787262049412,124749473684.211,6.78343772370305,1.42127115937402,74.027,25256772,80.5677719116211,3.54,59.9,50.0,49.0,80.9,74.2,70.0,,81.8,73.4,30.0,30.0,4939.248518544294
Malaysia,MYS,2005,181.1171,2.73438734940078,143534405818.501,5.33213916141486,2.97507092684449,74.37,25836071,76.2537536621094,3.53,61.9,50.0,52.0,80.9,75.3,70.0,72.0,82.8,75.8,30.0,30.0,5555.581799512047
Malaysia,MYS,2006,187.727,4.72716484834358,162692258307.056,5.5848470671515,3.60923564224389,74.697,26417909,75.8026123046875,3.32,61.6,50.0,50.0,81.2,75.1,68.6,72.2,82.6,76.6,30.0,30.0,6158.407855332381
Malaysia,MYS,2007,204.8805,4.68684578287436,193549569477.733,6.29878592740947,2.02735317779569,74.961,26998389,74.2519378662109,3.31,63.8,50.0,51.0,81.8,78.9,67.6,72.0,80.1,76.8,40.0,40.0,7168.930319425096
Malaysia,MYS,2008,216.128,3.28081949125174,230811614370.384,4.83176988913097,5.44078221100769,75.151,27570059,74.8359527587891,3.34,63.9,50.0,50.0,82.2,80.8,69.3,72.1,78.6,76.2,40.0,40.0,8371.821560860062
Malaysia,MYS,2009,197.9123,0.056692316075743,202257453036.641,-1.51352871598714,0.583308405623702,75.269,28124778,75.0242767333984,3.62,64.6,50.0,51.0,83.0,81.4,70.8,71.5,79.9,78.2,40.0,40.0,7191.432872346263
Malaysia,MYS,2010,215.5014,4.26864663854031,255017638455.59,7.42484738326097,1.62285235577035,75.376,28655776,77.2140274047852,3.32,64.8,55.0,51.0,84.3,81.3,69.9,71.4,76.7,78.7,30.0,50.0,8899.345055446762
Malaysia,MYS,2011,218.2727,5.07446032143377,297951668674.835,5.29391283414003,3.1744709215131,75.488,29162039,77.5925369262695,3.05,66.3,50.0,45.0,84.6,79.2,69.7,79.2,81.3,78.7,45.0,50.0,10217.106858503104
Malaysia,MYS,2012,219.7969,2.82905738174529,314443047642.111,5.47345419253853,1.66357102479206,75.552,29662831,81.2371978759766,3.04,66.4,50.0,44.0,84.5,72.5,78.1,79.3,81.6,78.8,45.0,50.0,10600.574424002585
Malaysia,MYS,2013,237.1554,3.49431175959971,323276235524.415,4.69372252557893,2.10501231233612,75.464,30174265,80.938362121582,3.14,66.1,55.0,43.0,85.1,73.5,79.9,72.3,79.8,77.0,45.0,50.0,10713.640763889856
Malaysia,MYS,2014,251.3897,3.14122940365348,338066095097.254,6.00672194558203,3.14299050879095,75.345,30696137,83.2836303710938,2.88,69.6,55.0,44.3,84.6,75.6,85.6,78.5,81.0,76.4,55.0,60.0,11013.310733440303
Malaysia,MYS,2015,252.8595,3.27094402931735,301355266964.947,5.09153242155011,2.10438980238359,75.288,31232798,81.5115814208984,3.1,70.8,55.0,50.0,84.4,74.0,93.5,75.7,80.8,80.0,55.0,60.0,9648.679793752293
Malaysia,MYS,2016,247.4841,4.47130958598651,301256033870.334,4.44978139761541,2.09056659525742,75.371,31789685,79.8283920288086,3.44,71.5,55.0,52.0,85.0,74.3,91.4,71.5,84.5,81.4,60.0,60.0,9476.534098099242
Malaysia,MYS,2017,237.8324,2.9358203805856,319109094160.343,5.81272240983328,3.87120115774237,75.542,32355644,78.8863677978516,3.41,73.8,85.3,51.8,85.3,78.7,90.8,73.1,85.3,81.2,60.0,50.0,9862.548066122345
Malaysia,MYS,2018,254.2848,2.31458721219734,358788845712.53,4.84308697634881,0.884709160571235,75.734,32910967,74.4872817993164,3.3,74.5,83.8,54.8,85.6,81.3,83.9,75.8,85.6,87.4,60.0,50.0,10901.801995442129
Malaysia,MYS,2019,255.1651,2.50697705748044,365177721021.516,4.41318742129586,0.662891865764326,75.9,33440596,75.3229827880859,3.33,74.0,84.1,55.4,85.6,83.2,83.9,74.4,78.6,82.0,60.0,50.0,10920.191763972029
Malaysia,MYS,2020,253.08,1.20275464255821,337456163961.211,-5.45684658426701,-1.1387021539305,76.057,33889558,73.2459411621094,4.54,74.7,86.5,49.4,85.7,84.6,87.8,74.5,81.6,82.0,60.0,50.0,9957.526266976129
Malaysia,MYS,2021,257.9155,5.41626377085161,373784553029.978,3.31534954399166,2.47710241465447,73.917,34282399,74.9618181140898,4.64,74.4,85.1,53.2,83.8,84.3,86.7,73.9,83.6,82.4,60.0,50.0,10903.1037480772
Malaysia,MYS,2022,276.9845,3.68486215546291,407830525989.553,9.03173723044451,3.37869862549928,75.444,34695493,78.8341986282999,3.93,68.1,65.6,53.9,83.8,82.9,67.1,57.0,83.6,82.2,60.0,50.0,11754.567833624758
Malaysia,MYS,2023,282.3786,1.97990062716743,399949418752.657,3.5370638041057,2.48886560125754,76.657,35126298,79.4472788704033,3.858,67.3,65.4,57.6,83.9,82.4,70.3,58.0,81.1,83.0,60.0,50.0,11386.039563652765
Malaysia,MYS,2024,295.9542,3.6930953933026,422227005428.688,5.10545921024041,1.834100204499,76.821,35557673,80.2757406864183,3.846,65.7,65.7,48.2,83.9,81.4,70.5,58.2,79.1,83.0,60.0,50.0,11874.427368424474
Malaysia,MYS,2025,,,472193128644.597,5.17127082911057,1.38060872293692,,35977838,,3.764,67.1,66.3,51.1,83.9,82.1,76.6,58.1,79.6,83.4,60.0,50.0,13124.555417826858
Maldives,MDV,2001,0.5547,2.36095464157791,870031676.798793,-3.94363452271253,0.67257737006247,71.659,286767,61.0277481079102,3.038,,,,,,,,,,,,3033.9323450703637
Maldives,MDV,2002,0.6721,2.75560074067064,897031250.0,7.26838656139654,4.1786723990479,72.36,291616,61.3511009216309,4.094,,,,,,,,,,,,3076.0700716010097
Maldives,MDV,2003,0.5775,3.02003609060425,1052121054.6875,13.7500496410836,-1.26065113450354,73.263,296491,67.9700698852539,5.126,,,,,,,,,,,,3548.5767011055987
Maldives,MDV,2004,0.7389,4.31467445406402,1226829562.5,5.92489251113133,-1.68541212459466,73.008,301413,67.8094329833984,6.151,,,,,,,,,,,,4070.2609459446007
Maldives,MDV,2005,0.6848,4.55499673617996,1163362437.5,-11.1773097061784,1.30027500930997,74.785,306429,,7.313,,,,,,,,,,,,3796.5154652464357
Maldives,MDV,2006,0.8365,4.05198051459747,1575200390.625,23.6302719852686,2.73842131602099,75.256,313851,,8.345,,,,,,,,,,,,5018.943354091592
Maldives,MDV,2007,0.878,7.08805679103643,1868383460.9375,7.13338024717898,6.79477353930168,75.711,324479,,9.421,,,,,,,,,,,,5758.102869330527
Maldives,MDV,2008,0.9559,7.97903444514319,2271646187.5,8.97645459033633,12.0414583505108,75.999,336170,,10.361,,,,,,,,,,,,6757.432809292917
Maldives,MDV,2009,0.9842,6.73534012537353,2345294875.0,-8.34069861571051,4.53017659132801,76.371,348275,,11.697,51.3,30.0,33.0,95.8,0.0,83.2,90.1,76.5,44.0,30.0,30.0,6734.03165601895
Maldives,MDV,2010,1.0537,8.36376433060736,2588176054.6875,6.7854678229144,6.14988536750173,76.756,360792,70.0468136514648,10.875,49.0,30.0,28.0,95.5,0.0,82.3,75.3,69.7,44.5,35.0,30.0,7173.596018446917
Maldives,MDV,2011,1.1443,15.2659407539778,2774350240.04918,8.84342600490342,11.2734146055937,77.141,373674,72.8434927609116,10.043,48.3,25.0,25.0,95.6,0.0,81.5,73.4,74.1,43.8,35.0,30.0,7424.520410971007
Maldives,MDV,2012,1.4422,7.89895747225905,2886163997.20531,2.38928797963442,10.884695658563,77.512,386818,71.9760042609256,9.134,49.2,25.0,23.0,98.0,0.0,89.7,71.9,75.3,43.7,35.0,30.0,7461.297036863098
Maldives,MDV,2013,1.6213,10.9503892160384,3295009237.50107,6.97496226412528,3.8056300091943,77.847,400070,68.3872693233485,8.295,49.0,25.0,25.0,98.8,14.5,88.7,64.0,70.4,43.7,30.0,30.0,8236.081779441272
Maldives,MDV,2014,2.1931,9.01659145068896,3697353039.20043,7.86068643108074,2.12000175718134,78.187,413617,72.9110894145066,7.461,51.0,20.0,21.9,97.4,43.8,87.4,71.7,69.4,43.8,25.0,30.0,8939.074165714732
Maldives,MDV,2015,1.5884,7.21577938190819,4129505319.12921,3.86813536494475,0.953206658777607,78.607,428154,73.441380211737,6.611,53.4,25.0,21.9,95.5,50.6,85.8,73.4,74.1,47.8,30.0,30.0,9644.906550281465
Maldives,MDV,2016,1.7341,10.3547618700189,4409942623.85538,6.37528306716864,0.502509413611612,78.913,443308,70.014084045724,5.771,53.9,25.0,21.9,94.0,60.8,81.5,70.4,73.0,47.8,35.0,30.0,9947.807447317397
Maldives,MDV,2017,1.6081,9.50514529202919,4816426256.52914,7.07442863215275,2.81747338234509,79.228,458287,69.7419183184781,5.377,50.3,45.1,31.4,93.0,51.5,80.6,70.4,76.3,47.8,35.0,30.0,10509.628805811948
Maldives,MDV,2018,1.3863,10.6517647807373,5404344162.69888,8.5689555834747,-0.133373386117595,79.433,473099,68.5727820261217,4.962,51.1,45.0,36.6,94.3,45.5,78.6,70.6,83.3,48.4,35.0,30.0,11423.28384270286
Maldives,MDV,2019,1.5153,16.7834728448357,5726094799.37709,6.92305989050099,0.220029731065383,79.707,487731,68.0857601310983,4.562,53.2,43.9,33.5,95.8,60.8,78.3,70.8,81.0,62.6,35.0,30.0,11740.272402978466
Maldives,MDV,2020,1.208,11.8706880719155,3712604583.36665,-32.9088287752921,-1.36977425569811,78.713,502118,69.8982015609094,5.42,56.5,48.5,39.2,95.8,67.9,78.7,70.6,77.0,61.0,35.0,30.0,7393.88865439329
Maldives,MDV,2021,1.6808,12.238665987932,5252457369.55218,37.507870124321,0.543149688737013,78.052,516154,,5.016,55.2,44.1,39.5,96.5,67.0,77.9,71.2,77.5,59.8,35.0,30.0,10176.14388254703
Maldives,MDV,2022,1.7895,11.8454662775286,6177123352.26211,13.8260895184139,2.3305404647725,80.76,524106,73.5234576648616,4.303,47.3,47.2,43.1,96.9,55.2,39.8,51.6,77.2,60.0,35.0,30.0,11786.019149298252
Maldives,MDV,2023,1.7942,11.5818458756845,6621008703.95743,4.94286301229583,2.90372427754586,81.041,525994,79.3565296847573,4.019,46.6,48.2,33.4,91.9,48.4,44.8,50.0,79.9,58.6,35.0,30.0,12587.61260386512
Maldives,MDV,2024,1.8824,11.416720004027,7061608267.25451,3.49440422654285,1.41093527910134,81.285,527799,,4.278,47.8,49.4,39.0,92.4,42.9,49.4,51.8,76.2,62.6,35.0,30.0,13379.351357722371
Maldives,MDV,2025,,,7741066860.6337,6.31092335003081,4.00578494118752,,529676,,4.514,48.3,51.6,40.5,91.5,44.4,48.8,58.2,75.2,63.2,35.0,30.0,14614.720811654106
Mali,MLI,2001,0.8333,5.0675122177655,4124281593.68874,15.806031742271,5.18701191944068,51.3,11912158,,1.332,60.1,50.0,10.0,60.8,81.3,70.0,,87.6,61.0,70.0,50.0,346.224554248587
Mali,MLI,2002,0.8731,-0.266203399112773,4647238256.56563,3.03627540738884,5.03282275711194,51.995,12288050,,1.36,61.1,50.0,10.0,69.8,82.7,70.0,,86.0,61.0,70.0,50.0,378.1916786280679
Mali,MLI,2003,0.8969,1.29366756461807,5605613011.29141,9.79712256086644,-1.34672619047621,52.632,12684955,19.7679595947266,1.272,58.6,50.0,10.0,70.1,83.0,70.0,,83.7,61.0,50.0,50.0,441.9103584751708
Mali,MLI,2004,0.9141,1.31045129448709,6485774930.41503,1.47732490290102,-3.09978128063957,53.253,13102409,21.5015201568604,1.413,56.6,50.0,10.0,70.2,81.8,70.0,,81.5,66.2,50.0,30.0,495.00629467566074
Mali,MLI,2005,0.9448,2.15749775649199,7429066951.56583,2.53837834888921,6.39788293897883,53.792,13538647,23.2651901245117,1.367,57.3,30.0,30.0,70.0,83.0,70.0,63.3,84.2,62.2,50.0,30.0,548.7303828488792
Mali,MLI,2006,1.1347,1.80622500320411,8212007553.99393,3.68960265255278,1.54352596927582,54.305,13990139,25.1828804016113,1.395,54.1,30.0,32.0,69.7,84.8,35.3,64.0,81.2,63.8,50.0,30.0,586.9854155125928
Mali,MLI,2007,1.3521,2.12739780757523,9699047442.57905,1.76004607852802,1.41200201714577,54.756,14457775,27.6904392242432,1.372,54.7,30.0,29.0,69.3,81.3,38.1,62.5,78.4,68.6,50.0,40.0,670.8533949780689
Mali,MLI,2008,1.5615,2.33379628947898,11462490840.2195,3.63871070923719,9.17098813667678,55.187,14940782,31.0381298065186,1.383,55.6,30.0,28.0,69.3,81.5,42.1,66.0,79.9,68.6,50.0,40.0,767.1948389461475
Mali,MLI,2009,2.0073,5.34101259309872,12155217832.8039,5.45473562683669,2.46375188572299,55.588,15435539,34.0355415344238,1.406,55.6,30.0,27.0,69.4,81.4,42.2,63.8,79.6,73.0,50.0,40.0,787.4825642825883
Mali,MLI,2010,1.9869,2.92612695497784,12710739159.5014,5.57678859793515,1.10892690670186,55.993,15945198,36.7189206176726,1.375,55.6,35.0,31.0,60.2,81.1,47.5,67.9,73.8,69.6,50.0,40.0,797.1515411411887
Mali,MLI,2011,2.1656,3.60372353520623,15452791788.9356,2.93537897118415,2.95564395229392,56.367,16469049,38.7492137225876,1.403,56.3,30.0,28.0,60.5,86.5,51.2,65.8,77.6,73.2,50.0,40.0,938.2929025795964
Mali,MLI,2012,2.2712,2.6890124945952,14795114602.6122,-1.07239924147837,5.32312847064058,56.696,16957033,,1.462,55.8,30.0,27.0,60.1,79.9,50.8,66.5,80.7,73.2,50.0,40.0,872.506092463947
Mali,MLI,2013,2.7412,1.95552894418838,15747192680.9971,3.29068742053545,-0.606736356351563,57.052,17459615,39.2758121397099,1.517,56.4,30.0,28.0,69.6,83.9,50.1,64.6,79.9,73.2,45.0,40.0,901.9209576498165
Mali,MLI,2014,2.9109,0.844265987939144,17081681993.2577,6.50263878386326,0.883814547137841,57.482,18020267,41.2349114693214,1.476,55.5,20.0,27.7,69.8,81.7,48.0,63.2,76.7,73.2,55.0,40.0,947.9150332932193
Mali,MLI,2015,3.5312,1.7680955706499,15583181170.4105,6.23887890181064,1.45069057605961,57.852,18593022,38.9892238642006,1.404,56.4,25.0,28.0,69.6,89.2,47.2,50.7,81.1,73.2,60.0,40.0,838.1198694010312
Mali,MLI,2016,4.5795,2.129006916198,16743796799.8329,6.00506308559498,-1.79964707083386,58.286,19191289,40.0999948578594,1.367,56.5,25.0,32.0,70.3,82.8,46.3,50.8,83.0,70.2,65.0,40.0,872.4685871716537
Mali,MLI,2017,5.1611,3.0627942747803,18308362040.0521,5.37554769647939,1.75985742927165,58.562,19813011,38.5485805738327,1.498,58.6,36.7,34.3,69.4,88.0,44.2,51.1,83.0,70.1,65.0,40.0,924.0575316922855
Mali,MLI,2018,5.782,2.29426079238045,20368015381.2413,4.86784999935264,0.299546507387843,58.873,20442030,37.9832691019192,1.62,57.6,31.9,31.4,68.1,85.3,52.8,48.4,81.9,68.7,65.0,40.0,996.3792921369012
Mali,MLI,2019,6.1138,4.19531107984596,20477421884.5414,4.99999911699705,-1.65826694846365,59.217,21068405,,3.29,58.1,33.7,29.6,68.7,85.4,53.8,52.2,81.6,69.8,65.0,40.0,971.9493186380935
Mali,MLI,2020,6.8432,2.5936673302322,20698560938.7775,-1.16910834857605,0.438088940320669,58.858,21713836,,3.528,55.9,36.1,20.7,69.2,85.8,49.2,52.2,81.6,65.0,65.0,40.0,953.2429432909736
Mali,MLI,2021,7.3008,2.78245724174957,22999245262.6719,3.10094124463507,3.92560283104277,59.116,22388630,,4.006,55.6,34.5,23.6,69.0,85.3,46.5,53.5,83.7,64.0,65.0,40.0,1027.2734536535688
Mali,MLI,2022,7.4928,3.17422530916772,22539987718.7642,3.70319027585386,9.62147608489064,60.035,23072640,,2.387,55.9,34.0,28.3,69.8,83.9,44.2,54.2,82.8,64.0,65.0,40.0,976.9141164064537
Mali,MLI,2023,7.177,2.83542408045107,24777941860.767,4.76394100040932,2.05880228274223,60.439,23769127,38.9389470920545,2.947,54.5,32.6,33.4,68.9,80.5,40.5,54.4,79.2,64.0,65.0,40.0,1042.4422344483664
Mali,MLI,2024,7.4121,3.44170555566452,26761281076.7658,5.01653579205785,3.2063986409966,60.675,24478595,,2.924,52.5,32.7,22.4,68.0,80.4,42.3,54.1,72.7,64.0,65.0,40.0,1093.252332364901
Mali,MLI,2025,,,30069148580.7688,5.59946842896643,3.27823540357584,,25198821,,2.831,52.6,23.5,22.7,70.0,79.6,42.4,53.9,77.2,64.0,65.0,40.0,1193.2760100470098
Malta,MLT,2001,2.4949,10.2407951566631,4070867153.47963,-0.757203651807174,2.92949244324104,78.8439024390244,393028,90.7193222045898,7.107,62.9,90.0,30.0,65.7,41.9,70.0,,74.5,73.6,50.0,70.0,10357.702640726946
Malta,MLT,2002,2.3242,-11.1735639287223,4455127397.86786,2.74113503379645,2.18849048060549,78.7390243902439,395969,91.1574630737305,6.902,62.2,90.0,30.0,64.6,30.9,70.0,,79.1,75.4,50.0,70.0,11251.202487739847
Malta,MLT,2003,2.6135,16.8221034288909,5418315225.49353,3.69331066307235,1.30383777442602,78.5463414634146,398582,93.1107406616211,7.488,61.1,90.0,30.0,63.5,36.8,85.0,,79.8,65.0,50.0,50.0,13593.978718290164
Malta,MLT,2004,2.6069,122.360207462303,6104141501.07928,0.407354423655889,2.79082848067754,79.2536585365854,401268,104.41886138916,7.317,63.3,90.0,50.0,63.1,11.5,85.0,,84.6,65.4,50.0,70.0,15212.131296488331
Malta,MLT,2005,2.6349,341.007652103804,6393234964.93061,2.88123652429068,3.00796652450313,79.3,403834,101.806327819824,6.923,68.9,90.0,50.0,62.2,40.3,85.0,60.0,85.7,75.8,50.0,90.0,15831.343980275582
Malta,MLT,2006,2.6594,370.903560623921,6749838861.63176,2.33618870316785,2.77378006481472,79.4390243902439,405308,97.5271606445312,6.798,67.3,90.0,68.0,62.2,35.4,70.0,60.0,85.0,82.4,50.0,70.0,16653.60383123886
Malta,MLT,2007,2.7234,450.045795914123,7908412373.84313,5.03640177981643,1.24921923797629,79.7926829268293,406724,100.52220916748,6.472,66.1,90.0,66.0,61.1,27.7,70.0,60.0,80.0,86.6,50.0,70.0,19444.17436355644
Malta,MLT,2008,2.7327,161.765413580926,9172399572.85742,4.41059689827608,4.25862171897073,79.6365853658537,409379,101.423049926758,5.977,66.0,90.0,64.0,61.3,29.1,70.0,60.0,79.8,86.0,50.0,70.0,22405.642626655055
Malta,MLT,2009,2.5185,16.4753471685722,8769897418.38144,-1.39524956144803,2.08432746082343,80.2414634146342,412477,,6.896,66.1,90.0,58.0,63.1,41.7,70.0,60.0,82.7,85.8,50.0,60.0,21261.542869981695
Malta,MLT,2010,2.5947,101.626394392913,9097044301.48168,6.19734978656928,1.51563513618532,81.3975609756098,414508,105.11385345459,6.861,67.2,80.0,58.0,62.5,45.6,70.0,60.0,78.1,87.5,70.0,60.0,21946.607306690534
Malta,MLT,2011,2.5818,79.748918912388,9789363086.07492,0.992201768011597,2.9629852819288,80.7463414634146,416268,94.1126708984375,6.388,65.7,70.0,52.0,62.5,39.8,70.0,60.0,80.1,87.6,75.0,60.0,23516.972445815965
Malta,MLT,2012,2.7244,34.5864948714194,9609530618.89688,4.10167460261891,2.37582057760386,80.7463414634146,420028,95.5169982910156,6.203,67.0,70.0,56.0,67.8,43.8,70.0,60.0,80.5,87.1,75.0,60.0,22878.30958625825
Malta,MLT,2013,2.3827,4.72416532328184,10796780874.0524,6.29233378116625,1.1802843636655,81.7463414634146,424810,96.430793762207,6.115,67.5,75.0,56.0,61.2,44.1,61.1,65.4,80.4,86.8,85.0,60.0,25415.552538905395
Malta,MLT,2014,2.3694,1.31122424310897,11888029751.5962,7.6313628225042,0.310306472181665,81.8951219512195,433481,95.6191711425781,5.737,66.4,75.0,55.8,63.7,47.2,62.4,53.2,79.1,87.8,80.0,60.0,27424.569361970192
Malta,MLT,2015,1.6722,32.1027480550593,11340789705.8045,9.62070302842181,1.10054826378929,81.7975609756098,444220,93.432373046875,5.389,66.5,75.0,56.0,63.1,44.4,61.0,55.6,81.8,88.0,80.0,60.0,25529.669321067264
Malta,MLT,2016,1.3655,23.0840309905395,12025777078.0922,4.07800422216982,0.642702771527304,82.3536585365854,454505,92.2248611450195,4.694,66.7,70.0,55.0,63.9,46.5,61.6,53.5,83.5,88.0,85.0,60.0,26459.064428536978
Malta,MLT,2017,1.5582,299.824774271215,14161374599.3379,12.9713425287845,1.36435448150708,82.1951219512195,467106,99.5694808959961,4.008,67.7,67.7,53.6,62.8,44.9,62.5,57.2,83.5,87.0,85.0,60.0,30317.26117698745
Malta,MLT,2018,1.5674,452.220863014151,16153785816.8181,7.18921425536917,1.15782362451517,82.2487804878049,483903,100.396072387695,3.956,68.5,68.1,49.9,64.7,51.0,64.0,61.1,78.8,86.9,85.0,60.0,33382.28078110303
Malta,MLT,2019,1.673,198.199646841408,16337788880.578,4.0850557312243,1.6420600176894,82.6585365853659,503912,100.816368103027,4.08,68.6,69.8,50.3,64.2,56.1,67.1,61.3,78.2,86.0,85.0,60.0,32421.90874711854
Malta,MLT,2020,1.6204,191.921868144409,16404655807.6687,-3.45728232537419,0.638544956776712,82.0975609756098,515490,100.112777709961,4.856,69.5,70.5,55.1,64.8,60.0,68.0,61.1,77.1,86.4,85.0,60.0,31823.42200172399
Malta,MLT,2021,1.6274,433.606839879867,19730119030.6198,13.3509818925498,1.49789217934724,82.2585365853659,518150,101.402908325195,3.754,70.2,68.2,55.0,68.6,60.9,67.6,61.8,77.1,84.0,85.0,60.0,38078.00642790659
Malta,MLT,2022,1.7963,114.989519881534,18938869147.0818,2.59276776884379,6.15375621933037,82.2975609756098,531113,101.95467376709,3.471,71.5,87.8,55.8,69.0,54.6,75.5,61.8,78.5,79.2,70.0,50.0,35658.83182501991
Malta,MLT,2023,1.7877,108.735270770721,22625329775.6867,10.6340558017004,5.09396758978883,83.3560975609756,552747,103.027229309082,3.479,67.5,86.9,90.8,69.9,45.9,75.5,62.7,79.3,78.6,70.0,50.0,40932.523877446096
Malta,MLT,2024,1.8083,170.053519530959,25042712191.3281,6.21275996991034,1.65079469283109,82.9560975609756,568847,,3.1,64.5,86.3,55.3,69.6,45.0,77.5,64.4,71.8,79.2,70.0,50.0,44023.63410781475
Malta,MLT,2025,,,27771821560.9411,3.96156139018959,2.36351752252186,,579704,,2.896,66.8,86.2,55.0,70.0,57.5,80.7,65.2,70.5,79.6,60.0,50.0,47906.90000576346
Mauritania,MRT,2001,1.1705,4.39273814893831,1746063557.61355,-0.799493815789347,4.7148963468961,61.662,2678760,20.5369300842285,10.132,48.5,30.0,30.0,51.3,79.7,55.0,,75.7,35.0,50.0,30.0,651.8178401997752
Mauritania,MRT,2002,1.2997,3.78943003870853,1777057481.26043,1.38148396199058,3.8957052575849,62.249,2738655,20.5889301300049,10.201,52.5,30.0,30.0,51.3,79.7,55.0,,77.5,29.0,70.0,50.0,648.8796439348622
Mauritania,MRT,2003,1.363,4.97077585567831,2051147606.73687,6.92826955106302,5.15190150769578,62.805,2802046,21.539270401001,9.911,59.0,30.0,30.0,61.3,72.5,55.0,,76.9,65.0,70.0,70.0,732.017820812674
Mauritania,MRT,2004,1.4867,17.1048404222648,2362501023.24249,4.7327579245203,10.3676233473073,63.369,2868664,22.1136894226074,9.77,61.8,30.0,30.0,76.2,80.5,55.0,,77.3,67.0,70.0,70.0,823.5544571418925
Mauritania,MRT,2005,1.5383,27.6520361298831,2936019525.60241,8.56628724906668,12.1256487185541,63.92,2939059,22.4629497528076,9.59,59.4,30.0,30.0,78.2,70.4,55.0,47.0,76.1,67.0,70.0,70.0,998.9658341674699
Mauritania,MRT,2006,1.6904,3.94434472704714,3919577285.92703,18.3331987597713,6.2410332814282,64.493,3013660,23.1758899688721,9.313,55.7,30.0,30.0,81.7,70.0,36.0,50.5,76.5,62.6,70.0,50.0,1300.603679886593
Mauritania,MRT,2007,1.8808,3.2067650776131,4346212355.02975,-1.96942275160761,7.25410841304887,64.885,3093059,,9.482,53.6,30.0,30.0,75.5,57.4,37.5,50.6,73.9,71.4,60.0,50.0,1405.1501620336858
Mauritania,MRT,2008,2.1028,6.58359348707617,5206437193.80413,-0.331079195278377,7.34663541249786,65.233,3183269,18.5803203582764,9.715,55.2,30.0,31.0,75.4,66.3,39.9,51.9,77.1,70.2,60.0,50.0,1635.5630623123996
Mauritania,MRT,2009,2.0973,-0.0651602023733604,4714595547.75102,0.0978758719728035,2.22092032381779,65.485,3284448,20.0069904327393,10.214,53.9,25.0,26.0,75.4,65.9,53.6,50.2,77.7,75.6,50.0,40.0,1435.430108118935
Mauritania,MRT,2010,2.1069,2.31890567703789,5628878797.98257,2.62022952055378,6.28354087427704,65.661,3390965,20.4244003295898,10.093,52.0,25.0,28.0,75.1,73.4,48.3,52.5,78.0,69.9,30.0,40.0,1659.9636970545464
Mauritania,MRT,2011,2.265,8.70335489423716,6764627745.9033,4.17278328304418,5.68631959575954,65.754,3502811,22.7523097991943,9.976,52.1,25.0,25.0,81.1,73.9,48.3,50.3,77.4,69.9,30.0,40.0,1931.1997552546513
Mauritania,MRT,2012,2.5265,20.6013054045892,6728208836.22143,4.47001318233693,4.90242727217997,65.808,3619034,27.0638964405956,9.864,53.0,25.0,23.0,80.5,71.9,51.3,53.2,75.5,69.9,40.0,40.0,1859.1173324764095
Mauritania,MRT,2013,2.3153,15.5726715114413,7230646063.35983,4.15081318627171,4.12910173783393,65.89,3734318,30.2620419125702,9.926,52.3,25.0,24.0,80.3,74.7,43.3,51.1,75.1,64.8,45.0,40.0,1936.26950446101
Mauritania,MRT,2014,2.6827,7.59717456790627,6615483550.17817,4.27482327130284,3.53436856147324,66.207,3848514,30.6988232872483,10.026,53.2,25.0,23.9,81.7,75.8,38.0,53.1,75.5,69.0,50.0,40.0,1718.9708937470853
Mauritania,MRT,2015,2.757,8.11553090859633,6182303676.55144,5.37633923694936,3.25472688117631,66.498,3965959,31.196307538775,10.104,53.3,25.0,30.0,80.2,59.8,50.5,52.1,76.6,69.0,50.0,40.0,1558.8420547341614
Mauritania,MRT,2016,2.6247,4.23125852970927,6407900701.25829,1.26090922448303,1.47171045650004,66.823,4086657,32.187587041888,10.287,54.8,25.0,30.0,81.6,75.3,48.7,50.7,77.7,69.0,50.0,40.0,1568.0055119033211
Mauritania,MRT,2017,3.809,8.6344151052245,6812472965.33868,6.27054569386574,2.25427651934813,67.088,4210600,31.7565696757394,10.336,54.4,22.5,29.2,81.2,73.2,64.4,57.4,81.9,62.3,50.0,40.0,1617.9340154226666
Mauritania,MRT,2018,4.4355,10.3390200831278,7475471309.52265,4.77217363890155,3.06735996058356,67.419,4337685,35.5293425627344,10.411,54.0,23.9,28.9,75.9,72.8,64.2,59.2,82.4,61.5,50.0,40.0,1723.3780944265548
Mauritania,MRT,2019,4.4862,-11.1917343784634,7894764885.82312,3.14100489264639,2.30009262117937,67.64,4467708,37.5793709898761,10.416,55.7,27.5,30.6,78.0,74.2,61.9,51.5,81.2,62.6,50.0,40.0,1767.0727106209986
Mauritania,MRT,2020,4.6354,11.2330815268832,8260567356.81635,-0.36065738652286,2.3856948845632,66.794,4600131,36.0277030077074,11.051,55.3,32.5,21.9,80.9,76.4,61.7,51.3,79.6,62.6,50.0,40.0,1795.7243732442294
Mauritania,MRT,2021,4.4111,11.6066300912418,9221044666.76483,0.7427154981402,3.56516484650185,66.762,4734874,,11.131,56.1,26.0,21.0,74.3,88.4,59.1,52.8,80.0,63.8,50.0,40.0,1947.4741390720915
Mauritania,MRT,2022,5.0263,14.6574727742887,9562497460.55394,6.7960049994761,9.52526628622843,68.281,4875637,,10.52,55.3,36.9,23.5,75.2,89.4,35.7,48.9,80.3,60.6,50.0,40.0,1961.2816664886948
Mauritania,MRT,2023,4.8274,7.9377630355791,10687541640.1299,6.80949002457973,4.95305034506872,68.484,5022441,,10.37,55.3,36.4,27.7,75.8,90.0,35.3,49.3,78.6,62.0,50.0,40.0,2127.9576285973094
Mauritania,MRT,2024,5.0116,13.2389288029166,10879212033.4823,6.3076021190402,2.49164347481972,68.713,5169395,,10.257,55.3,35.3,22.9,76.0,85.9,34.4,60.3,72.7,63.0,50.0,40.0,2104.5426076905133
Mauritania,MRT,2025,,,11679910946.4371,4.02891976567948,1.54796926167072,,5315065,,10.319,54.9,35.8,23.8,75.8,81.5,38.8,53.6,74.6,60.6,50.0,40.0,2197.510462513083
Mauritius,MUS,2001,2.5836,-0.591895011199452,4675755867.17657,3.3475407273143,5.38934426229508,71.7658536585366,1196287,80.2969284057617,9.14,66.4,70.0,49.0,75.9,84.1,70.0,,68.4,60.2,50.0,70.0,3908.556949274355
Mauritius,MUS,2002,2.6372,0.653687020805774,4906494249.38255,1.61491865862438,6.41933372221149,71.9658536585366,1204621,82.4172286987305,8.205,67.7,70.0,47.0,84.2,84.1,70.0,,70.7,62.8,50.0,70.0,4073.0605305590307
Mauritius,MUS,2003,2.7615,1.0624597935284,5894873919.74797,5.9254454894774,3.92105357558188,72.1170731707317,1213370,85.5775909423828,8.318,64.4,70.0,45.0,84.9,81.5,70.0,,70.5,37.4,50.0,70.0,4858.265755497474
Mauritius,MUS,2004,2.7849,0.208397536162955,6667418752.07307,4.33001985464323,4.71037060105883,72.2658536585366,1221003,86.3435287475586,8.337,64.3,70.0,45.0,85.0,82.9,70.0,,69.6,36.0,50.0,70.0,5460.608001841985
Mauritius,MUS,2005,2.9793,0.635284471239675,6576108447.47531,1.77754302034465,4.93717004981795,72.4321951219512,1228254,88.6331024169922,9.524,67.2,70.0,44.0,84.5,82.0,70.0,76.4,71.4,53.4,50.0,70.0,5354.0297426064235
Mauritius,MUS,2006,3.3223,1.49569053565725,7137710412.93687,4.86554460775534,8.91350105650142,72.4321951219512,1233996,86.6944198608398,9.04,67.4,70.0,41.0,81.7,79.1,74.7,76.8,72.1,59.0,70.0,50.0,5784.224918830263
Mauritius,MUS,2007,3.4143,4.11676096750844,8277474849.95045,5.76380219453068,8.82729272393294,72.5707317073171,1239630,86.7215270996094,8.475,69.4,60.0,42.0,81.3,79.7,73.3,71.7,75.8,80.0,70.0,60.0,6677.375386163976
Mauritius,MUS,2008,3.4879,3.72960469619135,10127741914.5324,5.4630565042284,9.73228317146887,72.5707317073171,1244121,86.2219161987305,7.17,72.6,60.0,51.0,92.1,81.4,82.0,72.9,75.7,80.6,70.0,60.0,8140.479836392441
Mauritius,MUS,2009,3.4382,2.77058884385344,9264482255.83389,3.36352090607312,2.51609128145113,72.8824390243903,1247429,86.6567001342773,7.257,74.3,60.0,47.0,92.2,80.8,83.3,71.5,71.1,86.8,80.0,70.0,7426.861373139386
Mauritius,MUS,2010,3.6757,4.23808594970717,10144716154.9356,4.39672657214976,2.93236301369857,72.9673170731707,1250400,86.9073104858398,7.654,76.3,60.0,55.0,92.5,83.4,82.2,78.5,71.2,85.6,85.0,70.0,8113.176707402112
Mauritius,MUS,2011,3.6565,3.71075064331171,11677718382.4259,4.14555262561014,6.52249254869341,73.2668292682927,1252404,88.7222900390625,7.447,76.2,60.0,54.0,91.9,80.0,82.0,70.4,76.1,88.0,90.0,70.0,9324.242323104923
Mauritius,MUS,2012,3.7437,4.97804411127418,11832323837.1071,3.51062090167264,3.85216033315983,73.8634146341464,1255882,92.1094389658945,7.472,77.0,65.0,54.0,91.9,83.4,78.7,70.4,78.3,87.9,90.0,70.0,9421.525140982274
Mauritius,MUS,2013,3.8572,2.35929777878695,12434596541.2996,3.39755085220649,3.54329573934839,74.0170731707317,1258927,93.7982864379883,7.322,76.9,70.0,51.0,92.1,81.9,78.2,72.3,75.4,87.9,90.0,70.0,9877.138659588365
Mauritius,MUS,2014,3.9905,3.44327494440095,13230490081.5656,3.85773905280689,3.21769191994684,74.1943902439024,1261208,97.075353264043,7.467,76.5,65.0,53.4,92.2,81.8,74.4,78.0,76.7,88.6,85.0,70.0,10490.331556385307
Mauritius,MUS,2015,3.9907,1.77973545308924,12162211503.0793,3.71766362108832,1.28654970760232,74.3531707317073,1262879,93.9681984718368,7.41,76.4,65.0,52.0,91.9,87.4,78.0,68.2,77.6,88.4,85.0,70.0,9630.5437837507
Mauritius,MUS,2016,4.0649,2.96891288123063,12757680846.5663,3.88576121076034,0.977675134718965,74.3948780487805,1263747,94.4362545563892,6.814,74.7,60.0,54.0,92.0,81.5,77.5,65.0,78.7,88.6,80.0,70.0,10095.122557415605
Mauritius,MUS,2017,4.2071,3.45396863043017,13896938315.2799,3.95441730960265,3.66699702675925,74.5146341463415,1264887,92.5403344955972,6.752,74.7,64.4,44.3,92.0,81.5,78.2,68.8,81.1,88.7,80.0,70.0,10986.703409300515
Mauritius,MUS,2018,4.1718,3.078791712383,14957535715.9696,4.11669369456492,3.2160538314457,74.4163414634146,1265577,91.4171358592572,6.426,75.1,68.7,52.1,91.0,80.7,77.5,66.8,82.9,88.7,80.0,70.0,11818.748061927168
Mauritius,MUS,2019,4.2052,3.03223371830849,14645235204.6176,2.86394938684734,0.405655190309553,74.2358536585366,1265985,93.1354968676317,6.331,73.0,69.5,40.3,92.1,80.3,79.8,60.8,79.4,88.4,80.0,70.0,11568.253339982384
Mauritius,MUS,2020,3.745,1.94246862517576,11566111137.5568,-14.1974358137792,2.5808007718283,74.1770731707317,1266014,89.5019998431496,8.626,74.9,75.8,53.3,91.5,82.1,82.5,60.2,73.8,88.2,80.0,70.0,9135.847737510645
Mauritius,MUS,2021,3.9879,2.24180552669211,11622048696.8129,3.33809084057279,4.02852888157376,73.680243902439,1266334,,7.719,77.0,78.4,55.0,91.6,78.0,83.7,74.6,77.4,88.0,80.0,70.0,9177.711959730135
Mauritius,MUS,2022,4.0499,4.21993412406582,12936444123.3037,8.3424438025047,10.7737512242899,73.5146341463415,1262523,,6.322,70.9,85.6,56.5,91.3,73.4,72.0,69.8,75.9,87.4,80.0,70.0,10246.501745555288
Mauritius,MUS,2023,4.3225,5.39963130399295,14072212290.4596,4.69918189687444,7.05298238454736,73.4121951219512,1248647,,5.571,70.6,87.0,81.4,91.0,70.2,76.0,69.1,73.4,87.8,80.0,70.0,11269.968446213863
Mauritius,MUS,2024,4.4055,4.56067539257877,14938055690.3609,4.94844235250574,3.6045220384796,73.7890243902439,1245779,90.7246586359898,5.548,71.5,86.4,52.3,91.5,74.7,78.9,69.1,66.7,87.4,70.0,70.0,11990.93554343178
Mauritius,MUS,2025,,,16157804491.7614,3.15157395305867,3.67359279962943,,1243741,,5.635,75.0,86.4,53.2,89.8,77.1,82.9,69.3,67.4,87.4,70.0,70.0,12991.293598716615
Mexico,MEX,2001,394.7859,3.77607805696573,796064590549.136,-0.450845253215945,6.36773806235037,72.912,100099099,72.8832092285156,2.627,60.6,50.0,34.0,69.0,85.5,55.0,,69.1,83.0,50.0,50.0,7952.764795107057
Mexico,MEX,2002,400.9452,2.48685750053046,810666116401.915,-0.236588001922641,5.03072733151295,73.106,101548624,75.1482925415039,3.003,63.0,50.0,33.0,68.8,85.5,55.0,,73.2,81.2,50.0,70.0,7983.033983817595
Mexico,MEX,2003,420.7099,2.37188032037657,765549967888.647,1.18554486709559,4.54690012118718,73.308,102978515,78.5541915893555,3.455,65.3,50.0,37.0,68.3,84.7,70.0,,77.0,81.0,50.0,70.0,7434.0746503156215
Mexico,MEX,2004,430.4581,3.06821035154364,819459227375.022,3.56544102622887,4.68840884843143,73.432,104394131,79.7827072143555,3.937,66.0,50.0,36.0,73.3,83.1,70.0,,79.8,81.6,50.0,70.0,7849.667596495649
Mexico,MEX,2005,447.327,2.74220134246066,917571853437.344,2.11324711473297,3.98805714597437,73.627,105811504,80.6305389404297,3.558,65.2,50.0,36.0,74.9,83.7,70.0,61.4,81.1,75.2,50.0,70.0,8671.758917984418
Mexico,MEX,2006,463.9485,2.16893035275929,1020265057882.01,4.80501351664901,3.62946762439132,73.746,107253666,82.7013931274414,3.566,64.7,50.0,36.0,78.4,82.1,79.7,62.0,81.3,57.4,50.0,70.0,9512.635753467019
Mexico,MEX,2007,470.8833,2.81398718042151,1102355554880.44,2.0778639395329,3.96684905458235,73.796,108774360,84.0887069702148,3.628,66.0,50.0,35.0,82.2,83.4,83.5,61.7,77.0,77.6,50.0,60.0,10134.332712970592
Mexico,MEX,2008,472.3027,2.56307995857491,1161553459984.65,0.943331872912935,5.12498274575896,73.695,110374288,86.0763092041016,3.874,66.2,50.0,33.0,83.4,83.7,82.9,61.9,77.7,79.0,50.0,60.0,10523.7685427665
Mexico,MEX,2009,461.5756,2.08311648643152,943437414950.633,-6.29525056697287,5.29735584228856,73.628,111999721,85.9423217773438,5.356,65.8,50.0,35.0,83.4,81.8,80.3,59.8,77.5,80.2,50.0,60.0,8423.569331486398
Mexico,MEX,2010,476.9429,2.76223720236461,1105424238651.95,4.9713345832195,4.15672722680174,73.718,113623895,87.2729263305664,5.303,68.3,50.0,36.0,83.5,85.2,83.0,61.9,76.3,82.0,65.0,60.0,9728.80078307428
Mexico,MEX,2011,486.535,1.9442261568419,1229013703416.76,3.44404505297089,3.40737824605742,73.921,115243504,88.3800888061523,5.175,67.8,50.0,33.0,81.3,83.1,87.3,60.9,75.7,81.2,65.0,60.0,10664.494403231265
Mexico,MEX,2012,506.2322,1.45258915061197,1255110424741.85,3.55321076010608,4.11150981070289,74.128,116818208,90.6936187744141,4.892,65.3,50.0,31.0,80.7,78.3,82.0,61.3,76.5,72.9,60.0,60.0,10744.133523618597
Mexico,MEX,2013,494.0171,3.83670268116194,1327436290439.27,0.852101550164704,3.80639069747204,74.289,118343573,93.2623062133789,4.921,67.0,50.0,30.0,81.1,79.4,81.4,59.7,77.7,80.6,70.0,60.0,11216.800851866032
Mexico,MEX,2014,480.9122,2.08415748539387,1364507717689.36,2.50376350783593,4.01861608078679,74.404,119784261,97.3196868896484,4.819,66.8,50.0,29.7,80.9,78.9,76.8,58.3,77.4,85.6,70.0,60.0,11391.377350396311
Mexico,MEX,2015,490.4272,2.98783786611186,1213294467653.78,2.70232343024026,2.72064064964023,74.431,121072306,100.982269287109,4.311,66.4,50.0,34.0,77.8,78.0,71.5,59.9,77.6,85.6,70.0,60.0,10021.238611361545
Mexico,MEX,2016,496.4682,3.49768027047347,1112233497452.7,1.7724932254128,2.8217078474766,74.376,122251351,102.871368408203,3.853,65.2,50.0,35.0,74.9,76.4,70.7,58.2,77.4,79.2,70.0,60.0,9097.923976747708
Mexico,MEX,2017,500.6875,2.78307493364523,1190721475853.16,1.87172854648381,6.04145724018986,74.261,123400057,105.11018371582,3.419,63.6,58.1,30.0,74.9,76.7,70.7,57.9,78.8,80.0,70.0,60.0,9649.27816729582
Mexico,MEX,2018,478.1534,3.0141785043816,1256300182983.65,1.97208211101069,4.89935015356551,74.301,124573711,105.964653015137,3.275,64.8,58.6,26.9,75.7,78.1,67.5,59.8,79.2,88.0,75.0,60.0,10084.793757036345
Mexico,MEX,2019,493.673,2.29651449559824,1304106204006.27,-0.392690513290532,3.63596142127046,74.53,125762982,105.515609741211,3.477,64.7,59.1,26.3,75.8,78.2,67.8,58.6,75.9,81.4,75.0,60.0,10369.555359352644
Mexico,MEX,2020,439.0381,2.81400875229273,1121064767168.8,-8.35403459379062,3.39683415570006,70.449,126799054,102.58154296875,4.44,66.0,58.3,36.7,76.1,79.3,67.0,58.4,70.9,87.6,75.0,60.0,8841.270749297546
Mexico,MEX,2021,452.7201,2.70530313479407,1316569466833.94,6.04848347173572,5.68920847683753,69.75,127648148,98.3202514648438,4.019,65.5,53.4,39.8,76.1,79.8,65.6,58.2,72.1,81.6,75.0,60.0,10314.050673370835
Mexico,MEX,2022,452.9546,2.67267286267437,1466934724243.38,3.70975708309098,7.8962761916855,73.973,128613117,98.3576583862305,3.256,63.7,47.7,32.0,76.0,78.3,69.2,58.4,73.0,76.6,75.0,60.0,11405.794046989624
Mexico,MEX,2023,475.5955,1.7099038174861,1794410347718.25,3.1067964131456,5.52796087314389,75.069,129739759,102.055458068848,2.765,63.2,47.8,40.0,75.5,77.8,72.4,57.7,70.9,76.8,75.0,60.0,13830.843848864017
Mexico,MEX,2024,475.9921,2.48429388161511,1830489311088.89,1.35057631384696,4.72225588452932,75.264,130861007,103.093322753906,2.678,62.0,46.5,29.0,76.0,77.0,71.2,58.0,68.3,76.8,75.0,60.0,13988.042374524062
Mexico,MEX,2025,,,1832641364775.52,0.561683456144578,3.80668650726485,,131946900,,2.673,61.3,41.1,29.5,75.6,76.5,71.9,57.6,69.3,72.2,75.0,60.0,13889.233962870821
Micronesia,FSM,2001,0.0002,,236387700.0,1.82016351571185,0.502497351294027,64.801,112365,,,,,,,,,,,,,,2103.7484981978373
Micronesia,FSM,2002,0.0002,,237654300.0,0.4432199530481,-0.111442426432945,63.907,112448,,,,,,,,,,,,,,2113.4595546385885
Micronesia,FSM,2003,0.0002,,240949900.0,1.76275629920303,0.126643348208903,64.915,112285,,,,,,,,,,,,,,2145.8778999866413
Micronesia,FSM,2004,0.0002,,235538100.0,-3.19037831026102,2.27669698247304,64.898,111925,85.3729476928711,,,,,,,,,,,,,2104.427965155238
Micronesia,FSM,2005,0.0002,,247000000.0,2.7434627349036,4.25769978210942,64.906,111412,87.2520217895508,,,,,,,,,,,,,2216.996373819696
Micronesia,FSM,2006,0.0002,,250000000.0,-0.413223140495873,4.63737008585635,64.859,110729,,,,,,,,,,,,,,2257.764451950257
Micronesia,FSM,2007,0.0002,,253000000.0,-1.65975103734441,3.30634278002699,64.844,109880,,,,,,,,,,,,,,2302.51183108846
Micronesia,FSM,2008,0.0002,,261000000.0,-2.53164556962025,8.42372566246186,64.849,108936,,,,,,,,,,,,,,2395.902181097158
Micronesia,FSM,2009,0.0002,,277000000.0,1.29870129870129,6.39360257735201,64.865,107957,,,51.7,30.0,30.0,97.4,0.0,59.8,82.3,76.7,81.0,30.0,30.0,2565.83639782506
Micronesia,FSM,2010,0.0002,,292000000.0,1.7094017094017,3.31370963136217,64.892,107540,,,50.6,30.0,30.0,97.5,0.0,59.1,81.8,76.7,81.0,20.0,30.0,2715.26873721406
Micronesia,FSM,2011,0.0002,,308000000.0,3.78151260504202,5.08259403890371,64.969,107698,,,50.3,30.0,30.0,97.6,0.0,58.7,82.4,73.4,81.0,20.0,30.0,2859.8488365614962
Micronesia,FSM,2012,0.0002,,324000000.0,-1.61943319838058,5.01850353045616,65.08,107890,,,50.7,30.0,30.0,97.6,3.9,57.0,83.7,73.4,81.0,20.0,30.0,3003.0586708684773
Micronesia,FSM,2013,0.0002,,314000000.0,-3.70370370370371,1.75232737350762,65.179,108121,,,50.1,30.0,30.0,97.5,0.0,54.1,82.5,76.1,81.0,20.0,30.0,2904.153679673699
Micronesia,FSM,2014,0.0002,6.39534810126582,316000000.0,-2.56410256410257,0.650284891767944,65.294,108396,,,49.8,30.0,30.0,97.5,0.0,51.7,77.9,75.2,81.0,25.0,30.0,2915.2367246023837
Micronesia,FSM,2015,0.0002,,312000000.0,4.3859649122807,-0.2981158373807,65.306,108716,,,49.6,30.0,30.0,93.2,0.0,51.0,79.1,76.9,81.0,25.0,30.0,2869.8627616910117
Micronesia,FSM,2016,0.0002,,327000000.0,1.26050420168067,-1.03746806405349,65.576,109075,,,51.8,30.0,30.0,93.2,0.0,57.5,79.1,82.1,85.6,30.0,30.0,2997.93719917488
Micronesia,FSM,2017,0.0002,,361000000.0,2.07468879668049,0.58225373525489,65.761,109481,,,54.1,30.0,40.7,90.7,0.0,57.8,67.7,83.6,85.6,35.0,30.0,3297.375800367187
Micronesia,FSM,2018,0.0002,,394000000.0,0.406504065040664,1.49840023593737,65.943,109909,,,52.3,5.2,38.8,93.2,7.4,57.6,67.4,83.8,85.6,35.0,30.0,3584.7837756689623
Micronesia,FSM,2019,0.0002,,395000000.0,3.64372469635627,1.92385170787923,66.196,110282,,,51.9,7.6,36.6,92.8,0.0,57.4,71.9,85.8,80.6,35.0,30.0,3581.7268457227833
Micronesia,FSM,2020,0.0002,,372902700.0,-2.05703124999999,0.554594630853174,65.878,110916,,,52.0,30.1,22.3,92.9,0.0,56.9,78.2,82.2,70.8,35.0,30.0,3362.028021205236
Micronesia,FSM,2021,0.0002,,391601900.0,3.09969928290539,3.19128406597466,66.152,111624,,,50.4,16.5,25.0,88.2,0.0,56.2,74.4,82.1,74.8,35.0,30.0,3508.223141976636
Micronesia,FSM,2022,0.0002,,415232900.0,-3.11412501063803,5.40874375479067,66.961,112114,,,61.0,54.3,56.8,80.7,0.0,52.4,81.5,84.3,74.8,35.0,30.0,3703.6668034322206
Micronesia,FSM,2023,0.0002,,442975600.0,1.13097800090873,,67.198,112630,,,62.6,57.7,84.7,91.0,0.0,52.5,82.0,81.5,74.8,35.0,30.0,3933.016070318743
Micronesia,FSM,2024,0.0002,,481121300.0,2.30132923576443,,67.357,113160,,,61.0,64.7,56.9,84.2,0.0,53.0,72.5,77.6,74.8,35.0,30.0,4251.690526687876
Micronesia,FSM,2025,,,501797600.0,1.0626071425539,,,113683,,,62.2,70.0,56.0,92.1,0.0,54.9,72.5,75.1,75.0,35.0,30.0,4414.007371374788
Moldova,MDA,2001,7.1817,6.98600963880541,1480673594.05602,6.10000039929173,9.76466285757623,67.672,2918135,,7.366,54.9,50.0,26.0,54.5,76.5,55.0,,55.9,76.4,50.0,50.0,507.40407625281904
Moldova,MDA,2002,7.3093,5.05771338869042,1661818168.4226,7.79999965773833,5.30124390261601,67.793,2911385,,6.845,57.4,50.0,26.0,78.2,76.5,55.0,,54.7,76.0,50.0,50.0,570.7998661882918
Moldova,MDA,2003,7.8708,3.72304120351932,1980907434.76826,6.59999995777716,11.7460792058232,67.9,2903198,,6.378,60.0,50.0,31.0,81.3,78.6,55.0,,63.4,80.4,50.0,50.0,682.3190959652976
Moldova,MDA,2004,7.8917,5.81198983204296,2598249555.89984,7.39999973358189,12.5242768428228,68.017,2896023,,6.374,57.1,50.0,21.0,81.5,74.2,55.0,,71.3,80.4,30.0,50.0,897.1784947494684
Moldova,MDA,2005,8.3311,6.38146310288962,2988342907.03096,7.5000001493726,11.9591837222127,68.197,2888985,,5.633,57.4,50.0,24.0,84.5,68.5,55.0,64.8,70.0,77.2,30.0,50.0,1034.391977469928
Moldova,MDA,2006,8.112,7.58980668418465,3408255450.5509,4.79999983670831,12.777755783035,68.423,2880967,,4.26,58.0,50.0,23.0,81.9,66.1,67.4,63.4,68.4,79.4,30.0,50.0,1183.02481442894
Moldova,MDA,2007,8.0256,12.1790254892383,4401173151.93767,3.00000022585525,12.3671668414302,68.674,2874299,,2.749,58.7,50.0,29.0,85.6,62.8,68.1,64.4,68.0,79.4,30.0,50.0,1531.2161859074752
Moldova,MDA,2008,7.9275,12.0005134783383,6054824248.24221,7.80000014541523,12.7830472618821,69.0,2868833,,2.097,57.9,50.0,32.0,83.0,56.9,69.3,60.7,67.6,79.2,30.0,50.0,2110.553053538568
Moldova,MDA,2009,7.808,4.85271053589236,5439434271.78807,-6.00000026352828,-0.0627185967109007,69.406,2865213,,3.024,54.9,40.0,28.0,85.3,51.3,70.1,45.1,67.6,81.6,30.0,50.0,1898.4397571098798
Moldova,MDA,2010,8.5049,4.25879212676733,6974982369.60155,7.10000010705836,7.48385086350853,69.876,2862354,87.9811349895035,2.972,53.7,40.0,29.0,85.1,43.0,70.2,42.7,67.5,79.9,30.0,50.0,2436.7993510242095
Moldova,MDA,2011,8.5348,4.43147611475958,8414352020.49442,5.81816614684824,7.68725103356181,70.173,2860699,87.7193726926085,2.677,55.7,40.0,33.0,85.6,48.1,69.5,39.0,77.0,80.2,35.0,50.0,2941.3622406602094
Moldova,MDA,2012,8.3528,2.88432657387508,8709138634.82921,-0.589733954762579,4.54633427355302,70.344,2860324,88.1958686665424,2.189,54.4,40.0,29.0,86.5,38.7,70.0,41.7,74.4,79.0,35.0,50.0,3044.8084324814986
Moldova,MDA,2013,7.4941,2.54698521289676,9496717875.51932,9.0438656074181,4.59787897363136,70.291,2859558,88.3360494330142,1.894,55.5,40.0,29.0,87.2,50.1,69.7,40.9,73.4,80.0,35.0,50.0,3321.043977957195
Moldova,MDA,2014,8.0409,3.67896919655633,9402090137.7423,4.99962585407656,5.08878554625869,70.241,2857815,104.382597025321,1.45,57.3,40.0,29.5,85.8,54.4,70.1,37.9,75.0,80.1,50.0,50.0,3289.957585687772
Moldova,MDA,2015,8.2992,2.89663554883048,7797667196.73087,-0.338235622387202,9.67624033101859,70.118,2835978,105.06970563726,1.781,57.5,40.0,35.0,85.1,51.8,66.8,40.6,76.1,79.8,50.0,50.0,2749.5513705433787
Moldova,MDA,2016,8.4234,1.09561343852844,7980917075.7748,4.64601436259409,6.35930898037931,70.179,2803186,106.047154912204,1.591,57.4,40.0,35.0,85.4,55.6,64.6,39.3,76.0,73.6,55.0,50.0,2847.08794770479
Moldova,MDA,2017,8.3058,1.5715119911375,9514404016.20949,4.17561205106279,6.57022997455604,70.375,2755189,94.3536367146469,1.622,58.0,49.6,28.6,86.1,54.8,65.9,38.9,72.0,80.0,55.0,50.0,3453.2672772029396
Moldova,MDA,2018,8.8624,2.75177990255296,11252353420.8798,4.07559546585034,3.04505397337058,70.236,2707203,95.915919225487,1.239,58.4,53.5,26.6,85.3,56.7,66.0,39.9,73.2,78.3,55.0,50.0,4156.449819566468
Moldova,MDA,2019,9.1101,4.44218297010915,11736797054.6965,3.5523140853476,4.83778351428729,70.181,2664224,95.6507638474012,1.502,59.1,55.2,25.4,85.4,59.1,67.0,39.0,73.5,78.0,55.0,50.0,4405.334181621553
Moldova,MDA,2020,8.8484,1.35047634241375,11530746234.4492,-8.27597831976949,3.76597122245358,69.914,2635130,96.1733374702658,1.206,62.0,60.5,37.2,86.1,71.6,68.1,37.0,72.0,78.0,55.0,50.0,4375.778893052411
Moldova,MDA,2021,9.6527,2.8200678267721,13691869264.0794,13.9299997889786,5.10641129002836,68.991,2595809,96.5853430388789,0.794,62.5,60.6,38.7,94.0,71.0,66.2,39.2,71.5,76.8,55.0,50.0,5274.605821953541
Moldova,MDA,2022,8.2882,4.03446735088075,14525337523.7271,-4.64785101037361,28.7372976766236,71.546,2528654,97.6136725974109,0.909,61.3,55.9,34.7,94.1,68.1,64.2,46.4,72.4,76.6,55.0,50.0,5744.296184344359
Moldova,MDA,2023,8.2074,2.15951089914844,16711906746.2133,1.18802067937429,13.41701043813,71.198,2457783,97.8896863952854,1.57,58.5,37.9,29.8,93.4,64.4,60.2,46.6,71.2,75.6,55.0,50.0,6799.585946445761
Moldova,MDA,2024,8.2081,2.51754698286646,18206842140.7615,0.270670455512573,4.67773516007048,71.332,2402306,99.3439166347193,1.427,57.1,39.2,39.1,93.0,61.3,61.0,47.7,56.3,76.0,55.0,50.0,7578.90216348854
Moldova,MDA,2025,,,20351796275.2943,2.41649734575068,7.75904124001159,,2360527,,1.505,58.3,40.2,43.4,92.8,59.5,66.2,49.1,59.4,77.2,55.0,50.0,8621.717216237857
Mongolia,MNG,2001,9.0123,4.9684623527528,1267997934.3125,2.95271054338117,6.27736020484006,63.3917073170732,2417751,69.4697723388672,6.111,56.0,50.0,43.0,64.5,47.1,55.0,,69.6,75.0,50.0,50.0,524.4534835524832
Mongolia,MNG,2002,9.658,5.56733962619427,1396555719.97409,4.73297846590111,0.91707468718427,63.540243902439,2449027,74.5482330322266,6.2,56.7,50.0,43.0,64.1,54.4,55.0,,72.5,71.0,50.0,50.0,570.2492132484003
Mongolia,MNG,2003,9.3625,8.24548473819777,1595297355.78349,7.00463457384886,5.12899499422419,63.5753658536585,2480374,82.2682495117188,6.768,57.7,50.0,43.0,61.8,50.8,55.0,,83.7,75.0,50.0,50.0,643.1680689216586
Mongolia,MNG,2004,9.577,4.66450219552693,1992066808.09598,10.6254059599309,8.24115449417619,64.630243902439,2508412,88.4728012084961,6.851,56.5,50.0,43.0,59.4,43.8,55.0,,82.0,75.0,50.0,50.0,794.1545520018162
Mongolia,MNG,2005,11.1291,7.43499550055971,2523471601.10421,7.25366543796015,12.7165674066053,65.2807317073171,2536407,92.1028823852539,7.015,59.7,50.0,43.0,73.6,40.1,55.0,70.4,87.6,77.0,50.0,50.0,994.9001091324105
Mongolia,MNG,2006,12.7174,7.18968945819168,3414055661.61598,8.55623481664365,5.09516661663157,65.9021951219512,2567168,92.3052825927734,7.193,62.4,30.0,30.0,76.9,46.6,73.3,70.8,79.5,77.0,70.0,70.0,1329.8917957905287
Mongolia,MNG,2007,13.2104,8.80188727419921,4234999703.90059,10.2480163590057,9.63096309630964,66.5934146341464,2601850,,7.2,60.3,30.0,30.0,72.8,54.1,70.8,70.9,74.9,80.0,60.0,60.0,1627.6878774335914
Mongolia,MNG,2008,13.206,15.02161500005,5623216608.04288,8.90036794067551,27.9556650246306,67.2460975609756,2643201,,5.565,63.6,30.0,28.0,85.0,71.7,72.2,69.5,78.2,81.4,60.0,60.0,2127.426785947372
Mongolia,MNG,2009,13.9287,13.6044846187851,4583850367.88972,-1.26859893608282,7.6195059351941,67.9690243902439,2691115,98.5075302124023,5.86,62.8,30.0,30.0,81.3,69.9,71.0,67.7,76.7,81.2,60.0,60.0,1703.3275679001902
Mongolia,MNG,2010,14.9057,23.5263365544641,7189481998.90094,6.3651616786311,10.0462065881651,68.5056097560976,2738622,91.1776885986328,6.549,60.0,30.0,30.0,81.9,56.7,69.0,75.9,66.5,79.8,50.0,60.0,2625.2188140243306
Mongolia,MNG,2011,16.236,43.9121127615061,10409797377.8571,17.2907775869555,8.41121495327101,69.109268292683,2786317,,4.769,59.5,30.0,27.0,83.3,49.6,67.7,74.1,73.6,79.8,50.0,60.0,3736.042014550785
Mongolia,MNG,2012,17.6595,34.7559826095308,12292770631.565,12.3198198494032,14.3303348325838,69.500243902439,2839705,,3.905,61.5,30.0,27.0,88.5,62.8,67.7,74.5,74.3,79.8,50.0,60.0,4328.890019056557
Mongolia,MNG,2013,19.1791,16.3700755246398,12582122604.2577,11.6489161878925,10.4906567588241,70.0980487804878,2899011,,4.231,61.7,30.0,27.0,82.5,62.6,70.4,79.2,75.6,79.8,50.0,60.0,4340.143105444477
Mongolia,MNG,2014,19.5303,2.7625883357052,12226514668.0622,7.88522548204762,12.2539808129759,70.5831707317073,2963113,,4.798,58.9,30.0,28.2,81.8,39.1,71.8,81.1,72.4,74.7,50.0,60.0,4126.239758005247
Mongolia,MNG,2015,18.0259,0.811709460633853,11619892590.6941,2.37983580731722,5.73568281938327,70.810243902439,3026864,,4.861,59.2,30.0,38.0,83.9,35.6,68.2,82.7,69.2,74.8,50.0,60.0,3838.9212698998367
Mongolia,MNG,2016,19.1168,-37.1726532341221,11181350649.3573,1.48978448679577,0.733272227314397,70.2239024390244,3088856,,7.235,59.4,30.0,39.0,84.4,51.5,67.7,77.9,68.0,70.0,45.0,60.0,3619.900263837906
Mongolia,MNG,2017,21.0753,13.0160280600797,11480847740.736,5.63687638694772,4.30143105302342,70.5434146341463,3148917,,6.359,54.8,51.3,36.8,87.1,57.6,67.2,76.6,72.3,74.9,45.0,60.0,3645.967086695521
Mongolia,MNG,2018,22.9567,14.8088797144773,13178094720.4986,7.74488062024881,6.82424790145522,70.8270731707317,3208189,91.2949725153641,5.377,55.7,51.0,34.8,88.4,57.1,67.0,75.6,79.1,75.9,45.0,60.0,4107.642885284688
Mongolia,MNG,2019,25.3355,17.1989395200126,14206359017.5143,5.60224422064255,7.30106953550729,71.0531707317073,3267673,88.7463471502002,9.024,55.4,48.2,29.8,88.5,63.1,66.0,75.0,77.8,75.8,50.0,60.0,4347.546103148724
Mongolia,MNG,2020,22.5155,12.9130799939653,13312981429.0891,-4.55775197583431,3.7237230614026,71.3490243902439,3327204,95.3826370696027,6.413,55.9,50.3,36.9,87.4,66.6,63.6,75.7,74.2,74.0,50.0,60.0,4001.2519307770426
Mongolia,MNG,2021,24.8887,14.217731942267,15286441737.6686,1.63676957736662,7.35894657888155,71.6451219512195,3383741,98.3276220923038,7.871,62.4,48.1,37.4,89.9,71.5,61.9,74.4,73.4,74.6,50.0,50.0,4517.615780187845
Mongolia,MNG,2022,24.9553,14.6053065112102,17146471713.748,5.0327096366527,15.1509728200805,71.9007317073171,3433748,93.5508272676123,5.954,63.9,48.8,37.0,89.2,68.2,66.5,67.5,76.0,74.4,50.0,50.0,4993.514874634947
Mongolia,MNG,2023,27.1526,11.0581069914836,20325121393.9074,7.4221127615025,10.347583131434,72.1224390243902,3481145,96.8181201904352,5.178,61.7,48.7,55.8,88.2,64.1,66.4,67.5,74.1,74.2,50.0,50.0,5838.6310808390335
Mongolia,MNG,2024,27.6578,11.6924984371367,23794540024.5132,5.12204539122661,6.1977990165842,72.3980487804878,3524788,,5.158,60.6,48.8,34.8,84.0,62.0,68.0,67.5,67.9,74.4,50.0,50.0,6750.630115772409
Mongolia,MNG,2025,,,25369107325.4549,6.84391415938607,8.60536487369695,,3568978,,5.233,62.6,49.7,35.5,85.7,72.6,67.9,68.1,68.8,74.4,50.0,50.0,7108.22743246243
Montenegro,MNE,2001,,,1159869245.92513,1.09984092979461,,73.5801951219512,607389,,30.542,,,,,,,,,,,,1909.5987018617886
Montenegro,MNE,2002,,,1286314054.19177,1.90393612601383,,73.9652195121951,609828,,30.356,46.6,30.0,10.0,89.8,74.8,40.0,,46.8,88.4,10.0,30.0,2109.306319473311
Montenegro,MNE,2003,,,1708196980.68706,2.48265891351525,,74.0557317073171,612267,91.9459609985352,30.39,43.5,30.0,10.0,79.8,89.2,40.0,,34.2,68.4,10.0,30.0,2789.9543511034567
Montenegro,MNE,2004,,,2077046941.92317,4.42605147138921,,74.2056097560976,613353,90.45458984375,30.342,,,,,,,,,,,,3386.3809941798118
Montenegro,MNE,2005,,,2258016379.81634,4.18060206704946,,73.9829268292683,614261,91.0373306274414,30.31,,,,,,,,,,,,3675.988512727228
Montenegro,MNE,2006,,,2719979875.03411,8.56641991756757,2.92451258123648,73.8390243902439,615025,92.1242370605469,24.815,,,,,,,,,,,,4422.551725595074
Montenegro,MNE,2007,,25.453787034117,3682586459.42836,7.13755016459636,4.34712215656112,74.3390243902439,615875,92.5225219726562,19.4,,,,,,,,,,,,5979.438131809799
Montenegro,MNE,2008,,21.3903064495909,4559410049.1032,6.89860030860218,8.75872769588798,75.1365853658537,616969,93.0311737060547,17.15,,,,,,,,,,,,7390.014812905024
Montenegro,MNE,2009,,37.2748764793099,4159063347.27246,-5.99444862538753,3.46672373207793,75.1439024390244,618294,95.6065979003906,19.09,58.2,40.0,33.0,89.1,45.3,68.7,57.2,78.9,80.2,40.0,50.0,6726.675897344079
Montenegro,MNE,2010,,18.3288877062171,4136936243.54334,2.77559782547836,0.654946570148479,75.990243902439,619428,98.99609375,19.649,63.6,40.0,34.0,90.0,54.4,70.1,86.4,73.2,83.2,55.0,50.0,6678.639395609079
Montenegro,MNE,2011,,12.3507044573445,4507127584.90565,3.40978812497193,3.4501431124869,76.0829268292683,620345,93.1708908081055,19.759,62.5,40.0,39.0,89.4,28.6,71.3,92.3,76.0,83.6,55.0,50.0,7265.517711766275
Montenegro,MNE,2012,,15.1805619585204,4071828832.31109,-2.48732882965353,4.14524724981119,76.3,621418,92.6130599975586,19.808,62.5,40.0,37.0,91.3,31.7,69.2,86.1,81.2,83.6,55.0,50.0,6552.4797033737195
Montenegro,MNE,2013,,10.0960470508044,4422097042.14762,3.38612548540247,2.20589268141178,76.490243902439,622587,,19.585,62.6,40.0,40.0,92.4,41.5,72.7,71.4,79.9,83.0,55.0,50.0,7102.777671470204
Montenegro,MNE,2014,,10.8522505113394,4579635403.65249,2.37030892464516,-0.710514051710227,76.3390243902439,623744,,18.054,63.6,40.0,37.8,92.5,42.6,77.6,68.6,78.6,83.1,65.0,50.0,7342.171473637405
Montenegro,MNE,2015,,17.4489134239704,4010884106.80136,2.52306333975571,1.54869158222486,76.6024390243903,624651,91.863410949707,17.555,64.7,40.0,44.0,92.6,36.7,77.1,77.5,79.7,84.8,65.0,50.0,6421.000057314181
Montenegro,MNE,2016,,5.2026187262712,4357467226.269,3.4393056210999,-0.271385023385176,76.5414634146342,625353,90.5575180053711,17.732,64.9,40.0,42.0,91.6,39.8,76.6,72.0,82.6,84.8,70.0,50.0,6968.012028836513
Montenegro,MNE,2017,,11.6708896898026,4803964684.21648,3.21668504736274,2.3802359905313,76.6853658536585,625982,90.6022262573242,16.082,62.0,58.0,43.4,83.1,33.1,72.0,67.4,82.5,84.7,75.0,50.0,7674.285657121898
Montenegro,MNE,2018,,8.93817743395497,5433469310.85184,4.73292113433965,2.611223782638,77.8853658536585,626438,91.4442672729492,15.19,64.3,54.2,38.1,85.2,35.7,72.9,70.9,84.9,84.7,75.0,50.0,8673.594690698585
Montenegro,MNE,2019,,7.61521877220221,5483622632.13097,4.39391565821528,0.361563704540767,76.6829268292683,626753,91.84033203125,15.128,60.5,55.4,39.5,85.3,32.6,73.3,73.4,81.6,84.7,75.0,50.0,8749.256297346754
Montenegro,MNE,2020,,11.2142250451191,4734192593.29169,-14.9926187023533,-0.255655699848551,75.9317073170732,626590,92.3578720092773,17.878,61.5,59.1,47.5,85.4,32.1,70.8,74.8,80.3,83.8,75.0,50.0,7555.48699036322
Montenegro,MNE,2021,,11.9139900701323,5822908963.58053,13.0462607426359,2.41080198403165,73.8243902439024,625053,93.1638412475586,16.543,63.4,57.8,51.0,83.6,35.3,73.5,78.0,83.4,79.4,75.0,50.0,9315.864356431422
Montenegro,MNE,2022,,13.93925448378,6259721790.0652,7.73954689516201,13.0403036347004,76.1878048780488,623591,92.1609725952148,14.851,57.8,61.3,46.4,83.9,29.5,67.1,61.7,85.6,78.8,75.0,50.0,10038.184948251659
Montenegro,MNE,2023,,6.88011329539607,7643318276.40347,6.47836283518564,8.58476910455403,77.5878048780488,623529,93.8724975585938,13.146,60.9,59.7,41.2,88.2,31.7,67.3,61.6,81.8,79.2,75.0,50.0,12258.160047733898
Montenegro,MNE,2024,,7.24450579243955,8274290505.96367,3.16409886329913,3.33675009282281,77.890243902439,623525,,13.206,59.7,59.0,48.9,88.3,32.4,70.1,62.6,70.7,78.8,75.0,50.0,13270.182440100509
Montenegro,MNE,2025,,,9232801464.79257,2.74455354258522,3.89960910704956,,623129,,13.572,63.8,58.8,48.9,88.7,45.2,70.9,64.4,70.9,79.6,50.0,50.0,14816.838029994704
Morocco,MAR,2001,36.9966,6.44412928365454,43831480207.6444,7.72182519577728,0.619801875297975,67.2,28814643,41.3156585693359,12.46,63.9,50.0,41.0,62.3,82.7,70.0,,87.9,61.0,70.0,50.0,1521.152984878015
Morocco,MAR,2002,38.277,1.02035757811393,47077192187.6418,3.73019737485745,2.79561966936936,67.582,29198142,43.0969085693359,11.59,59.0,30.0,47.0,62.3,69.3,70.0,,86.8,46.0,70.0,50.0,1612.3352022756037
Morocco,MAR,2003,38.1053,3.98561984754306,58029363354.2757,6.17110214953244,1.16773367477592,67.958,29571415,44.651439666748,11.92,57.8,30.0,47.0,62.5,67.9,70.0,,88.9,33.4,70.0,50.0,1962.346521269804
Morocco,MAR,2004,42.829,1.35118647717804,66114145451.0067,4.57138016516208,1.49344403381774,68.272,29953018,47.3964385986328,10.83,56.7,30.0,37.0,63.2,70.4,70.0,,85.7,34.2,70.0,50.0,2207.2615671317894
Morocco,MAR,2005,44.6593,2.42635467647837,68852658068.6673,3.19224973015831,0.982641660015951,68.748,30358144,49.1547889709473,11.01,52.2,30.0,33.0,63.1,73.2,70.0,42.1,82.2,28.6,70.0,30.0,2268.01276351635
Morocco,MAR,2006,45.3821,3.24283497739456,75883823300.8545,7.7908200104027,3.28476166954811,69.157,30771178,52.2258186340332,9.67,51.5,30.0,32.0,63.3,72.8,67.8,31.7,82.1,35.2,70.0,30.0,2466.068192152231
Morocco,MAR,2007,46.0199,3.24999332315429,86947913286.728,3.44106776690418,2.04208512673344,69.62,31186468,55.3458595275879,9.56,56.4,30.0,32.0,63.2,78.1,74.6,31.4,83.2,61.0,70.0,40.0,2788.0012987276405
Morocco,MAR,2008,49.4716,2.42213508852785,101822906949.063,5.68453936284732,3.71484311494064,70.051,31606767,57.666561126709,9.57,55.6,35.0,32.0,65.4,73.2,76.1,31.9,79.8,62.6,60.0,40.0,3221.5540092747547
Morocco,MAR,2009,48.9551,1.94782744330848,101154952240.881,3.74576940136258,0.971862998667636,70.454,32030778,60.7418212890625,8.96,57.7,35.0,35.0,65.1,76.5,76.2,30.8,80.5,68.0,60.0,50.0,3158.0548009442978
Morocco,MAR,2010,52.0418,1.2299824583835,100865329473.44,3.49955709403216,0.993557401226392,70.821,32467016,63.0757983249551,9.09,59.2,40.0,35.0,68.5,81.5,76.1,21.7,78.4,71.2,60.0,60.0,3106.701566705114
Morocco,MAR,2011,56.2785,2.29046840496639,110080631332.375,5.52464523319847,0.9069249096918,71.263,32912588,66.0255284774218,8.91,59.6,40.0,33.0,67.8,74.6,75.7,27.2,76.5,75.8,65.0,60.0,3344.6361414172293
Morocco,MAR,2012,58.5497,2.65758712641507,106937392311.129,3.06234368502997,1.28712240079219,71.674,33355241,68.7358726261435,8.99,60.2,40.0,34.0,69.7,74.8,77.2,27.6,77.9,75.7,65.0,60.0,3206.0146803055327
Morocco,MAR,2013,58.4924,2.9038626404404,115739287305.08,4.12221286860944,1.88065466724086,72.117,33787571,,9.23,59.6,40.0,34.0,71.4,64.3,76.4,30.1,78.9,70.8,70.0,60.0,3425.498900322844
Morocco,MAR,2014,59.4626,2.95925435484489,119130841411.664,2.7192440802029,0.442310053557048,72.522,34204780,,9.7,58.3,40.0,33.3,71.3,64.1,76.2,31.5,78.1,58.8,70.0,60.0,3482.8711487594423
Morocco,MAR,2015,61.1459,2.94611108390154,110413823841.592,4.34458297635238,1.5579071134626,72.894,34607588,,9.46,60.1,40.0,37.0,70.9,61.0,68.8,33.4,81.9,78.2,70.0,60.0,3190.4512918262894
Morocco,MAR,2016,61.011,1.93000540251056,111572947004.917,0.52118550608968,1.63531114327064,73.228,35023457,,9.3,61.3,40.0,39.0,71.5,65.6,66.4,34.3,84.1,81.8,70.0,60.0,3185.663454207762
Morocco,MAR,2017,63.8616,2.26092196120538,118540573367.844,5.05789816173446,0.754663249323619,73.608,35446392,78.2157249451868,9.22,61.5,55.0,37.1,71.7,69.4,67.7,33.8,82.7,84.0,70.0,70.0,3344.2211373119158
Morocco,MAR,2018,65.197,2.78337936840164,127341147581.818,3.06564133025955,1.80391671141896,73.946,35839760,78.470919593794,9.272,61.9,53.8,41.3,70.5,70.5,69.6,36.0,82.3,79.4,65.0,70.0,3553.0692053132607
Morocco,MAR,2019,71.8694,1.33479789567415,128920266409.458,2.89097476137077,0.303386036590383,74.245,36210898,79.3440512967066,9.191,62.9,57.2,39.2,72.2,72.7,70.3,33.1,83.5,77.4,65.0,70.0,3560.261510483888
Morocco,MAR,2020,67.5867,1.16907334587558,121353645057.144,-7.17820744246774,0.705968661338261,73.133,36584208,80.3087996541375,11.189,63.3,66.3,39.2,71.8,72.8,70.4,33.0,77.0,78.6,65.0,70.0,3317.104611288674
Morocco,MAR,2021,73.1296,1.59422321445366,142022058447.231,8.15473889823681,1.40195883962006,73.385,36954442,80.740396321068,10.551,63.3,67.5,39.9,68.3,73.0,72.3,33.2,80.3,70.6,65.0,70.0,3843.166092109603
Morocco,MAR,2022,72.3256,1.74814323662076,131245312804.483,1.81269242194809,6.65704202759067,75.161,37329064,84.4553724029251,9.413,59.2,57.8,41.0,68.2,69.8,64.8,46.4,80.0,68.6,65.0,70.0,3515.9015185723115
Morocco,MAR,2023,70.0459,0.725864122672683,146036093666.762,3.65564411017931,6.09114152504141,75.313,37712505,87.7346312462207,8.896,58.4,57.1,32.8,67.9,72.0,65.3,47.6,78.3,64.4,65.0,70.0,3872.351986874433
Morocco,MAR,2024,70.0409,1.08850441035779,160610994054.734,3.79336515978963,0.985256592004507,75.493,38081173,89.9834863018408,9.103,56.8,57.6,33.9,68.0,68.2,68.5,48.6,71.1,67.4,65.0,70.0,4217.59576719798
Morocco,MAR,2025,,,182374250612.28,4.59524349182247,0.701902154839545,,38430770,,9.0,60.3,58.6,36.9,71.4,67.9,68.9,48.5,74.7,67.2,75.0,75.0,4745.526842482729
Mozambique,MOZ,2001,1.8966,4.52085884679156,5650154067.10346,12.8516820207736,,50.259,18537729,6.66658020019531,2.838,59.2,30.0,35.0,82.6,85.5,55.0,,79.7,65.0,50.0,50.0,304.7921386219132
Mozambique,MOZ,2002,1.9873,5.83542740620485,5950769426.60213,9.66850534669427,,50.879,18958338,8.2307596206665,2.902,57.7,30.0,22.0,82.5,81.3,55.0,,70.8,57.4,70.0,50.0,313.8866617211978
Mozambique,MOZ,2003,2.5256,5.1142557345062,6583526860.58062,7.21770086569656,,51.383,19392475,,2.857,58.6,30.0,22.0,82.4,77.6,55.0,,70.6,50.2,70.0,70.0,339.4887378006479
Mozambique,MOZ,2004,2.7803,5.99090663119619,7937255565.35765,8.20470494788577,,51.855,19840313,10.5598001480103,2.953,57.2,30.0,22.0,80.9,63.9,55.0,,65.9,57.4,70.0,70.0,400.0569731615449
Mozambique,MOZ,2005,2.6658,1.380320098608,8868504899.94673,6.31202378023193,6.42755278070087,52.322,20304569,12.95458984375,3.035,54.6,30.0,27.0,80.9,65.7,55.0,35.2,66.4,66.2,70.0,50.0,436.7738561673843
Mozambique,MOZ,2006,2.8271,2.64086218183932,9509835536.93373,9.91067756782915,13.2450879070999,52.748,20787087,15.2163000106812,3.037,51.9,30.0,28.0,78.1,73.4,44.1,33.1,67.0,65.2,50.0,50.0,457.4876478331826
Mozambique,MOZ,2007,3.244,3.85414645531421,10811456005.9405,7.64935393795867,8.48948675497455,53.255,21287635,17.9137401580811,3.082,54.7,30.0,28.0,78.2,82.7,48.2,32.9,76.5,70.2,50.0,50.0,507.8749239143052
Mozambique,MOZ,2008,3.1494,4.96426075394528,12920340964.6544,6.87802942560995,14.5028053002268,53.799,21819036,20.1720008850098,3.112,55.4,30.0,28.0,78.1,85.2,53.8,32.9,73.6,72.8,50.0,50.0,592.1591111841238
Mozambique,MOZ,2009,3.403,7.58405403589617,12263894790.0125,5.92897187460815,3.78861330914625,54.4,22391745,22.9890193939209,3.207,55.7,30.0,28.0,77.7,76.5,54.2,41.1,75.9,73.4,50.0,50.0,547.6971441936527
Mozambique,MOZ,2010,3.6056,11.0275561357338,11411894723.864,6.67972935662864,12.4255421735156,55.04,22999235,25.1208838457009,3.259,56.0,30.0,26.0,77.6,76.1,58.7,42.0,74.9,74.5,50.0,50.0,496.18583939265807
Mozambique,MOZ,2011,4.2489,25.0623636819297,14619279988.716,7.13405842300445,11.1666056127874,55.733,23649039,26.0157578808472,3.295,56.8,30.0,25.0,77.5,76.5,63.1,39.2,80.3,81.0,45.0,50.0,618.176492867892
Mozambique,MOZ,2012,4.7019,33.767102801243,16688114144.0745,7.9945031610722,2.60245456956618,56.46,24337846,25.6446165136399,3.304,57.1,30.0,27.0,77.1,69.3,66.8,39.7,74.8,81.1,55.0,50.0,685.685748199512
Mozambique,MOZ,2013,5.1174,38.9428653441902,17198073057.1981,6.57141389665537,4.26135250941963,57.189,25051611,34.4439086914062,3.345,55.0,30.0,27.0,76.2,64.5,63.9,37.9,74.7,75.4,50.0,50.0,686.5056725173523
Mozambique,MOZ,2014,5.7908,27.8047100445849,17978246586.0662,7.70256844839309,2.55974875844295,57.965,25788475,33.95458984375,3.377,55.0,30.0,26.2,75.7,64.6,65.2,36.7,80.8,75.5,45.0,50.0,697.1426804441209
Mozambique,MOZ,2015,6.4582,23.8654900431928,16208985769.615,7.3930936986377,3.55075967356746,58.711,26547572,34.5285606384277,3.426,54.8,30.0,30.0,75.2,66.5,60.9,37.9,82.0,75.4,40.0,50.0,610.5637747065908
Mozambique,MOZ,2016,8.3319,25.9187724637849,12069051237.1711,4.69699024225795,17.4180418197597,59.455,27337105,,3.65,53.2,30.0,31.0,74.3,63.5,55.9,41.9,79.5,70.8,35.0,50.0,441.48973481907103
Mozambique,MOZ,2017,8.3122,17.4831119319856,13264640645.7768,2.63820737310658,15.1132073899384,60.148,28166393,37.2411918640137,3.935,49.9,40.6,30.9,73.2,58.2,58.8,41.0,79.9,76.7,35.0,50.0,470.93856305196056
Mozambique,MOZ,2018,8.0554,11.1741431838994,15017358952.8452,3.48493202422782,3.91133439990729,60.79,29018644,,4.21,46.3,35.4,28.2,70.6,60.7,58.0,37.8,66.7,76.7,35.0,50.0,517.5072602581016
Mozambique,MOZ,2019,8.6293,21.7841914901932,15512759046.672,2.31781394821475,2.80270307928111,61.306,29884380,,4.462,48.6,33.9,28.1,75.5,66.9,57.1,42.0,65.4,78.0,35.0,50.0,519.0925509136212
Mozambique,MOZ,2020,7.9534,22.3944370320025,14235420174.1884,-1.21952250011192,3.48393567493204,61.39,30783688,,5.019,50.5,34.9,23.2,74.1,69.6,55.3,41.7,72.0,78.0,35.0,50.0,462.4338764799202
Mozambique,MOZ,2021,9.1439,32.7522138534006,16168055475.4449,2.37743572761507,6.40847652975692,60.268,31707800,,5.413,51.6,29.5,23.8,74.8,71.4,55.2,42.0,77.1,70.8,35.0,50.0,509.90782947555175
Mozambique,MOZ,2022,10.8972,16.0036980555879,18884232598.8698,4.3693080193804,10.2794018093421,63.011,32656246,,6.789,51.3,31.9,26.3,72.2,70.3,36.7,47.4,78.8,70.6,35.0,50.0,578.2732221845034
Mozambique,MOZ,2023,10.719,12.8228717557759,20927498317.3094,5.50384456650241,7.12697482131851,63.611,33635160,,6.661,52.5,31.2,44.6,75.3,70.6,36.1,47.8,76.1,70.8,35.0,50.0,622.1911332459664
Mozambique,MOZ,2024,10.1127,15.4210115464394,22752244245.473,2.14892499135355,4.07856834812022,63.797,34631766,,6.668,50.7,31.1,25.4,74.1,69.2,36.3,47.7,71.9,70.6,40.0,50.0,656.9761485877734
Mozambique,MOZ,2025,,,22337997046.1913,-0.523485382072337,4.3684695014615,,35631653,,6.628,50.7,31.6,24.9,75.4,68.8,37.3,47.7,72.3,74.0,40.0,40.0,626.9144192157265
Namibia,NAM,2001,2.4506,10.6634799262844,3557341215.15159,1.17794869467917,,51.98,1857048,67.4832611083984,21.009,64.8,70.0,53.0,63.1,69.3,70.0,,77.1,61.0,70.0,50.0,1915.5892659487477
Namibia,NAM,2002,2.1315,4.40514414376661,3349169826.38896,4.7886612188211,,51.988,1889970,66.1111907958984,21.538,65.1,70.0,54.0,65.6,69.3,70.0,,76.2,61.0,70.0,50.0,1772.0756553749318
Namibia,NAM,2003,2.2752,1.32166219939022,4926439383.51425,4.23979429582137,7.1361531145863,51.918,1917464,65.2594223022461,22.104,67.3,70.0,54.0,65.7,62.0,70.0,,75.8,68.0,70.0,70.0,2569.2473931788286
Namibia,NAM,2004,2.3976,3.38257441805413,6609205994.77406,12.2695481036769,4.13663213144748,52.175,1942082,64.5331420898438,22.09,62.4,70.0,57.0,67.1,61.3,70.0,,74.4,62.2,50.0,50.0,3403.154961929548
Namibia,NAM,2005,2.5696,5.37845791807398,7248374837.72056,2.52926265819022,2.28194607024307,52.557,1966582,63.1600494384766,22.108,61.4,30.0,47.0,67.8,63.3,70.0,86.6,71.7,77.8,50.0,50.0,3685.7729999158746
Namibia,NAM,2006,2.5301,7.62577614409133,8001779551.06323,7.07317531845825,4.96116689298916,53.183,1991888,62.1227416992188,21.848,60.7,30.0,41.0,62.4,59.4,74.4,86.5,75.1,77.8,50.0,50.0,4017.1834716928006
Namibia,NAM,2007,2.5986,7.57033929521728,8839536475.99963,5.37404415167634,6.54788141101717,54.026,2018600,62.7577209472656,22.12,63.5,30.0,43.0,67.8,64.9,75.7,86.1,78.7,89.0,40.0,60.0,4379.043136827321
Namibia,NAM,2008,2.9642,8.71835372051848,8607431497.49471,2.64981203780268,9.0946430719281,54.74,2047056,,22.005,61.4,30.0,41.0,67.9,71.0,74.2,86.2,76.8,87.4,30.0,50.0,4204.785554227491
Namibia,NAM,2009,3.0555,9.27473594549885,8938847189.07592,0.295970914001089,9.45172651521705,55.347,2077394,,22.271,62.4,30.0,45.0,67.2,69.7,74.4,85.0,74.6,88.4,40.0,50.0,4302.913741483763
Namibia,NAM,2010,2.6845,2.51525326747705,11431412421.1316,6.03924947955858,4.8749198764395,56.093,2109811,68.0998401813149,22.12,62.2,30.0,45.0,68.3,69.5,73.3,87.2,71.0,87.8,50.0,40.0,5418.216333658133
Namibia,NAM,2011,2.8464,6.41681322346953,12523359440.5499,5.09133813864338,5.005595180812,56.647,2146325,72.4541177178611,19.481,62.7,30.0,45.0,67.9,74.8,72.9,84.6,70.9,86.4,55.0,40.0,5834.791767579421
Namibia,NAM,2012,2.9916,7.98613044962652,13042053591.6857,5.0616820696264,6.72199777334886,57.733,2194654,74.2465574610051,16.771,61.9,30.0,44.0,65.7,73.0,70.8,85.0,74.4,86.5,50.0,40.0,5942.646809786736
Namibia,NAM,2013,3.1042,6.45232765797467,12043307277.1235,5.61471962254485,5.60092502290401,58.468,2252508,76.142480002464,19.028,60.3,30.0,44.0,66.4,71.5,68.4,76.7,74.9,81.5,50.0,40.0,5346.621311499671
Namibia,NAM,2014,3.206,3.58316691192793,12435430969.6301,6.09251915977956,5.35016966859602,59.311,2312139,76.7595646559311,18.521,59.4,30.0,44.2,66.9,58.8,64.4,81.9,75.0,82.9,50.0,40.0,5378.323262412035
Namibia,NAM,2015,3.5661,7.40068055968424,11335161083.5061,4.26417453763675,3.39401538410559,60.008,2374300,78.2608012276393,20.791,59.6,30.0,48.0,66.7,56.0,64.3,90.9,74.3,71.2,55.0,40.0,4774.106508657752
Namibia,NAM,2016,3.8987,3.34570437311555,10722018732.0936,0.0337944502063294,6.72858234593338,60.81,2439213,79.2606097203135,23.352,61.9,30.0,49.0,64.4,63.9,68.2,84.5,75.1,83.4,60.0,40.0,4395.68776162377
Namibia,NAM,2017,3.7537,2.17505730200543,12895153370.9132,-1.02724808856709,6.14579981111164,61.661,2506853,79.5334606379175,21.748,62.5,53.8,41.3,65.2,55.6,67.6,84.4,77.2,83.5,65.0,40.0,5143.96072323076
Namibia,NAM,2018,3.8098,1.71299808328534,13682019076.4022,1.05993949860752,4.29159105337875,62.579,2577327,78.8626899009705,19.877,58.5,56.6,45.4,63.0,50.4,67.5,85.5,74.8,83.3,65.0,40.0,5308.6081340870605
Namibia,NAM,2019,3.8576,-1.40710628631611,12541928303.48,-0.839152163419357,3.72239414422695,63.546,2650494,79.0125016773938,19.929,58.7,55.9,49.8,66.5,48.9,65.8,85.1,74.4,83.0,65.0,40.0,4731.921031883113
Namibia,NAM,2020,3.5444,-1.41889955275348,10583748541.5258,-8.10140201443319,2.20938236933469,64.071,2728762,82.8872992484077,21.003,60.9,58.9,46.0,65.7,58.1,65.6,84.9,75.9,83.2,65.0,40.0,3878.589829939658
Namibia,NAM,2021,3.7053,6.77514897706551,12402486183.6396,3.60382919248703,3.61690530108814,60.85,2810548,83.3329528489539,20.931,62.6,57.1,47.4,67.5,57.4,65.6,85.2,77.2,71.2,65.0,40.0,4412.8355693052035
Namibia,NAM,2022,3.5799,8.40166893779959,12569449123.3661,5.3987247803654,6.08128114112413,64.19,2889662,81.8163691171532,19.615,59.2,63.8,53.9,72.3,56.5,55.4,63.4,79.0,71.2,65.0,40.0,4349.799084933152
Namibia,NAM,2023,3.6138,18.3227426104295,12522012873.7957,4.32498048866805,5.87993463284275,67.385,2963095,81.6173009252032,19.154,57.7,64.0,67.2,72.0,53.0,56.0,63.3,78.5,71.8,65.0,40.0,4225.991024181034
Namibia,NAM,2024,3.6498,14.1844922069439,13641190683.4641,3.77851723267591,4.23903922877036,67.516,3030131,81.9566828199727,19.157,57.5,63.9,50.6,72.2,54.2,55.6,63.3,75.7,72.0,65.0,40.0,4501.848495482242
Namibia,NAM,2025,,,15080340653.5276,1.73018153842335,3.51074539609587,,3092816,,19.291,58.7,65.0,51.2,69.4,57.9,61.9,62.9,74.9,70.0,50.0,40.0,4875.92558158248
Nepal,NPL,2001,3.6551,0.347091875363344,6007055042.17687,4.79989214255407,2.6883037354563,63.288,24946748,37.3896903991699,10.502,51.6,30.0,10.0,84.0,88.0,55.0,,69.8,67.8,30.0,30.0,240.7951145446641
Nepal,NPL,2002,2.9843,-0.0983748686510898,6050875806.66403,0.120143177369414,3.02939948714892,63.507,25328981,41.0556297302246,10.593,52.3,30.0,10.0,84.0,89.2,55.0,,78.2,64.2,30.0,30.0,238.8914029610599
Nepal,NPL,2003,3.3881,0.233443620739643,6330473096.54071,3.94503776051116,5.70700931874738,64.229,25688758,42.0749092102051,10.644,51.5,30.0,10.0,88.8,90.9,55.0,,79.4,49.6,30.0,30.0,246.429706587633
Nepal,NPL,2004,2.9269,-0.0057375573705338,7273938314.71988,4.68260325152944,2.8418113124898,64.744,26016656,,10.652,51.2,30.0,10.0,88.9,88.6,55.0,,77.3,51.4,30.0,30.0,279.58775004442845
Nepal,NPL,2005,3.2758,0.030156295078659,8130258377.90964,3.47918104829496,6.83633265892877,65.275,26309458,45.098201751709,10.59,51.4,30.0,10.0,86.6,91.3,55.0,47.5,77.2,56.4,30.0,30.0,309.0241683393721
Nepal,NPL,2006,2.7125,-0.073509433259411,9043715355.8881,3.36461478056277,6.92033580707589,65.891,26565425,42.5181617736816,10.609,53.7,30.0,28.0,86.6,92.3,62.4,47.1,77.2,53.8,30.0,30.0,340.43179643796776
Nepal,NPL,2007,2.7919,0.0556064154566332,10325618017.379,3.41156027980276,2.26921924439074,66.169,26788492,42.0970306396484,10.642,54.4,30.0,25.0,86.6,92.8,60.7,45.8,81.8,61.4,30.0,30.0,385.4497676606432
Nepal,NPL,2008,3.0854,0.0079321573519278,12545438605.3959,6.10463914373472,9.9078300530648,66.442,26990037,48.0189094543457,10.597,54.1,30.0,25.0,86.5,92.0,60.9,46.3,78.5,61.4,30.0,30.0,464.81739189153024
Nepal,NPL,2009,4.064,0.297715388957693,12854985464.0764,4.5330787246486,11.0948237386987,66.6,27173035,49.2625999450684,10.582,53.2,30.0,25.0,86.3,91.0,60.5,46.9,78.7,63.2,20.0,30.0,473.0787511986203
Nepal,NPL,2010,4.785,0.548294665887946,16002656434.4746,4.81641464694573,9.32650410745395,66.772,27341952,55.5892906188965,10.563,52.7,35.0,27.0,86.6,92.3,59.4,44.7,77.8,58.8,15.0,30.0,585.2784919845737
Nepal,NPL,2011,5.3607,0.435814930594323,21573872420.7008,3.42180870116162,9.2270754612596,67.123,27464494,58.9935111999512,10.627,50.1,30.0,23.0,86.4,88.4,59.2,44.3,73.8,61.4,5.0,30.0,785.5186562221318
Nepal,NPL,2012,6.2251,0.42369151125933,21703100877.1309,4.67014192446953,9.45980980357125,67.364,27534915,63.1414794921875,10.632,50.2,30.0,22.0,86.0,88.1,53.6,45.4,74.9,61.5,10.0,30.0,788.2029371483769
Nepal,NPL,2013,6.2963,0.334712330597339,22162204924.5726,3.52515317129149,9.04016311917645,67.598,27589996,65.4935302734375,10.666,50.4,30.0,22.0,85.8,89.2,57.2,44.3,75.1,60.8,10.0,30.0,803.2695954204778
Nepal,NPL,2014,7.3524,0.133746236524448,22731612922.1906,6.01148284250441,8.36415469659563,67.812,27672370,67.5318298339844,10.62,50.1,30.0,21.3,85.9,89.6,58.5,43.8,76.3,61.0,5.0,30.0,821.4552249117297
Nepal,NPL,2015,7.3221,0.213029527712984,24360801286.7638,3.97605327162971,7.86890895590891,67.374,27823629,68.6131210327148,10.643,51.3,30.0,31.0,85.6,88.9,65.7,44.3,70.5,61.8,5.0,30.0,875.5436354748621
Nepal,NPL,2016,10.764,0.432212944008614,24524109483.5293,0.433113719381524,8.7903433200464,68.444,27955462,71.7744979858398,10.714,50.9,30.0,29.0,85.1,91.1,64.9,47.3,70.8,55.6,5.0,30.0,877.2564546967351
Nepal,NPL,2017,13.1998,0.677439884182991,28971588940.364,8.97727935643466,2.77703998300211,68.74,28011258,74.4113311767578,10.66,55.1,37.3,26.7,84.9,89.5,64.6,47.6,72.2,68.1,10.0,30.0,1034.2837490684637
Nepal,NPL,2018,14.9259,0.206157201926214,33111525237.149,7.62237610397933,4.40659410175714,69.036,28079689,,10.593,54.1,37.5,24.6,84.2,87.6,64.6,43.5,65.8,66.6,10.0,30.0,1179.1984319038932
Nepal,NPL,2019,13.4612,0.542801979747667,34186180699.0255,6.65705543110468,5.56616035243723,69.299,28414064,80.2800521850586,10.477,53.8,39.2,26.2,84.0,83.7,61.8,47.9,69.4,60.4,10.0,30.0,1203.142947064014
Nepal,NPL,2020,16.4562,0.378739091402959,33433659301.2466,-2.3696206292072,5.05635826238499,69.106,28966574,85.3101577758789,13.037,54.2,40.7,31.5,83.4,77.9,61.6,53.7,71.2,60.4,10.0,30.0,1154.215175783184
Nepal,NPL,2021,17.383,0.531690906776232,36924841394.2605,4.838149614115,4.12676744440695,68.385,29475010,83.9220209713597,12.241,50.7,38.1,33.8,83.2,73.2,61.5,53.6,71.6,57.6,10.0,30.0,1252.7507673198584
Nepal,NPL,2022,15.0454,0.160405405048333,41182939519.8161,5.6313145568451,7.6702057938028,70.087,29715436,84.1026475876285,10.661,49.7,37.4,33.8,82.6,77.2,60.2,51.5,70.0,57.6,10.0,30.0,1385.9106600292218
Nepal,NPL,2023,15.432,0.18227214989517,41049329851.0546,1.98254843461849,7.11587261530826,70.354,29694614,89.8898815141438,10.437,51.4,37.6,43.4,85.0,77.2,60.1,51.5,71.8,57.8,10.0,30.0,1382.3830089542366
Nepal,NPL,2024,15.8919,0.131412557108071,43298911699.9284,3.67787459697703,4.6850965426577,70.636,29651054,90.3878462155916,10.5,52.1,37.7,35.6,84.3,78.1,60.5,48.2,70.0,58.2,10.0,30.0,1460.2823798414854
Nepal,NPL,2025,,,45489810283.1132,4.43073194983359,2.65334269811436,,29618118,,10.465,52.5,38.3,39.4,83.6,79.5,64.7,48.3,68.2,58.4,10.0,30.0,1535.877812463074
Netherlands,NLD,2001,181.4569,12.0218639579935,432536219668.898,2.32358454925847,4.15584127195612,78.190243902439,16046180,123.443389892578,2.119,73.0,90.0,90.0,38.4,25.0,70.0,,85.7,78.0,90.0,90.0,26955.71280322781
Netherlands,NLD,2002,181.8328,5.359292335364,475529972122.746,0.24582951723049,3.28753104712766,78.2926829268293,16148929,120.754852294922,2.554,75.1,90.0,89.0,43.6,39.3,70.0,,84.6,79.6,90.0,90.0,29446.53308728684
Netherlands,NLD,2003,184.2851,3.5122237802764,582435617081.96,0.0978549395212411,2.09199838997655,78.4926829268293,16225302,119.909339904785,3.593,74.6,90.0,88.0,44.1,35.4,70.0,,82.8,81.4,90.0,90.0,35896.75046307058
Netherlands,NLD,2004,186.7527,21.160832133529,661224886143.245,2.01628331561487,1.26364739183177,79.0951219512195,16281779,116.909530639648,4.646,74.5,90.0,90.0,45.2,32.3,70.0,,83.2,79.8,90.0,90.0,40611.34143530906
Netherlands,NLD,2005,182.1833,30.5011693880359,688133699635.797,2.03401576512488,1.6881301786962,79.3463414634146,16319868,117.553810119629,5.872,72.9,90.0,89.0,45.7,28.0,70.0,61.5,84.8,80.2,90.0,90.0,42165.396168387946
Netherlands,NLD,2006,177.6801,50.9095810861305,737593995289.411,3.53729585853395,1.10150106517709,79.6975609756098,16346101,118.427619934082,5.007,75.4,90.0,87.0,48.0,29.1,87.5,62.9,86.6,82.4,90.0,90.0,45123.54324064258
Netherlands,NLD,2007,178.8628,85.9785548363802,853499460872.552,3.88542348324803,1.61385859802102,80.0975609756098,16381696,119.842338562012,4.153,75.5,90.0,86.0,48.8,34.9,88.4,62.7,87.2,86.6,90.0,80.0,52100.799628594745
Netherlands,NLD,2008,179.9447,20.4123384575226,957901566041.406,2.11674514240192,2.48650198289457,80.2512195121951,16445593,121.511627197266,3.658,77.4,90.0,87.0,51.6,38.2,88.0,65.8,86.9,86.0,90.0,90.0,58246.702690587445
Netherlands,NLD,2009,174.7536,23.1185529746283,878954223140.234,-3.66528147002826,1.18977687021548,80.5487804878049,16530388,122.74600982666,4.352,77.0,90.0,90.0,50.9,36.2,86.5,63.3,87.0,85.8,90.0,90.0,53172.026158141845
Netherlands,NLD,2010,186.1211,6.47724170250418,852464982433.335,1.31935287897116,1.27530569556679,80.7024390243902,16615394,124.569526672363,4.991,75.0,90.0,89.0,52.0,38.4,82.6,59.1,81.0,87.5,90.0,80.0,51305.73385339734
Netherlands,NLD,2011,174.0725,39.0408469194559,913140741332.687,1.77330320575034,2.34107017751373,81.2048780487805,16693074,129.868103027344,4.977,74.7,90.0,89.0,50.6,36.8,81.9,58.3,82.7,87.6,90.0,80.0,54701.77280306114
Netherlands,NLD,2012,171.6019,30.9042384931276,845689017065.625,-0.977826121310997,2.45554765291614,81.1048780487805,16754962,111.448249816895,5.821,73.3,90.0,88.0,51.2,20.9,81.9,60.0,83.6,87.1,90.0,80.0,50473.94420026885
Netherlands,NLD,2013,169.3558,36.6955717929323,883951539006.669,-0.0302410184270769,2.50689852657875,81.3048780487805,16804432,,7.241,73.5,90.0,89.0,52.1,24.7,83.0,58.6,81.1,86.8,90.0,80.0,52602.28605207655
Netherlands,NLD,2014,161.7631,15.9879956344505,901556501756.467,1.61255885112396,0.976035079699679,81.7073170731707,16865008,,7.419,74.2,90.0,88.0,51.7,25.6,89.7,59.6,79.9,87.8,90.0,80.0,53457.22348643221
Netherlands,NLD,2015,169.3542,48.4706196279081,775743675302.734,2.12064007193544,0.600248147278776,81.509756097561,16939923,114.137916564941,6.872,73.7,90.0,83.0,51.8,23.8,84.3,66.3,79.8,88.0,90.0,80.0,45793.81354346971
Netherlands,NLD,2016,170.7937,34.7918547450687,797163949289.885,2.42428065449427,0.316666666666652,81.5609756097561,17030314,112.994277954102,6.007,74.6,90.0,83.0,52.7,34.4,80.0,64.0,83.4,88.0,90.0,80.0,46808.52914925027
Netherlands,NLD,2017,168.176,23.7131758376085,848233537845.884,2.78150834679987,1.38145871407216,81.7609756097561,17131296,115.225227355957,4.837,75.8,87.4,85.7,53.2,37.0,80.2,70.5,85.8,87.0,90.0,80.0,49513.68173463841
Netherlands,NLD,2018,163.095,-30.6576768564655,929733599796.862,2.25873158164956,1.70349794744479,81.8121951219512,17231624,114.50032043457,3.832,76.2,87.9,86.0,52.5,39.1,80.5,61.5,87.5,86.9,90.0,80.0,53955.07700242659
Netherlands,NLD,2019,157.9744,-13.7565327156949,928903005576.469,2.3001616053659,2.63369910249591,82.1121951219512,17344874,114.804168701172,3.379,76.8,88.0,89.1,51.6,42.9,81.4,60.3,84.0,86.0,90.0,80.0,53554.9007491475
Netherlands,NLD,2020,142.1604,-23.6860117625863,932560861701.17,-3.86799714191608,1.27246037789161,81.3585365853659,17441500,136.284164428711,3.82,77.0,90.0,90.1,51.7,45.2,80.4,60.2,82.5,86.4,90.0,80.0,53467.927741373736
Netherlands,NLD,2021,145.8948,-10.9725941589172,1054472123449.6,6.27683593745216,2.67572008805385,81.309756097561,17533044,135.962173461914,4.209,76.8,88.9,90.6,51.7,47.7,80.5,60.1,80.4,84.0,90.0,80.0,60141.98809114949
Netherlands,NLD,2022,133.114,1.47701805979237,1046540797548.64,5.00723453395074,10.0012078753473,81.6146341463415,17700982,138.767501831055,3.526,79.5,96.2,92.3,51.2,45.4,88.1,58.9,82.1,79.2,90.0,80.0,59123.31855648687
Netherlands,NLD,2023,122.9178,-30.2430732965592,1135475867551.0,-0.598061017580278,3.83839354342808,81.8634146341464,17877117,137.514724731445,3.535,78.0,95.6,96.6,51.0,37.9,84.4,59.3,80.2,78.6,90.0,80.0,63515.60307800189
Netherlands,NLD,2024,118.7909,-1.40518243891316,1213936238063.28,1.07383137319854,3.34754304219953,81.9658536585366,17993485,,3.7,77.3,95.6,87.8,53.1,37.1,88.6,60.5,71.5,79.2,90.0,80.0,67465.32081268748
Netherlands,NLD,2025,,,1332767651100.39,1.78463214703797,3.2595766451366,,18087633,,3.874,78.2,95.9,86.8,54.0,41.6,84.8,60.1,74.7,79.6,90.0,80.0,73683.91713279398
New Zealand,NZL,2001,34.9081,0.481362352602511,53872425916.6248,3.41557461751114,2.62581630392903,78.6926829268293,3880500,112.625297546387,5.433,81.1,90.0,94.0,62.5,49.6,85.0,,91.2,78.0,90.0,90.0,13882.8568268586
New Zealand,NZL,2002,35.0031,4.27533253207986,66627729311.4495,4.71514593471419,2.67709257711605,78.8463414634146,3948500,115.515556335449,5.282,80.7,90.0,94.0,62.5,49.6,85.0,,86.5,78.4,90.0,90.0,16874.187491819554
New Zealand,NZL,2003,35.9222,-3.81179323818466,88250885550.2626,4.72587484712128,1.75357444759557,79.1463414634146,4027200,117.427673339844,4.745,81.1,90.0,94.0,62.4,53.0,85.0,,85.3,80.4,90.0,90.0,21913.708171996077
New Zealand,NZL,2004,35.5217,2.2326303912504,103905210084.034,4.09053577279863,2.29024902847571,79.5487804878049,4087500,115.379913330078,4.005,81.5,90.0,95.0,62.8,55.8,85.0,,84.7,80.2,90.0,90.0,25420.234882944096
New Zealand,NZL,2005,36.1921,1.66201517661775,114720129550.095,3.35295444152619,3.03702332617012,79.8512195121951,4133900,119.563697814941,3.807,82.3,90.0,95.0,61.7,55.3,85.0,91.1,85.8,79.4,90.0,90.0,27751.065470885846
New Zealand,NZL,2006,36.304,2.61132933725814,111538810712.665,2.7744428588158,3.36540196171993,80.0487804878049,4184600,117.906547546387,3.857,82.0,90.0,96.0,61.7,54.8,99.9,92.8,85.6,79.2,70.0,90.0,26654.593201898628
New Zealand,NZL,2007,35.0899,3.16024444752482,137188946865.584,3.06312221869514,2.37614310290659,80.1512195121951,4223800,119.56844329834,3.661,81.4,90.0,96.0,61.4,56.5,99.9,92.1,84.6,84.0,70.0,80.0,32479.981738146693
New Zealand,NZL,2008,36.1884,1.94246279372292,133437126590.286,-1.02561134479848,3.9589493731206,80.3512195121951,4259800,118.054237365723,4.167,80.7,90.0,96.0,60.5,56.0,99.9,90.6,83.7,80.8,70.0,80.0,31324.73979771022
New Zealand,NZL,2009,33.4165,-0.0430577448192459,121663439315.385,-0.040259885205117,2.1156511055456,80.7024390243902,4302600,125.807861328125,6.121,82.0,95.0,94.0,62.5,49.6,99.9,89.6,84.6,84.6,80.0,80.0,28276.725541622505
New Zealand,NZL,2010,33.4445,0.194915236759354,146887902524.052,1.47182504276788,2.30202385958572,80.9048780487805,4350700,119.128967285156,6.557,82.1,95.0,93.0,63.6,51.3,99.9,88.8,83.1,86.0,80.0,80.0,33761.90096399476
New Zealand,NZL,2011,32.7107,0.818247908477246,168458838711.118,2.1445004445998,4.0279066739204,81.1560975609756,4384000,118.256721496582,6.491,82.3,95.0,94.0,64.7,49.3,99.9,89.2,84.8,86.6,80.0,80.0,38425.829997974
New Zealand,NZL,2012,34.7866,2.17943829633958,176508049114.249,2.30256429520961,1.05991318445632,81.4073170731707,4408100,116.826477050781,6.931,82.1,95.0,93.0,71.6,45.0,99.9,89.9,85.2,86.8,75.0,80.0,40041.752481624506
New Zealand,NZL,2013,34.5807,-0.0364086461829919,190943478289.796,2.5648360739867,1.13442266445817,81.4048780487805,4442100,115.650527954102,5.839,81.4,95.0,95.0,71.5,33.2,99.9,89.5,83.3,86.8,80.0,80.0,42984.95718011661
New Zealand,NZL,2014,35.2908,1.61419635020494,201435445068.164,3.81933619307242,1.227507505974,81.4568292682927,4516500,116.084312438965,5.428,81.2,95.0,94.0,71.2,32.3,96.1,90.2,86.3,86.8,80.0,80.0,44599.89927336743
New Zealand,NZL,2015,35.3887,-0.0411865527337287,178147457242.978,3.72968312125018,0.292704628136101,81.6124390243903,4609400,114.889991760254,5.415,82.1,95.0,91.0,70.4,43.0,95.5,91.4,87.6,86.8,80.0,80.0,38648.73025621079
New Zealand,NZL,2016,34.7426,1.06260320456022,188980351890.848,3.7435247472109,0.646240284454524,81.6585365853659,4714100,113.687911987305,5.147,81.6,95.0,91.0,71.0,46.0,91.4,85.9,88.1,87.2,80.0,80.0,40088.32054704991
New Zealand,NZL,2017,36.2664,1.15705531240243,206561943051.354,3.31568621648204,1.85078767452536,81.8585365853659,4813600,112.943313598633,4.736,83.7,96.1,89.9,70.8,46.5,91.8,86.2,90.1,87.4,80.0,80.0,42912.15370021481
New Zealand,NZL,2018,35.6335,1.16024911473989,211726161989.495,3.32219666491432,1.59829703801696,81.7073170731707,4900600,112.411079406738,4.335,84.2,95.1,95.7,70.5,49.5,91.5,84.4,90.0,87.4,80.0,80.0,43204.130512487245
New Zealand,NZL,2019,37.2453,1.44301683692321,213088034258.42,2.32371708441623,1.61963190184048,82.0560975609756,4970300,120.266319274902,4.109,84.4,95.0,96.7,71.0,50.4,91.0,86.7,87.5,92.4,80.0,80.0,42872.2681243426
New Zealand,NZL,2020,34.6699,2.25037509596065,213318129988.602,-0.240916114758988,1.71456170007245,82.2560975609756,5072400,116.893188476562,4.595,84.1,93.3,93.9,71.0,57.8,90.4,86.7,87.0,92.2,80.0,80.0,42054.67431365862
New Zealand,NZL,2021,34.7093,2.09061969632742,253732493987.834,4.29916005216614,3.94112060778728,82.2073170731707,5084600,117.595428466797,3.776,83.9,91.3,95.3,70.6,58.1,89.9,86.3,86.9,90.2,80.0,80.0,49902.154346031944
New Zealand,NZL,2022,32.1246,3.9270483682543,249723029451.237,3.34521847792682,7.17222476016441,81.9585365853658,5081700,114.774932861328,3.299,80.6,88.2,97.5,70.8,53.5,81.3,70.5,81.8,90.0,70.0,80.0,49141.631629422634
New Zealand,NZL,2023,31.776,1.71426378534541,256372177757.764,1.81389453412019,5.73316283034957,81.7585365853659,5200000,113.395988464355,3.734,78.9,87.8,94.7,66.6,49.7,88.8,71.5,78.7,90.4,70.0,80.0,49302.341876493076
New Zealand,NZL,2024,31.8146,0.672983751329456,261497198363.906,-0.868722371893952,2.92279782301957,82.009756097561,5290000,114.231056213379,4.724,77.8,87.4,95.9,65.5,46.3,88.3,70.3,74.6,89.8,70.0,80.0,49432.36263967978
New Zealand,NZL,2025,,,264057413739.965,0.462871830681081,2.8397963180572,,5324700,,5.076,78.1,87.5,91.3,65.4,47.8,88.7,69.7,74.6,90.4,70.0,80.0,49591.04057317126
Nicaragua,NIC,2001,3.9936,2.80655753554232,5351752034.2221,2.96084349057273,5.98604186279518,67.028,5087825,56.3652381896973,7.222,58.0,30.0,31.0,80.8,71.2,55.0,,68.6,65.6,70.0,50.0,1051.8742358909947
Nicaragua,NIC,2002,4.1327,3.90334311480045,5223727302.54906,0.753938876079573,3.75017465778466,67.95,5149909,60.6764602661133,7.517,61.1,30.0,31.0,81.3,81.3,55.0,,68.5,63.2,70.0,70.0,1014.3339042590966
Nicaragua,NIC,2003,4.5272,3.78225034215297,5322228350.58068,2.52073289551447,5.30238773219936,68.749,5210963,,7.6,62.6,30.0,24.0,81.8,82.3,55.0,,71.3,79.2,70.0,70.0,1021.3521666879385
Nicaragua,NIC,2004,4.6436,4.31560328721207,5792932838.40051,5.31217056950739,8.47021063584077,69.51,5272912,65.4347305297852,6.41,61.4,30.0,25.0,85.6,82.6,55.0,,75.1,79.0,50.0,70.0,1098.6211866233516
Nicaragua,NIC,2005,4.4103,3.81407422484717,6321324279.14826,4.28239833770654,9.59909986064425,70.374,5342105,68.5747222900391,5.37,62.5,30.0,26.0,82.9,82.4,55.0,72.9,75.8,80.4,50.0,70.0,1183.3021401017502
Nicaragua,NIC,2006,4.6665,4.24030000066427,6763672380.61154,4.15294559846254,9.1401996677772,70.958,5418855,69.0923385620117,5.31,63.8,30.0,27.0,79.8,78.1,57.0,76.1,72.3,77.6,70.0,70.0,1248.1737157778794
Nicaragua,NIC,2007,4.8378,5.14186605474194,7423375014.75729,5.0763520180987,11.1269347446118,71.197,5497243,72.1754989624023,4.89,62.7,30.0,26.0,79.6,78.5,56.4,73.4,70.9,82.4,70.0,60.0,1350.3814575337656
Nicaragua,NIC,2008,4.6481,7.38263377911966,8496967596.77008,3.43571693608081,19.8262031287429,71.404,5576593,70.7740936279297,6.2,60.8,25.0,26.0,79.0,77.6,56.8,73.7,70.6,79.2,70.0,50.0,1523.6843708640884
Nicaragua,NIC,2009,4.5454,5.22852820149836,8298702489.0801,-3.2926651586197,3.68700160498797,71.499,5656601,,8.16,59.8,25.0,26.0,78.8,71.0,57.6,70.6,69.5,79.2,70.0,50.0,1467.0828805284482
Nicaragua,NIC,2010,4.6711,5.59335824334059,8758602232.98358,4.41009911716546,5.45513425887423,71.761,5737450,71.3924407958984,7.83,58.3,25.0,25.0,78.4,78.5,55.7,68.3,64.1,82.8,55.0,50.0,1526.5670695140836
Nicaragua,NIC,2011,4.8816,9.5791738556055,9774329332.71276,6.31668553491842,8.082387980991,72.033,5819051,,6.613,58.8,20.0,25.0,78.8,81.3,54.3,67.1,71.7,84.8,55.0,50.0,1679.7119208463307
Nicaragua,NIC,2012,4.8471,7.36516075625111,10532017231.8253,6.4961364710876,7.1935505333896,72.435,5901287,,5.208,57.9,15.0,25.0,77.1,83.0,51.2,63.4,74.0,84.9,55.0,50.0,1784.6983601755517
Nicaragua,NIC,2013,4.6389,8.78722600899979,10982988249.2103,4.92709413447304,7.13546785289407,72.551,5983845,,5.28,56.6,15.0,25.0,78.7,65.1,51.2,62.2,73.2,85.4,60.0,50.0,1835.4399636371431
Nicaragua,NIC,2014,4.9091,9.06363827053251,11880438824.4494,4.78546013589983,6.03596861798425,72.792,6066492,,4.52,58.4,15.0,24.1,78.6,80.0,52.6,60.3,72.8,85.4,65.0,50.0,1958.3704757954679
Nicaragua,NIC,2015,5.4971,7.58033255797744,12756696261.0676,4.79226768332697,3.99737996694396,72.899,6149417,,4.7,57.6,10.0,28.0,78.4,76.6,58.0,56.7,67.8,85.4,65.0,50.0,2074.456206347301
Nicaragua,NIC,2016,5.7223,7.44462628012218,13286093388.4752,4.56314739524967,3.52317317628473,73.18,6232666,,3.9,58.6,10.0,28.0,78.0,82.8,61.2,55.7,69.0,86.2,65.0,50.0,2131.687048283223
Nicaragua,NIC,2017,5.6825,7.51057620596971,13785893007.4769,4.63120757580209,3.85067166284727,73.389,6316231,,3.3,59.2,31.1,27.4,77.2,80.8,59.0,55.6,71.2,81.0,65.0,50.0,2182.6138099567447
Nicaragua,NIC,2018,5.1803,6.43060058137235,13025221974.232,-3.3633566598573,4.94723728039886,73.879,6400080,,5.2,58.9,29.8,24.2,77.2,80.0,60.2,57.3,73.0,81.0,60.0,50.0,2035.1654939050763
Nicaragua,NIC,2019,5.3239,3.96093444094211,12699023614.245,-2.89686986728901,5.37628990844126,73.764,6483657,,5.457,57.7,33.4,20.3,76.9,79.1,56.0,55.8,72.7,76.0,60.0,50.0,1958.6205152809596
Nicaragua,NIC,2020,4.7462,5.86574902695673,12726422432.4868,-2.23654176262323,3.68181341625572,70.766,6565267,,6.18,57.2,33.5,24.3,76.3,77.5,55.1,55.5,71.5,75.4,60.0,50.0,1938.4470475438088
Nicaragua,NIC,2021,5.1925,7.36996671682569,14209019392.3025,10.4543887816515,4.92841396948968,70.478,6644741,,6.076,56.3,27.8,24.8,77.1,77.5,53.1,55.0,70.7,68.4,60.0,50.0,2138.3857387823696
Nicaragua,NIC,2022,5.2612,8.23239594861789,15634573555.9049,3.55027477135765,10.4674244465991,74.463,6730654,,4.969,54.8,30.1,19.0,75.3,76.2,53.8,46.9,72.0,67.8,60.0,50.0,2322.8906961945895
Nicaragua,NIC,2023,5.5369,6.25581191942426,17805842220.7571,4.42779393186883,8.38765854872536,74.947,6823613,70.1749572753906,4.698,54.9,29.7,20.4,75.6,74.4,53.9,47.0,71.3,66.4,60.0,50.0,2609.444911479754
Nicaragua,NIC,2024,5.7393,6.86575238184716,19696311850.3289,3.58094495324541,4.62473841057141,75.1,6916140,,4.98,53.4,27.5,15.6,74.6,74.3,52.2,47.3,66.5,67.4,60.0,50.0,2847.8763949730483
Nicaragua,NIC,2025,,,22237167113.0916,4.92352556770889,2.08132127098376,,7007502,,5.04,54.0,28.2,13.6,77.7,75.9,55.8,47.3,66.4,68.2,60.0,50.0,3173.337248150853
Niger,NER,2001,0.7061,0.922420853977935,2448714703.96617,7.26813490213235,4.00551428352678,49.872,11920647,6.231369972229,1.47,48.9,30.0,10.0,45.8,91.3,55.0,,87.4,61.0,30.0,30.0,205.4179361209312
Niger,NER,2002,0.7335,0.281340736477619,2782192878.67204,4.91847057594622,2.62886597938136,50.645,12349144,6.28120994567871,1.808,48.2,30.0,10.0,45.8,90.3,55.0,,81.6,61.0,30.0,30.0,225.29439114743823
Niger,NER,2003,0.7968,0.5459244666531,3394084732.49543,2.1706103837418,-1.61440769175596,51.545,12796984,6.86678981781006,2.145,54.2,30.0,10.0,61.0,92.1,55.0,,78.7,61.0,50.0,50.0,265.22536345246897
Niger,NER,2004,0.8327,0.649159742962507,3760443737.53797,0.363801578722132,0.262543757292838,52.402,13265836,8.35079956054688,2.751,54.6,30.0,10.0,66.7,91.6,55.0,,79.1,58.6,50.0,50.0,283.46828179829527
Niger,NER,2005,0.7988,1.13506754317922,4383315964.58718,7.33186884258517,7.7974978178644,53.32,13756192,9.26323986053467,3.1,54.1,30.0,10.0,66.5,89.8,55.0,44.2,88.3,56.8,50.0,50.0,318.6431219182736
Niger,NER,2006,0.8016,0.847497530197073,4756361252.37923,5.93104997350342,0.0404858299595074,54.223,14268581,10.6787004470825,2.528,52.5,30.0,22.0,62.7,90.9,28.8,44.7,87.9,57.6,50.0,50.0,333.34507841944685
Niger,NER,2007,0.8705,1.72858641411291,5731485051.79069,3.14272408386731,0.0539592607581562,55.063,14803610,10.3014001846313,2.021,53.2,30.0,24.0,66.2,86.3,38.4,44.0,80.6,62.4,50.0,50.0,387.1680658833008
Niger,NER,2008,0.9102,3.87903143663185,7297600226.00536,7.73141422777337,11.3051098827019,55.852,15361915,10.6592998504639,1.584,52.9,30.0,23.0,66.4,89.3,36.2,43.5,86.0,64.4,50.0,40.0,475.04495539816224
Niger,NER,2009,1.134,8.62089060209857,7352131309.73341,1.96260090694645,0.582906590801122,56.487,15943675,11.1999397277832,1.208,53.8,30.0,26.0,66.3,88.8,36.9,40.6,89.5,70.4,50.0,40.0,461.1315339614869
Niger,NER,2010,1.4418,10.146689915564,7851192502.30917,8.57816674262253,0.804073080882659,57.08,16548835,12.8063202484136,0.718,52.9,30.0,28.0,65.1,85.1,37.2,40.7,77.6,75.7,50.0,40.0,474.4256923408306
Niger,NER,2011,1.4738,12.1645061403035,8772950777.79176,2.35775693603874,2.9423851401332,57.6,17176283,13.6643213754076,0.316,54.3,30.0,29.0,77.5,83.0,36.9,40.3,80.0,71.8,55.0,40.0,510.75956176267937
Niger,NER,2012,2.0551,8.92367913404553,9426912647.59111,10.5489445763446,0.455089820359289,57.987,17836769,14.8037867184503,2.177,54.3,30.0,26.0,76.9,80.5,35.9,40.8,86.4,71.7,55.0,40.0,528.5101044696554
Niger,NER,2013,2.0371,7.03516563238375,10224897437.8648,5.31513063394726,2.29723114955317,58.364,18519898,15.9596510320284,1.401,53.9,30.0,25.0,77.0,80.1,35.2,39.3,85.4,71.7,55.0,40.0,552.1033343631158
Niger,NER,2014,2.202,7.57591181433667,10862943543.5419,6.64213665495603,-0.930287259984466,58.693,19215909,17.8459505465436,0.524,55.1,30.0,26.0,76.8,88.4,35.2,45.4,88.3,65.6,55.0,40.0,565.3098973117484
Niger,NER,2015,2.1698,5.46761764113716,9683867926.44282,4.39264883207291,-0.576090369833189,58.85,19939498,19.6922012498743,0.556,54.6,30.0,34.0,76.6,83.6,39.2,40.9,81.3,65.6,55.0,40.0,485.6625741752786
Niger,NER,2016,2.1674,2.91395161360138,10341025540.2322,4.28137558478143,1.65388922387806,59.228,20685753,22.6700395113082,0.55,54.3,30.0,35.0,76.3,76.8,39.6,42.3,83.0,64.6,55.0,40.0,499.9105200681938
Niger,NER,2017,1.9739,2.98179907216042,11359273443.3897,5.53198531271451,2.79637318871284,59.524,21435446,23.7611505662509,0.556,50.8,33.8,35.0,76.3,73.4,39.1,46.1,83.3,66.4,55.0,40.0,529.9294189348661
Niger,NER,2018,2.0278,3.64069699983094,12800907985.9863,6.89458420864513,2.96760366004456,59.765,22188069,,0.536,49.5,37.4,30.4,73.3,72.9,45.5,45.7,83.5,61.5,55.0,40.0,576.9275364154627
Niger,NER,2019,2.3731,5.7737467118799,12420836506.7888,6.07881528959186,-2.48979265070855,60.031,22947757,,0.531,51.6,37.2,34.1,76.9,75.6,56.3,48.2,76.7,65.8,55.0,40.0,541.2658198702732
Niger,NER,2020,2.4096,2.64247359719538,13648332189.7307,4.45481803846413,2.8981937602627,59.89,23717613,,0.591,54.7,45.6,33.4,76.7,79.0,55.4,47.9,74.8,61.2,55.0,40.0,575.4513403069145
Niger,NER,2021,2.8588,3.98247849972574,14936154253.3242,1.11520063869706,3.8378680284051,59.542,24502140,,0.806,57.3,38.8,31.8,77.1,87.1,52.5,47.4,75.3,61.0,55.0,40.0,609.5857036701366
Niger,NER,2022,3.2178,6.21933892730804,15531799640.9005,12.2215497467041,4.22621791916392,60.398,25311973,,0.403,54.9,37.4,32.5,77.5,85.7,35.2,53.6,74.6,62.6,55.0,40.0,613.6147364292976
Niger,NER,2023,3.1629,6.05054062024617,16949765463.9058,2.63516980401258,3.70097316425834,61.183,26159867,21.5605140503495,0.407,53.7,36.8,37.2,77.7,84.3,34.5,54.1,73.2,63.0,55.0,40.0,647.9301085095655
Niger,NER,2024,3.2142,1.81493836603542,19729786046.7618,8.32327058280728,9.07151997725013,61.433,27032412,19.8664761204349,0.376,52.3,38.4,31.6,77.6,84.5,34.0,54.0,72.3,63.0,55.0,40.0,729.8566641689908
Niger,NER,2025,,,21646191388.2507,7.00782960149,-4.45470804102568,,27917831,,0.394,51.5,29.6,31.8,77.9,87.3,33.8,54.0,72.6,64.0,55.0,40.0,775.3536221438801
Nigeria,NGA,2001,106.3441,1.61861555824339,73557840064.489,5.91768464924425,18.8736462093863,47.549,129862595,26.3999805450439,3.9,49.6,30.0,16.0,84.4,74.8,55.0,,78.9,27.0,50.0,30.0,566.4282318129327
Nigeria,NGA,2002,96.2193,1.97158413526786,95054059302.6995,15.3291557409618,12.8765792031099,48.02,133471989,28.8738098144531,3.669,50.9,30.0,12.0,84.2,74.8,55.0,,77.1,45.0,50.0,30.0,712.1648520776857
Nigeria,NGA,2003,107.6154,1.91462056992191,104738954264.226,7.34719496793299,14.0317836131437,48.618,137202644,,3.637,49.5,30.0,10.0,84.2,75.8,55.0,,65.4,45.0,50.0,30.0,763.3887453672248
Nigeria,NGA,2004,103.9479,1.38037387490881,135764731645.611,9.25055822923169,14.9980338183251,49.148,141057045,33.9481201171875,3.59,49.2,30.0,16.0,82.1,68.9,55.0,,66.3,45.0,50.0,30.0,962.481041947327
Nigeria,NGA,2005,102.9696,2.83629405374322,175670569969.346,6.43851652535925,17.8634933661605,49.538,145017253,33.7729187011719,3.727,48.4,30.0,14.0,84.0,48.6,55.0,73.2,66.2,53.4,30.0,30.0,1211.377035043865
Nigeria,NGA,2006,92.7246,2.03575267319875,238454997161.48,6.05942803202491,8.22743678120907,49.876,149077334,33.1262817382812,3.749,48.7,30.0,16.0,84.1,56.9,50.0,73.3,65.8,51.2,30.0,30.0,1599.5389155636497
Nigeria,NGA,2007,84.3848,2.16919536982392,278260846800.103,6.59113036066867,5.38610421570143,50.381,153267261,30.4232006072998,3.794,55.6,30.0,19.0,84.2,66.9,58.6,86.3,69.1,61.6,30.0,50.0,1815.5269754582685
Nigeria,NGA,2008,91.5847,2.41373918254011,339476276257.793,6.76447277784263,11.583054796681,50.748,157595014,33.6112785339355,3.792,55.1,30.0,22.0,84.4,68.1,52.9,86.6,73.8,63.4,30.0,40.0,2154.1054354536436
Nigeria,NGA,2009,80.9174,2.90024873175983,295008835380.997,8.03692510100366,12.5379242951095,51.08,162049464,37.1381416320801,3.763,55.1,30.0,22.0,84.4,64.3,55.1,85.8,77.9,61.8,30.0,40.0,1820.4863385478216
Nigeria,NGA,2010,94.4036,1.64207369186652,366990417129.04,8.00565591623166,13.7400521363694,51.315,166642886,41.7837982177734,3.744,56.8,30.0,27.0,84.4,64.7,53.2,85.7,75.4,67.2,40.0,40.0,2202.2567295734425
Nigeria,NGA,2011,104.0217,2.133117701613,414466676831.16,5.30792420293915,10.8261371880018,51.49,171379598,43.0239906311035,3.77,56.7,30.0,25.0,84.4,73.0,51.6,84.5,73.5,65.0,40.0,40.0,2418.4131697587477
Nigeria,NGA,2012,102.2558,1.52378233769127,463971018239.281,4.23006117492493,12.2242413020582,51.688,176200625,44.4557914733887,3.761,56.3,30.0,24.0,84.3,72.3,55.6,80.6,72.0,63.9,40.0,40.0,2633.1973467136168
Nigeria,NGA,2013,114.6095,1.06953936497778,520117180313.906,6.67133539308232,8.49551838265678,51.827,181049443,52.7967300415039,3.711,55.1,30.0,24.0,82.6,74.6,55.7,67.2,73.3,63.9,40.0,40.0,2872.790833793982
Nigeria,NGA,2014,122.7261,0.817478467870197,574183763411.508,6.30971865521856,8.04741087967907,51.94,185896915,42.7821502685547,3.9,54.3,30.0,22.7,85.0,74.5,48.0,66.4,73.1,63.8,40.0,40.0,3088.7213131616954
Nigeria,NGA,2015,118.4539,0.621501637000126,493026682800.63,2.65269329541779,9.00943498007706,51.939,190671878,43.8246917724609,4.134,55.6,30.0,25.0,85.2,76.1,48.3,77.7,70.4,63.8,40.0,40.0,2585.7336067179767
Nigeria,NGA,2016,123.4796,0.853395742751916,404649125252.16,-1.61686894903467,15.6968126387972,52.189,195443700,39.3068084716797,4.499,57.5,30.0,27.0,85.1,94.6,48.7,72.9,71.5,64.8,40.0,40.0,2070.4127339594984
Nigeria,NGA,2017,116.0398,0.642182922336257,375745731053.427,0.805886619091581,16.5022662139641,52.397,200254579,,4.83,57.1,35.3,12.2,85.2,95.2,48.9,73.9,71.3,62.3,40.0,40.0,1876.3402711177307
Nigeria,NGA,2018,121.4082,0.183821495682229,421739251509.08,1.92275734199798,12.0951065173432,52.669,204938755,40.4885292053223,5.069,58.5,38.0,14.4,84.4,96.3,49.3,81.5,66.9,65.5,45.0,40.0,2057.879445540108
Nigeria,NGA,2019,126.1061,0.344961215906745,668219992686.575,2.20842927835211,11.3964223378115,53.009,209485641,,5.206,57.3,36.5,20.5,85.0,96.5,51.2,83.3,65.0,62.4,45.0,40.0,3189.812864961828
Nigeria,NGA,2020,118.9178,0.398484830423335,598586817817.392,-6.36889840468527,13.2460234276598,53.072,213996181,44.1220893859863,5.714,57.2,38.1,22.3,85.1,96.2,54.7,84.0,61.7,62.4,45.0,40.0,2797.184580678998
Nigeria,NGA,2021,130.9005,0.543909122159359,609147716965.348,1.109252540249,16.9528457221608,53.455,218529286,45.444938659668,5.404,58.7,36.8,23.5,84.9,95.3,60.0,84.4,68.0,68.4,45.0,40.0,2787.48779220991
Nigeria,NGA,2022,129.0417,-0.0288727652155146,646950257575.455,4.31882949157136,18.8471877843274,54.079,223150896,,3.827,54.4,22.1,22.7,84.8,95.3,41.2,73.6,67.5,68.6,45.0,40.0,2899.1604746926714
Nigeria,NGA,2023,125.8687,0.384195197916836,487387801877.803,3.31590368111438,24.659550203114,54.462,227882945,46.8931503295898,3.074,53.9,24.0,33.8,84.9,95.2,44.3,73.6,65.0,68.0,45.0,40.0,2138.7638371875655
Nigeria,NGA,2024,131.9101,0.639824358730627,252261880140.271,4.07106650147703,33.2416590552749,54.635,232679478,,3.045,53.1,24.5,21.7,84.8,94.7,42.9,73.7,63.2,67.6,45.0,40.0,1084.160418050581
Nigeria,NGA,2025,,,290794361542.112,4.01336180700973,23.0101235833333,,237527782,,3.064,53.4,25.4,22.4,85.1,94.5,38.5,72.8,59.9,67.6,45.0,40.0,1224.2541023774306
North Korea,PRK,2001,76.673,,,,,60.893,23815358,,3.676,8.9,10.0,10.0,0.0,0.0,40.0,,0.0,0.0,10.0,10.0,
North Korea,PRK,2002,73.4431,,,,,60.877,23943973,,3.644,8.9,10.0,10.0,0.0,0.0,40.0,,0.0,0.0,10.0,10.0,
North Korea,PRK,2003,74.9821,,,,,69.399,24090380,,3.668,8.9,10.0,10.0,0.0,0.0,40.0,,0.0,0.0,10.0,10.0,
North Korea,PRK,2004,76.5246,,,,,69.294,24254943,,3.62,8.9,10.0,10.0,0.0,0.0,40.0,,0.0,0.0,10.0,10.0,
North Korea,PRK,2005,79.7374,,,,,69.168,24396433,,3.576,8.0,10.0,10.0,0.0,0.0,40.0,0.0,0.0,0.0,10.0,10.0,
North Korea,PRK,2006,81.2485,,,,,69.061,24524507,,3.55,4.0,10.0,10.0,0.0,0.0,0.0,0.0,0.0,0.0,10.0,10.0,
North Korea,PRK,2007,67.9856,,,,,69.021,24646383,,3.547,3.0,10.0,10.0,0.0,0.0,0.0,0.0,0.0,0.0,10.0,0.0,
North Korea,PRK,2008,74.4786,,,,,69.303,24764618,,3.48,3.0,10.0,10.0,0.0,0.0,0.0,0.0,0.0,0.0,10.0,0.0,
North Korea,PRK,2009,71.6712,,,,,69.702,24878332,,3.48,2.0,5.0,5.0,0.0,0.0,0.0,0.0,0.0,0.0,10.0,0.0,
North Korea,PRK,2010,69.0426,,,,,70.246,24987258,,3.419,1.0,5.0,5.0,0.0,0.0,0.0,0.0,0.0,0.0,0.0,0.0,
North Korea,PRK,2011,50.8115,,,,,70.772,25097874,,3.516,1.0,5.0,5.0,0.0,0.0,0.0,0.0,0.0,0.0,0.0,0.0,
North Korea,PRK,2012,49.0217,,,,,71.317,25211728,,3.542,1.0,5.0,5.0,0.0,0.0,0.0,0.0,0.0,0.0,0.0,0.0,
North Korea,PRK,2013,37.9084,,,,,71.867,25329451,,3.567,1.5,5.0,10.0,0.0,0.0,0.0,0.0,0.0,0.0,0.0,0.0,
North Korea,PRK,2014,41.6105,,,,,72.451,25451262,,3.509,1.0,5.0,5.0,0.0,0.0,0.0,0.0,0.0,0.0,0.0,0.0,
North Korea,PRK,2015,32.6541,,,,,72.825,25575350,94.2515411376953,3.523,1.3,5.0,8.0,0.0,0.0,0.0,0.0,0.0,0.0,0.0,0.0,
North Korea,PRK,2016,36.0271,,,,,72.971,25698326,,3.574,2.3,5.0,8.0,0.0,0.0,5.0,5.0,0.0,0.0,0.0,0.0,
North Korea,PRK,2017,73.5427,,,,,73.034,25817709,,3.498,4.9,32.4,11.6,0.0,0.0,5.0,5.0,0.0,0.0,0.0,0.0,
North Korea,PRK,2018,66.3965,,,,,73.02,25931147,,3.409,5.8,29.8,25.2,0.0,0.0,5.0,5.0,0.0,0.0,0.0,0.0,
North Korea,PRK,2019,73.4111,,,,,72.928,26037632,,3.439,5.9,31.6,24.4,0.0,0.0,5.0,5.0,0.0,0.0,0.0,0.0,
North Korea,PRK,2020,69.045,,,,,72.783,26136312,,3.624,4.2,20.1,15.1,0.0,0.0,5.0,5.0,0.0,0.0,0.0,0.0,
North Korea,PRK,2021,57.2906,,,,,73.437,26232534,,3.692,5.2,27.7,20.2,0.0,0.0,5.0,5.0,0.0,0.0,0.0,0.0,
North Korea,PRK,2022,59.8036,,,,,73.641,26328845,,3.457,3.0,16.3,3.8,0.0,0.0,5.0,5.0,0.0,0.0,0.0,0.0,
North Korea,PRK,2023,65.6588,,,,,73.642,26418204,,3.463,2.9,16.6,6.3,0.0,0.0,5.0,5.0,0.0,0.0,0.0,0.0,
North Korea,PRK,2024,66.2394,,,,,73.743,26498823,,3.539,2.9,16.0,3.6,0.0,0.0,5.0,5.0,0.0,0.0,0.0,0.0,
North Korea,PRK,2025,,,,,,,26571036,,3.545,3.0,15.7,4.0,0.0,0.0,5.0,5.0,0.0,0.0,0.0,0.0,
North Macedonia,MKD,2001,9.2214,12.6581341812696,3709636030.66578,-3.06725662451662,5.19888525744048,73.4365853658537,2034882,84.2949676513672,30.52,,,,,,,,,,,,1823.0226768263615
North Macedonia,MKD,2002,8.6901,2.8417888915258,4018365747.00972,1.49366547202928,2.31459794083216,73.0390243902439,2020157,83.9654083251953,31.94,58.0,30.0,33.0,81.0,63.3,55.0,,77.2,63.0,50.0,70.0,1989.1353726515908
North Macedonia,MKD,2003,9.4421,2.40668449308174,4946296599.08467,2.22260165732409,0.855562122724219,73.2414634146342,2022725,83.6575317382812,36.69,60.1,30.0,33.0,80.3,85.7,55.0,,80.9,56.0,50.0,70.0,2445.3628640001334
North Macedonia,MKD,2004,9.2012,5.4398972911896,5682784471.69722,4.67408957960916,-0.448650206551934,73.5975609756098,2016186,83.2468414306641,37.161,56.8,30.0,33.0,84.6,48.1,55.0,,83.3,57.4,50.0,70.0,2818.581456124197
North Macedonia,MKD,2005,9.6631,2.32207737874559,6258602872.67898,4.72408864201974,0.525515950714247,73.6975609756098,2005330,83.6800384521484,37.32,56.1,30.0,23.0,83.6,49.6,55.0,56.2,86.6,57.4,50.0,70.0,3120.9840139423336
North Macedonia,MKD,2006,9.6474,6.22985642423446,6861226971.55617,5.13702516153505,3.21362929606345,73.8951219512195,1994287,,36.392,59.2,30.0,27.0,80.4,65.1,54.4,56.4,90.3,68.8,50.0,70.0,3440.4411057967936
North Macedonia,MKD,2007,10.3612,8.79828562205673,8336474973.72949,6.47348685752347,2.2517579830545,73.8,1982933,84.0014801025391,35.231,60.6,30.0,27.0,85.0,60.9,60.1,58.8,90.7,83.4,50.0,60.0,4204.1132876045185
North Macedonia,MKD,2008,10.1423,6.17271448582765,9909552434.51136,5.47200139015595,8.33189666968108,74.4,1971493,84.0322494506836,33.93,61.1,30.0,27.0,88.1,61.6,65.2,60.2,85.5,83.4,50.0,60.0,5026.420298987296
North Macedonia,MKD,2009,9.1214,2.76045082206623,9401736825.42688,-0.358614856979671,-0.739633963061192,74.4463414634146,1958782,84.1355972290039,32.351,61.2,30.0,33.0,89.4,65.1,58.2,59.8,85.4,81.6,50.0,60.0,4799.78722768888
North Macedonia,MKD,2010,9.1751,3.20438209801498,9407170321.37752,3.35875085773812,1.50997522027613,74.9975609756098,1946298,85.4283828735352,33.135,65.7,35.0,36.0,89.3,65.9,65.2,83.1,79.0,83.3,60.0,60.0,4833.3658675996785
North Macedonia,MKD,2011,10.2439,4.83981702288781,10494626767.6445,2.33988604520331,3.9047542206974,75.1,1937398,,31.502,66.0,35.0,38.0,90.0,64.3,64.6,79.7,84.5,83.6,60.0,60.0,5416.866729316589
North Macedonia,MKD,2012,9.6203,3.46744163927686,9745261300.57788,-0.456183223607937,3.31605566687647,74.9024390243903,1929821,85.8300170898438,31.096,68.5,35.0,41.0,91.2,66.7,80.9,80.3,86.1,83.6,60.0,60.0,5049.826538615696
North Macedonia,MKD,2013,8.7967,3.72036775399161,10817702346.0674,2.92525766450484,2.78500056726109,75.4,1922716,83.8025588989258,29.017,68.2,35.0,39.0,91.4,69.1,80.3,78.4,84.0,84.6,60.0,60.0,5626.261156648928
North Macedonia,MKD,2014,8.3515,0.535807905351314,11362265252.778,3.62912351276373,-0.281705032928494,75.4512195121951,1917557,83.6949768066406,28.215,68.6,35.0,39.6,91.4,70.7,81.0,78.8,83.5,85.9,60.0,60.0,5925.385922180149
North Macedonia,MKD,2015,7.9328,2.94702779153329,10064519962.5655,3.85586514041738,-0.299920475631462,75.4024390243902,1912430,84.9836273193359,26.395,67.1,35.0,44.0,91.4,65.6,79.2,70.7,79.0,86.2,60.0,60.0,5262.686719286719
North Macedonia,MKD,2016,7.6209,5.14755489783813,10672467073.2873,2.84820519363306,-0.239290787684501,75.4,1906313,,24.312,67.5,35.0,45.0,92.1,69.6,76.4,66.7,83.5,86.4,60.0,60.0,5598.486226179699
North Macedonia,MKD,2017,7.9803,3.36726558000357,11307067069.6658,1.08177273813243,1.35161889677442,75.9536585365854,1898657,84.6865386962891,22.857,70.7,67.0,52.0,91.9,68.9,81.5,66.7,80.8,86.1,60.0,60.0,5955.297386345085
North Macedonia,MKD,2018,7.5427,5.11494867914756,12683068114.2388,2.88059670964267,1.45831298507126,76.6487804878049,1889051,83.3533935546875,21.208,71.3,64.8,47.4,91.6,70.3,82.9,69.0,81.8,87.8,65.0,60.0,6713.98925398986
North Macedonia,MKD,2019,8.6778,4.35892493383855,12606338448.547,3.91041953840173,0.766439573459805,76.6024390243903,1876262,82.5312805175781,17.414,71.1,65.1,44.7,91.8,70.0,80.2,71.5,78.7,82.0,65.0,60.0,6718.858266354593
North Macedonia,MKD,2020,7.5804,0.0622421869397704,12361036913.8409,-4.68845000956652,1.20007348888469,74.3951219512195,1856124,82.4416732788086,16.575,69.5,62.5,42.2,91.5,71.0,80.6,67.0,77.7,86.2,65.0,60.0,6659.596510707744
North Macedonia,MKD,2021,7.634,4.97315294989199,14000283827.0154,4.51067949038222,3.23074912132928,73.2463414634146,1837114,84.1619567871094,15.801,68.6,62.6,41.9,94.9,71.0,77.8,65.2,78.7,77.4,65.0,60.0,7620.802969775093
North Macedonia,MKD,2022,8.2042,6.13067578989693,13932436550.0883,2.75888415332967,14.2047173195833,74.4248780487805,1831712,91.4516372680664,14.476,65.7,57.4,38.7,95.0,67.7,74.4,54.1,78.3,77.8,65.0,60.0,7606.2375253797
North Macedonia,MKD,2023,8.0203,4.04601094449743,15855131188.9092,2.554965253403,9.36187249769015,75.3160975609756,1827816,90.0724868774414,13.174,63.7,58.9,50.5,95.0,63.9,74.1,52.7,75.0,77.8,65.0,60.0,8674.358463274859
North Macedonia,MKD,2024,7.2973,6.23445071550033,16951682221.3962,2.99373536567732,3.48974086026954,76.6165853658537,1824359,,12.265,61.4,58.8,41.4,94.4,61.7,70.0,56.1,64.6,77.8,65.0,60.0,9291.856603550179
North Macedonia,MKD,2025,,,19101199817.0174,3.48706619829503,4.07249176848348,,1820909,,12.256,63.2,59.1,43.6,94.8,60.6,74.2,57.6,65.0,77.8,65.0,60.0,10489.925535552517
Norway,NOR,2001,42.2835,1.8377775731117,173590978346.698,2.1634350595868,3.00419703998233,78.7853658536585,4513751,114.568199157715,3.738,67.1,90.0,89.0,56.7,36.5,70.0,,80.3,81.0,50.0,50.0,38458.253090765975
Norway,NOR,2002,41.5842,1.54164273891433,195359978957.389,1.45747886087304,1.28672528415184,78.9878048780488,4538159,113.255867004395,4.022,67.4,90.0,91.0,51.1,41.9,70.0,,79.3,82.8,50.0,50.0,43048.28873501105
Norway,NOR,2003,44.4457,1.82352266071092,229192678172.933,1.09635781210122,2.48782553461781,79.390243902439,4564855,113.38200378418,4.221,67.2,90.0,86.0,50.9,41.4,70.0,,84.1,82.8,50.0,50.0,50208.09602340776
Norway,NOR,2004,44.8909,1.85140399656979,265662977688.108,4.33015597691212,0.454498502220863,79.8414634146342,4591910,114.047332763672,4.256,66.2,90.0,85.0,50.8,31.7,70.0,,86.3,81.8,50.0,50.0,57854.56981694066
Norway,NOR,2005,43.3127,3.22999383954281,311417306946.061,2.96973597025936,1.53213367609249,80.0414634146342,4623291,111.56275177002,4.381,64.5,90.0,88.0,50.4,28.3,70.0,49.3,85.5,83.6,50.0,50.0,67358.3615969795
Norway,NOR,2006,44.012,3.39589223808001,349773283644.925,2.84726376691944,2.3293498075755,80.3439024390244,4660677,111.527641296387,3.397,67.9,90.0,89.0,50.8,34.9,91.4,50.6,88.7,84.2,50.0,50.0,75047.74170038494
Norway,NOR,2007,44.9058,6.08270065269797,407813774161.08,3.42030119916608,0.712589073634201,80.3951219512195,4709153,111.639923095703,2.493,67.9,90.0,89.0,50.6,37.6,91.1,49.0,82.5,89.2,50.0,50.0,86600.23876078778
Norway,NOR,2008,47.1048,4.3592355460088,472060283687.943,0.822805797014865,3.75393081761005,80.5926829268293,4768212,111.518058776855,2.521,68.6,90.0,88.0,50.3,46.3,89.1,49.5,76.1,86.2,60.0,50.0,99001.53006786255
Norway,NOR,2009,45.1249,2.18259741615123,395664488017.429,-1.61327151945869,2.19738586853568,80.7951219512195,4828726,111.068412780762,3.1,70.2,90.0,87.0,50.3,50.5,88.1,48.6,78.1,89.2,60.0,60.0,81939.72654845793
Norway,NOR,2010,47.9849,4.91540239256035,440132138425.479,1.00493269017117,2.41890639481003,80.9975609756098,4889252,112.978569030762,3.527,69.4,90.0,79.0,50.5,49.8,88.8,47.1,74.2,89.2,65.0,60.0,90020.342257973
Norway,NOR,2011,46.9389,2.00759481951861,512868581627.712,1.38505117083945,1.2849515880916,81.2951219512195,4953088,113.169883728027,3.196,70.3,90.0,86.0,51.6,51.5,88.3,45.8,75.1,89.4,65.0,60.0,103545.21898817706
Norway,NOR,2012,46.3897,5.31305937295199,525082939406.962,2.82395673492459,0.696864111498263,81.4512195121951,5018573,112.176536560059,3.129,68.8,90.0,86.0,52.5,35.3,88.4,46.3,75.1,89.3,65.0,60.0,104627.93694680977
Norway,NOR,2013,46.8777,-0.253383714333266,540132255319.149,1.27290177696287,2.12048620353112,81.7512195121951,5079623,114.515380859375,3.425,70.5,90.0,90.0,51.0,40.3,92.6,44.7,76.9,89.3,70.0,60.0,106333.13836856573
Norway,NOR,2014,46.9905,0.628548707490107,515829568897.117,2.09521388080101,2.04170286707211,82.1,5137232,113.448226928711,3.486,70.9,90.0,88.1,50.6,42.2,90.9,44.6,78.7,89.1,75.0,60.0,100410.02020097924
Norway,NOR,2015,47.9542,1.81548452900569,400669174330.888,2.04428845501438,2.17113665389527,82.3048780487805,5188607,115.210121154785,4.296,71.8,90.0,86.0,52.1,43.8,92.1,48.2,81.7,89.4,75.0,60.0,77220.95243114154
Norway,NOR,2016,47.3711,-4.87068870473279,383284047619.048,1.29158732771135,3.55000000000007,82.4073170731707,5234519,116.611267089844,4.68,70.8,90.0,86.0,53.2,41.8,89.6,48.5,76.2,87.8,75.0,60.0,73222.40068649058
Norway,NOR,2017,47.4084,1.41952980990481,415673181543.421,2.66964474273466,1.87510059552545,82.609756097561,5276968,117.301460266113,4.164,74.0,86.7,88.3,55.6,38.5,89.5,48.8,75.8,87.7,75.0,60.0,78771.21512645538
Norway,NOR,2018,46.6404,-1.24603124120942,454588871810.636,1.1103912365576,2.76483134528797,82.7585365853659,5311916,117.714706420898,3.801,74.3,86.4,93.6,56.4,29.2,90.4,54.6,73.9,87.9,75.0,60.0,85579.07764554936
Norway,NOR,2019,45.3466,3.84915053606091,424244886363.636,1.46970781954143,2.16773003305411,82.9585365853659,5347896,119.421340942383,3.684,73.0,86.1,92.3,57.4,25.3,89.4,53.7,75.4,83.2,75.0,60.0,79329.30751900111
Norway,NOR,2020,43.7079,-0.858417094148667,382252517921.94,-1.36055723261586,1.28658490707996,83.209756097561,5379475,119.941543579102,4.424,73.4,84.3,95.6,57.7,25.6,86.1,57.4,74.8,83.8,75.0,60.0,71057.58794713982
Norway,NOR,2021,44.4278,3.51903435020736,521592200232.829,4.14314688769197,3.48388055266669,83.1634146341463,5408320,119.816871643066,4.359,73.4,82.4,95.8,57.1,25.3,85.5,57.8,75.4,84.0,75.0,60.0,96442.55521730019
Norway,NOR,2022,43.5471,2.31291587479113,617321834098.986,4.08039770659241,5.76412317852272,82.509756097561,5457127,119.442527770996,3.231,76.9,99.6,96.0,56.4,19.5,91.4,68.8,76.9,85.4,75.0,60.0,113122.13076569153
Norway,NOR,2023,41.6042,2.74499093797298,502197633322.816,0.352695581319765,5.51784987104659,83.0121951219512,5519601,117.775093078613,3.574,76.9,98.9,97.2,57.4,18.7,95.2,69.2,74.4,84.6,75.0,60.0,90984.40871411104
Norway,NOR,2024,39.9995,2.42254685844836,500886328034.123,1.42372134524737,3.14530134431081,83.1609756097561,5572279,116.254272460938,4.0,77.5,98.8,95.6,61.7,32.1,87.2,69.4,71.1,84.8,75.0,60.0,89888.95352047573
Norway,NOR,2025,,,530755719438.879,1.08528185031417,3.05562484410077,,5610870,,4.637,78.3,97.7,94.8,62.4,44.0,86.7,69.3,70.3,85.0,75.0,60.0,94594.19295739858
Oman,OMN,2001,28.482,0.0234244152680339,22205721716.515,4.61316649389876,-0.816666666666656,73.979,2310217,80.0002517700195,4.298,67.7,50.0,70.0,98.5,67.3,70.0,,94.0,79.4,30.0,50.0,9611.963601910556
Oman,OMN,2002,30.4524,0.473575608601034,23065539661.8986,-0.784165786429256,-0.279578822571373,74.276,2337140,82.3686370849609,4.335,64.0,50.0,70.0,98.5,47.1,70.0,,84.7,75.4,30.0,50.0,9869.130502194392
Oman,OMN,2003,32.1826,0.10094531077486,24733680104.0312,-2.19466567976842,0.231328682267143,74.521,2363796,83.6306076049805,4.599,64.6,50.0,70.0,98.5,33.7,70.0,,83.8,75.6,50.0,50.0,10463.542583214119
Oman,OMN,2004,31.7775,0.391323075231172,28378933680.104,1.99251510973346,0.624969062631367,74.82,2404821,,4.693,66.9,50.0,70.0,98.5,58.3,70.0,,79.2,76.0,50.0,50.0,11800.850741117114
Oman,OMN,2005,33.0427,4.33257156250914,35506892067.6203,2.77944360306151,1.90983553531865,75.07,2459802,87.4191207885742,4.589,66.5,50.0,63.0,98.5,57.6,70.0,73.8,80.4,71.6,50.0,50.0,14434.857792464718
Oman,OMN,2006,42.1453,3.74867907471091,42577633289.987,4.66981481939328,3.54498591605033,75.354,2514795,89.8000335693359,4.387,63.7,50.0,61.0,98.5,56.5,57.0,74.8,81.5,57.8,50.0,50.0,16930.85650718528
Oman,OMN,2007,45.5705,6.89874269714346,48300390117.0351,4.98065467051528,5.8304841809271,75.596,2570174,92.0884475708008,4.309,65.8,50.0,63.0,98.5,52.0,56.6,76.2,77.5,83.8,50.0,50.0,18792.653772481983
Oman,OMN,2008,44.7282,4.22877879574812,69804681404.4213,8.95005895005896,12.3754091529912,76.124,2626529,93.2216796875,4.142,67.3,50.0,54.0,98.5,60.7,55.8,75.4,74.7,83.6,60.0,60.0,26576.779241508964
Oman,OMN,2009,47.1039,2.72158933688519,55454096228.8687,5.98196694904402,3.46881023754893,76.631,2684659,98.9851303100586,3.977,67.0,50.0,47.0,98.5,61.1,63.3,75.0,71.4,83.6,60.0,60.0,20655.918024921863
Oman,OMN,2010,51.4932,1.91196478591436,64993498049.4148,2.47199856582773,3.25657959078624,77.184,2757446,,3.911,67.7,50.0,55.0,98.5,57.4,66.9,86.4,64.8,83.4,55.0,60.0,23570.179814732473
Oman,OMN,2011,59.7411,2.10218875218974,77497529258.7776,2.89460973541192,4.0421886711639,77.74,3076763,114.451620751396,3.95,69.8,50.0,55.0,98.5,68.1,69.4,89.1,69.5,83.6,55.0,60.0,25188.007415188495
Oman,OMN,2012,67.4368,1.5612029028198,87408842652.7958,8.86312225557018,2.94773495257209,78.187,3547106,110.750350631136,3.753,67.9,50.0,53.0,98.4,53.6,68.2,85.1,72.1,83.7,55.0,60.0,24642.29787685956
Oman,OMN,2013,70.6326,1.79286446946825,89936020806.2419,5.22770408145942,1.05354820265932,78.633,3833913,109.168488109249,3.553,68.1,50.0,48.0,98.5,69.1,68.1,80.9,72.7,78.7,55.0,60.0,23458.023384005297
Oman,OMN,2014,75.0283,1.3876575353227,92699089726.9181,1.29225229411081,1.01401483924156,79.03,4002439,,3.453,67.4,50.0,48.2,98.5,56.0,68.3,75.5,73.6,78.7,65.0,60.0,23160.650225254678
Oman,OMN,2015,79.3244,-2.76001757846703,78710793237.9714,5.01705799719045,0.0652901330286599,79.346,4184895,101.932699190524,3.403,66.7,55.0,47.0,98.5,44.2,68.4,76.1,76.2,76.8,65.0,60.0,18808.307792183892
Oman,OMN,2016,80.628,3.01624952400734,75128738621.5865,5.04642394571691,1.10920805807027,79.581,4390877,102.304902141834,3.266,67.1,55.0,45.0,98.5,36.8,70.1,72.5,77.9,85.0,70.0,60.0,17110.18974605449
Oman,OMN,2017,81.3599,3.56005583896762,80856697009.1027,0.304057565922449,1.58909413567799,79.748,4537396,101.678019833334,2.523,62.1,60.8,47.6,98.5,20.5,68.4,70.3,80.6,85.2,65.0,60.0,17820.06618093345
Oman,OMN,2018,84.3771,6.12067985447931,91505851755.5267,1.28710391543288,0.889312370970404,79.864,4597877,103.951581913667,1.8,61.0,59.5,51.5,98.5,25.0,76.3,55.2,79.2,86.2,65.0,60.0,19901.76156420163
Oman,OMN,2019,85.4259,2.26908923371353,88060858257.4772,-1.12863801728058,0.490815362820671,79.946,4591241,102.141469011215,2.045,61.0,58.1,53.8,97.8,32.5,75.2,57.3,77.7,87.0,65.0,60.0,19180.18641528014
Oman,OMN,2020,82.166,2.51548624054379,75909492847.8544,-3.37972052697999,-0.40640291946585,77.763,4522497,94.5432460924967,2.94,63.6,66.4,64.6,98.4,36.2,74.6,56.9,78.4,81.6,65.0,60.0,16784.86306300577
Oman,OMN,2021,87.7273,10.015189421015,87323797139.1417,2.5821749892893,1.68221185876085,75.969,4500424,94.287268445183,1.9,64.6,68.7,66.0,97.7,39.2,79.2,61.0,85.8,73.6,65.0,60.0,19403.46001602109
Oman,OMN,2022,93.1054,6.25544528201825,109852795838.752,7.98570728354278,2.5061425061425,77.911,4730226,91.9645458184777,3.3,56.6,74.9,53.3,97.7,32.8,58.1,45.7,84.7,73.4,65.0,60.0,23223.582940593536
Oman,OMN,2023,95.7346,11.8157929128229,106174707932.38,1.41401383200161,0.950782997762827,80.031,5049269,,3.176,58.5,75.2,26.1,97.6,50.7,61.8,45.7,82.9,76.2,65.0,60.0,21027.738457265794
Oman,OMN,2024,98.5112,11.6351181598926,107137198699.61,1.63163231397978,0.593589236248469,80.246,5281538,95.1220397949219,3.203,62.9,72.7,42.2,97.6,59.4,65.5,53.3,80.3,76.2,60.0,50.0,20285.227276526268
Oman,OMN,2025,,,109604780696.23,2.39787382295398,0.967741935483928,,5494691,,3.251,65.4,74.5,42.3,97.6,70.8,68.1,52.2,82.5,78.2,70.0,60.0,19947.396622709082
Pakistan,PAK,2001,113.9766,0.38910658649849,97145618479.9038,3.65135017083765,3.14826144590618,62.241,159270907,,0.611,56.0,30.0,22.0,82.0,90.3,55.0,,75.5,49.4,50.0,50.0,609.9395069050734
Pakistan,PAK,2002,113.3313,0.843517300073237,97923302809.3537,2.59481668445784,3.29034472613153,62.556,163222549,,0.615,55.8,30.0,22.0,73.8,85.5,55.0,,76.6,59.0,50.0,50.0,599.9373457239275
Pakistan,PAK,2003,117.4976,0.475207711805665,112371913740.823,5.40131087314342,2.91413470059479,62.834,167110248,19.8385200500488,0.612,55.0,30.0,23.0,65.8,83.9,70.0,,78.1,44.2,50.0,50.0,672.4417866989402
Pakistan,PAK,2004,131.4397,0.845585701616171,132216048339.413,7.83125556961251,7.44462469342739,63.097,171286000,21.7634296417236,0.598,54.9,30.0,26.0,68.2,86.3,70.0,,78.4,55.6,50.0,30.0,771.9022473489543
Pakistan,PAK,2005,133.921,1.51575083116461,145208562960.767,7.2765744364722,9.06332737030417,62.416,175453212,22.6038208007812,0.583,53.3,30.0,25.0,69.7,89.7,70.0,59.6,74.0,54.6,30.0,30.0,827.619861189928
Pakistan,PAK,2006,145.311,2.63975006245443,161871385506.36,6.05163767569996,7.92108440058789,63.624,179682690,27.2463207244873,0.582,57.9,30.0,21.0,71.4,89.5,72.2,58.6,77.2,59.0,50.0,50.0,900.8735649848073
Pakistan,PAK,2007,161.9646,3.03571933817685,184140869997.46,4.4448143398844,7.59868441050774,63.807,184493231,29.0634307861328,0.398,57.2,30.0,21.0,73.0,92.3,71.6,57.4,72.6,63.6,50.0,40.0,998.090114197523
Pakistan,PAK,2008,156.377,2.68936656124595,202203748583.854,2.1204410433083,20.2861210929554,64.002,189499113,29.1768093109131,0.423,55.6,30.0,22.0,79.1,90.1,70.8,56.4,72.2,65.2,40.0,30.0,1067.0432456528386
Pakistan,PAK,2009,160.0753,1.24801305527951,187337783856.466,3.47255059567348,13.6477650639761,64.206,194376534,29.0589694976807,0.535,57.0,30.0,24.0,80.4,90.7,72.5,54.5,72.2,65.6,40.0,40.0,963.7880663952266
Pakistan,PAK,2010,155.6566,1.02791108080423,196709621849.586,1.50171752152883,12.9388705634889,64.378,199239047,29.2962900661933,0.653,55.2,30.0,25.0,80.5,88.8,71.7,49.8,69.4,67.0,30.0,40.0,987.3045711244845
Pakistan,PAK,2011,155.2393,0.575055145839944,230586581059.665,2.68011685421705,11.9160927116277,64.659,203746065,29.7271460529531,0.796,55.1,30.0,24.0,80.5,88.8,70.9,46.3,63.6,67.0,40.0,40.0,1131.7351383432363
Pakistan,PAK,2012,157.11,0.343453048660945,250106966104.704,3.02758391088629,9.68235186055684,64.883,207667125,30.6300201416016,3.667,54.7,30.0,23.0,80.6,88.1,70.0,47.8,66.3,66.0,35.0,40.0,1204.364754915849
Pakistan,PAK,2013,160.7989,0.515353849332245,258657231672.412,4.36686504978387,7.69215611899565,65.129,211073978,31.544819132504,2.954,55.1,30.0,25.0,80.5,89.0,70.7,47.9,67.0,66.0,35.0,40.0,1225.4340119198018
Pakistan,PAK,2014,169.2027,0.695308116834202,271390474857.632,4.11642817161422,7.18938402847028,65.374,214264647,32.6573427323505,1.827,55.2,30.0,22.7,80.6,88.3,69.4,47.3,68.5,64.8,40.0,40.0,1266.6134084995924
Pakistan,PAK,2015,178.2841,0.557734356032139,299963590534.773,4.21794209572506,2.52932817254229,65.641,217290883,34.6741466548496,3.566,55.6,30.0,28.0,77.7,86.1,65.6,42.1,71.2,65.6,50.0,40.0,1380.47020838317
Pakistan,PAK,2016,196.7976,0.821349998064174,313630000130.435,6.57383828511043,3.7651191635658,65.943,220138869,35.8643246680809,2.285,55.9,30.0,29.0,79.0,86.2,61.2,42.1,71.5,65.0,55.0,40.0,1424.691611958972
Pakistan,PAK,2017,213.2958,0.735837049658425,339205534861.1,4.43262590683975,4.08537368032608,66.223,223273967,35.3224248744451,3.204,52.8,36.4,30.5,78.9,87.3,61.2,37.8,74.8,67.2,55.0,40.0,1519.234595142478
Pakistan,PAK,2018,202.3124,0.487745750658143,356128166704.921,6.15170261099519,5.07805725868917,66.481,226928892,37.1466063259079,4.083,54.4,36.0,27.3,78.5,88.2,55.3,40.6,77.7,65.9,55.0,40.0,1569.3381462635487
Pakistan,PAK,2019,198.8407,0.696146480411465,320909472770.669,2.49763692943365,10.5780305672025,66.729,230800899,38.7511552822907,4.83,55.0,41.5,30.6,80.5,87.6,56.1,41.8,72.6,64.8,55.0,40.0,1390.4169098174484
Pakistan,PAK,2020,222.5997,0.684695289874347,300425609817.981,-1.27408744338709,9.74011619320125,65.701,235001746,,5.994,54.8,48.3,29.7,80.4,86.8,54.9,41.3,72.5,64.8,55.0,40.0,1278.3973520689544
Pakistan,PAK,2021,229.1366,0.616039439073827,348516647445.148,6.51388575852702,9.49641577285205,65.773,239477801,40.2578898404389,6.338,51.7,44.9,31.2,73.8,86.0,60.5,41.2,69.7,64.6,60.0,40.0,1455.319223701858
Pakistan,PAK,2022,235.3725,0.389980753542853,374890295666.694,4.7781068690358,19.8738599646655,67.417,243700667,40.4177656413012,5.291,48.8,29.0,27.4,78.0,85.1,49.5,51.6,65.9,65.8,60.0,40.0,1538.3228133171008
Pakistan,PAK,2023,208.8895,0.608281270820624,336686348609.266,-0.414935997088406,30.7681280657005,67.649,247504495,42.2911451386891,5.237,49.4,29.0,29.6,78.3,88.9,45.9,51.6,65.8,65.8,60.0,40.0,1360.324177584193
Pakistan,PAK,2024,203.9883,0.716885239403099,371747087751.306,3.08176295579301,12.6325318530452,67.799,251269164,48.2805022055997,5.492,49.5,29.3,24.9,78.3,88.5,48.3,52.2,63.8,67.6,60.0,40.0,1479.4775524119068
Pakistan,PAK,2025,,,407307214476.222,3.69842668749033,3.54555214890893,,255219554,,5.42,49.1,29.2,28.4,78.3,88.9,51.5,51.8,54.5,69.8,60.0,40.0,1595.90912252837
Panama,PAN,2001,6.2056,4.9522944609476,12252906300.0,0.949908149985234,0.307062436028722,73.82,3069537,66.2995376586914,6.293,70.6,50.0,50.0,81.0,74.8,70.0,,88.3,61.0,70.0,90.0,3991.776707692398
Panama,PAN,2002,5.4104,1.93034036728479,12800851300.0,2.50884372716125,1.00583090379039,74.195,3129344,67.6569900512695,6.302,68.5,30.0,50.0,80.9,76.5,70.0,,87.8,61.0,70.0,90.0,4090.586173971286
Panama,PAN,2003,5.4813,7.72303743989763,13603456000.0,5.09686030493801,0.391666666666709,74.567,3189807,,6.303,68.4,30.0,37.0,81.1,78.3,70.0,,89.9,69.4,70.0,90.0,4264.664288466355
Panama,PAN,2004,5.5089,8.46279991168861,15100203400.0,8.17565333965649,0.474723078204362,74.845,3251155,67.365348815918,6.097,65.3,30.0,30.0,81.2,76.5,70.0,,89.1,70.8,70.0,70.0,4644.565823530407
Panama,PAN,2005,7.102,6.64344440768547,16623906700.0,8.27618334503531,2.85588324760957,75.16,3313026,67.5274200439453,5.967,64.3,30.0,34.0,81.3,79.4,70.0,45.2,89.8,73.6,70.0,70.0,5017.741092282403
Panama,PAN,2006,7.4912,15.7789064536681,18659721500.0,9.85723870564752,2.45789346442102,75.429,3375024,67.3454132080078,5.792,65.6,30.0,37.0,81.3,88.0,73.7,44.2,90.2,71.2,70.0,70.0,5528.767054693537
Panama,PAN,2007,7.478,10.2406206022371,21717433800.0,13.1530653782933,4.1686330029888,75.675,3437490,67.6976089477539,5.665,64.6,30.0,35.0,83.0,89.5,72.7,43.7,85.8,76.2,70.0,60.0,6317.817302741244
Panama,PAN,2008,7.2579,9.29189970284583,25721328000.0,10.1974325907958,8.7586831772878,75.937,3500648,68.7568283081055,5.639,64.7,30.0,31.0,83.0,89.1,73.0,44.6,80.2,76.2,70.0,70.0,7347.5905032439705
Panama,PAN,2009,8.6753,3.90591048455581,27791215500.0,1.61186405976055,2.40905304082201,76.228,3564381,70.2938766479492,5.857,64.7,30.0,32.0,82.6,89.8,74.5,44.1,77.9,76.2,70.0,70.0,7796.926170350476
Panama,PAN,2010,9.1798,8.43207038785787,30231009500.0,6.07339353106087,3.49128872618809,76.417,3628535,71.9136975816467,5.845,64.8,40.0,34.0,82.6,90.0,75.9,41.3,73.2,75.8,65.0,70.0,8331.464213518679
Panama,PAN,2011,9.9976,12.31683544373,35687738300.0,11.9088772249531,5.87580243678763,76.659,3693505,71.7412201114851,4.03,64.9,40.0,34.0,82.6,88.6,75.1,41.1,77.1,75.8,65.0,70.0,9662.295922166073
Panama,PAN,2012,10.4475,8.13045858967083,41595439700.0,9.62729346439019,5.69819959165993,76.877,3759256,,3.691,65.2,40.0,36.0,84.6,88.2,74.4,41.5,77.8,74.8,65.0,70.0,11064.806360620292
Panama,PAN,2013,10.2623,8.09167357098281,46949496500.0,6.32435388662846,4.02715991571061,77.129,3825329,76.4041290283203,3.674,62.5,30.0,33.0,86.2,77.8,72.5,40.1,75.9,74.8,65.0,70.0,12273.32250376373
Panama,PAN,2014,10.7719,9.69216526905834,51427104900.0,4.62581375565551,2.62652699929143,77.365,3892101,76.0406265258789,4.391,63.4,30.0,34.0,84.3,78.7,73.0,39.4,75.1,74.2,75.0,70.0,13213.198963747343
Panama,PAN,2015,10.6313,9.17966898468326,55767806100.0,5.26691719595516,0.137492058461588,77.583,3960035,76.5946807861328,4.335,64.1,30.0,35.0,84.5,78.8,71.5,41.5,76.4,78.4,75.0,70.0,14082.654850272787
Panama,PAN,2016,10.6644,8.78226077131318,59760858700.0,4.57196707937275,0.73973402529995,77.772,4029086,82.601448059082,4.717,64.8,30.0,37.0,84.4,77.9,74.4,42.9,78.6,77.8,75.0,70.0,14832.361160819104
Panama,PAN,2017,10.1483,6.34573158944271,64327688800.0,5.7440594635578,0.875585918759963,77.901,4098707,76.5998992919922,5.338,66.3,61.1,40.9,85.2,83.1,74.4,43.0,78.4,77.8,75.0,70.0,15694.629745429473
Panama,PAN,2018,9.9261,6.39404563819442,67316471200.0,3.91824253321265,0.761578359399945,78.266,4167860,,5.161,67.0,60.9,38.8,85.0,84.1,74.4,43.5,79.5,77.8,75.0,70.0,16151.327347847577
Panama,PAN,2019,13.1641,6.71350419888271,69778991200.0,3.10295395631086,-0.355083821021246,78.514,4234700,,6.256,67.2,60.4,34.1,85.0,85.3,73.6,43.4,79.4,79.2,75.0,70.0,16477.90662856873
Panama,PAN,2020,9.7127,-2.85980025219661,57059846500.0,-17.8211174074602,-1.55027540803761,76.33,4293261,,14.663,67.2,58.8,37.2,85.3,85.7,70.8,43.3,79.4,79.2,75.0,70.0,13290.560834759406
Panama,PAN,2021,10.7711,2.71982266279312,67396392500.0,16.4669992022652,1.63070337301898,77.004,4345405,,10.177,66.2,54.5,39.4,85.2,85.2,72.9,43.7,80.5,77.2,75.0,70.0,15509.80691097838
Panama,PAN,2022,11.4431,3.09254919376261,76479304500.0,11.0386022908773,2.85965128834711,79.324,4400773,,8.086,65.4,58.8,38.0,85.5,81.9,67.1,61.5,78.1,77.2,75.0,70.0,17378.607008359668
Panama,PAN,2023,12.7389,3.26384312723174,83812155200.0,7.16634016390665,1.48641355277038,79.594,4458759,,6.544,63.8,56.8,51.5,85.6,81.1,71.1,61.0,77.3,78.5,75.0,70.0,18797.19338946106
Panama,PAN,2024,12.365,2.41063281860388,86523959100.0,2.74784148771307,0.69322555100446,79.775,4515577,,8.451,64.1,56.9,37.2,85.9,82.6,73.6,61.6,75.1,78.4,75.0,70.0,19161.218843129016
Panama,PAN,2025,,,90462600000.0,4.35030460627731,-0.189587880235675,,4571189,,8.36,65.5,56.0,37.0,86.9,85.2,73.4,60.7,76.4,78.6,60.0,60.0,19789.73085558265
Papua New Guinea,PNG,2001,3.5427,2.05072450909515,3081024212.42924,-0.121288605564772,9.29817332783968,61.647,5728435,,2.801,57.2,50.0,50.0,52.9,73.5,55.0,,87.9,45.2,50.0,50.0,537.8474596341305
Papua New Guinea,PNG,2002,4.0639,0.672123736108209,2999511040.19764,-0.158900533082658,11.7994470972606,61.643,5924003,,2.756,,,,,,,,,,,,506.33178953448197
Papua New Guinea,PNG,2003,4.5293,4.76766811241029,3536411824.2958,2.16410250222083,14.7090779663557,61.741,6123997,,2.628,,,,,,,,,,,,577.4679223872579
Papua New Guinea,PNG,2004,4.819,0.828665064000147,3927157866.96465,2.72117574098235,2.15893131266946,61.795,6328041,,2.526,,,,,,,,,,,,620.5961476805618
Papua New Guinea,PNG,2005,5.2298,0.821562762714584,4865892972.27595,6.34479592309654,1.78080439925826,61.868,6535905,,2.385,,,,,,,,,,,,744.4864899774324
Papua New Guinea,PNG,2006,5.3175,1.53859475240196,8354911040.70193,5.40994409107307,2.3684623841683,62.018,6747720,,2.285,,,,,,,,,,,,1238.1828292670607
Papua New Guinea,PNG,2007,5.2839,1.36861708392094,9545028944.34579,7.81518922862388,0.91135045567524,62.211,6963345,,2.169,,,,,,,,,,,,1370.7534158290005
Papua New Guinea,PNG,2008,5.102,0.410070468415145,11670892800.5309,-0.296457845880582,10.7614182326827,62.511,7183002,,2.168,,,,,,,,,,,,1624.7931993518725
Papua New Guinea,PNG,2009,4.9502,3.61496051286185,11619456449.266,6.80042148322096,6.91832532601224,62.772,7406438,,2.089,54.8,20.0,20.0,67.4,71.0,60.1,81.1,81.4,87.2,30.0,30.0,1568.8319336860716
Papua New Guinea,PNG,2010,4.2314,0.249749808529939,14250786674.7766,10.1284540720232,6.01360893567856,63.056,7633523,,2.002,53.5,20.0,20.0,65.0,63.3,59.1,83.3,72.6,86.2,35.0,30.0,1866.8688985120762
Papua New Guinea,PNG,2011,4.4692,0.202496658911332,17985138065.8549,1.10754362619616,4.44083401028971,63.382,7859346,,2.62,52.6,20.0,21.0,66.3,63.3,60.2,72.4,72.9,85.4,35.0,30.0,2288.3759114123363
Papua New Guinea,PNG,2012,4.2609,0.135226482435046,21295168665.7247,4.65711959686239,4.53720508166972,63.639,8081390,37.0596555013801,2.634,53.8,20.0,21.0,68.3,72.6,59.0,74.0,73.2,84.8,35.0,30.0,2635.0873631546924
Papua New Guinea,PNG,2013,4.5767,0.126069328063533,21261338064.8783,3.82494632800675,4.9603174603175,63.927,8302698,,2.698,53.6,20.0,22.0,67.4,72.3,58.3,73.4,72.4,85.0,35.0,30.0,2560.774589763267
Papua New Guinea,PNG,2014,5.5379,0.126824295087963,23210823987.308,13.5437706216546,5.22211720226841,64.198,8523441,,2.54,53.9,20.0,20.2,66.7,75.4,57.0,73.7,75.5,85.1,35.0,30.0,2723.1752982519615
Papua New Guinea,PNG,2015,5.9739,0.138228028178879,21723437010.0982,6.57835632304275,5.99595778127107,64.473,8743246,,2.507,53.1,20.0,25.0,66.9,68.7,53.5,74.5,72.7,85.0,35.0,30.0,2484.5963398602994
Papua New Guinea,PNG,2016,6.621,-0.188417025477419,20758876952.6232,5.48957315278187,6.6737288135593,64.7,8961718,,2.478,53.2,20.0,25.0,67.3,76.2,59.9,71.9,70.6,85.6,25.0,30.0,2316.3947975849273
Papua New Guinea,PNG,2017,5.7792,-0.788236305745218,22742699138.356,3.53461081750459,5.42204568023834,64.923,9178714,,2.58,50.9,37.7,32.7,67.8,64.5,59.8,67.4,69.8,85.4,25.0,30.0,2477.7653098632336
Papua New Guinea,PNG,2018,4.904,1.27185526445477,24109780708.0268,-0.279252284959952,4.37448921453162,65.114,9394513,44.5501121213216,2.65,55.7,38.0,33.1,71.1,82.0,60.6,66.7,68.8,85.9,25.0,30.0,2566.3683373504086
Papua New Guinea,PNG,2019,5.0364,1.35581279394242,24750626029.8777,4.48051456942582,3.92867290939597,65.331,9609010,46.2668456486691,2.651,58.4,37.4,37.2,71.8,89.1,62.2,72.6,70.0,80.9,25.0,30.0,2575.772741403922
Papua New Guinea,PNG,2020,5.4744,0.473794497066331,23848447849.6081,-3.16743204434815,4.87167398565555,65.075,9815746,44.5528199220061,2.903,58.4,54.9,29.7,71.5,86.4,58.4,69.6,70.7,79.8,25.0,30.0,2429.6113458526843
Papua New Guinea,PNG,2021,5.3867,-0.131802749385713,26113409477.7318,-0.510612607034361,4.48359014042398,64.358,10012896,45.848952374731,3.03,58.9,46.1,32.7,71.5,88.0,57.4,70.2,72.1,80.4,25.0,30.0,2607.977699731606
Papua New Guinea,PNG,2022,5.5295,3.76980845499621,31653230962.4549,5.70701964996525,5.25323922215241,65.274,10203169,,2.689,54.6,42.7,26.2,72.0,86.0,47.9,65.1,71.4,80.4,25.0,30.0,3102.2940973000545
Papua New Guinea,PNG,2023,5.498,0.140519954608903,30816328065.6492,3.81046308333708,2.29869991296791,66.134,10389635,52.0929750873194,2.649,51.7,43.6,44.1,72.0,86.0,46.7,65.2,71.5,77.7,25.0,30.0,2966.064550453332
Papua New Guinea,PNG,2024,5.4677,-0.64380460730506,30803971189.4102,3.88795324667848,0.602403921107917,66.256,10576502,,2.625,49.4,42.9,28.7,71.9,84.8,34.9,64.9,70.8,77.8,25.0,30.0,2912.491406838499
Papua New Guinea,PNG,2025,,,32498658653.8415,5.63792052319458,4.42141364166485,,10762817,,2.571,52.5,44.7,28.5,72.1,85.5,35.5,64.6,73.6,79.8,25.0,30.0,3019.530914057305
Paraguay,PRY,2001,3.7869,1.16763488895181,8495806432.18467,-0.834054716746095,7.26806028584825,70.281,5187689,68.1916809082031,6.206,60.3,30.0,20.0,89.7,90.3,55.0,,72.1,65.8,70.0,50.0,1637.6861512293183
Paraguay,PRY,2002,3.9651,1.25620797120523,7196260656.84556,-0.0214043949985694,10.5102420856612,70.539,5261328,69.8106307983398,9.393,59.6,30.0,20.0,89.8,92.3,55.0,,71.3,58.0,70.0,50.0,1367.7650693599714
Paraguay,PRY,2003,4.0925,-0.750191694990596,7691367471.17992,4.32074548551591,14.2367970499143,70.795,5326436,67.5210266113281,6.814,58.2,30.0,20.0,89.8,92.8,55.0,,72.5,64.0,50.0,50.0,1443.9988523620523
Paraguay,PRY,2004,4.1409,0.976461922292792,9624440836.29309,4.05741836363771,4.32326492967491,71.054,5388175,68.885986328125,6.513,56.7,30.0,17.0,90.0,87.8,55.0,,70.4,59.8,50.0,50.0,1786.2153393854303
Paraguay,PRY,2005,3.8195,0.067986029076693,10737500188.1123,2.13349066459601,6.80738203116377,71.317,5448097,68.879280090332,4.825,53.4,30.0,16.0,90.2,86.9,55.0,28.1,67.5,60.0,50.0,50.0,1970.8716985237784
Paraguay,PRY,2006,4.116,1.39842122336644,13429430050.261,4.80711719268376,9.58934941129229,71.584,5505148,68.669563293457,5.277,55.6,30.0,19.0,90.1,90.8,50.0,28.9,72.9,74.6,50.0,50.0,2439.4312469457677
Paraguay,PRY,2007,3.9111,0.588024684579866,17856393235.4338,5.42162287218235,8.13047417698577,71.817,5559386,69.0111694335938,4.713,58.3,30.0,21.0,96.7,91.4,49.3,28.5,78.4,77.4,50.0,60.0,3211.936216595466
Paraguay,PRY,2008,4.5677,1.83503669212202,24615267663.5456,6.4962921197091,10.1547846489023,72.047,5613574,70.5332565307617,4.415,60.0,35.0,26.0,96.6,90.8,58.5,28.0,76.6,78.4,50.0,60.0,4384.954694379303
Paraguay,PRY,2009,4.7128,0.860674450934745,22355151161.994,-0.261137328080281,2.59194673430567,72.282,5671236,71.5204086303711,5.46,61.0,30.0,24.0,96.6,90.4,61.7,27.0,76.7,83.6,60.0,60.0,3941.8481547927117
Paraguay,PRY,2010,5.2439,2.76173378510787,27260886405.2263,11.0952312685521,4.65116279069765,72.551,5737971,73.1651100594436,4.569,61.3,30.0,24.0,96.6,91.7,60.9,26.1,75.4,83.5,65.0,60.0,4750.9627366932145
Paraguay,PRY,2011,5.451,1.95875255092885,33756238766.5,4.28637120702282,8.2539682539683,72.787,5814626,75.882698059082,4.67,62.3,30.0,21.0,97.6,93.4,61.7,24.9,80.9,83.0,70.0,60.0,5805.401545430437
Paraguay,PRY,2012,5.4123,2.61172771954633,33271921136.315,-0.708043112316886,3.67591897974496,73.105,5897008,82.8002090454102,4.085,61.8,30.0,22.0,96.9,88.5,59.8,27.2,81.4,82.7,70.0,60.0,5642.169916729806
Paraguay,PRY,2013,5.641,1.13236628162492,38501122141.4241,8.29307648940471,2.68385738718582,73.292,5982445,,4.385,61.1,30.0,22.0,95.9,85.4,59.1,25.6,79.8,82.7,70.0,60.0,6435.683427331819
Paraguay,PRY,2014,5.9499,2.51353754605074,40377929295.6419,5.30123864473624,5.02882767456766,73.415,6069811,,5.034,62.0,30.0,20.5,96.2,89.0,58.0,28.9,80.9,81.1,75.0,60.0,6652.254789422916
Paraguay,PRY,2015,6.661,2.22350808882673,36211447840.0971,2.95715168367079,3.12900274473925,73.454,6159103,,4.556,61.1,30.0,24.0,96.0,81.9,58.4,26.3,78.3,81.4,75.0,60.0,5879.337923086706
Paraguay,PRY,2016,7.5122,2.27032682691816,36089700222.9461,4.26802583314583,4.08682280577241,73.487,6249126,81.8651046483746,5.255,61.5,30.0,24.0,96.3,83.3,62.6,30.4,76.8,76.2,75.0,60.0,5775.159633994594
Paraguay,PRY,2017,8.4688,1.94681321407537,38997129473.5558,4.81007885554041,3.60247741348943,73.45,6338660,,6.138,62.4,38.2,32.6,96.2,83.0,62.4,28.5,78.3,76.6,75.0,60.0,6152.267115377036
Paraguay,PRY,2018,8.7429,0.787454987833175,40225448340.6322,3.20425034076639,3.97561015740694,73.627,6427382,,6.217,62.1,38.3,28.3,96.1,82.2,62.2,29.9,72.4,76.1,75.0,60.0,6258.449916409543
Paraguay,PRY,2019,8.5218,1.28022785728037,37925338329.1494,-0.40185510068001,2.75709727562775,73.668,6515058,,6.595,61.8,39.5,25.5,96.3,78.9,61.5,29.2,72.8,76.6,75.0,60.0,5821.181995486364
Paraguay,PRY,2020,7.8549,0.816723740272233,35432178068.1814,-0.819785390971916,1.76751592356698,72.72,6603739,85.6669309236136,7.548,63.0,44.7,29.6,96.1,88.6,60.9,29.0,72.5,75.4,75.0,60.0,5365.472207211914
Paraguay,PRY,2021,7.9771,1.46244749899002,39937357255.8716,3.99461510731535,4.787983101236,68.108,6684182,84.787987118923,7.311,62.6,41.6,32.2,96.2,86.7,59.6,31.8,73.8,76.4,75.0,60.0,5974.905718586298
Paraguay,PRY,2022,8.0051,2.0438895221054,41841201626.7253,-0.0280771723899278,9.76556667164402,72.319,6760464,82.3071472143291,6.755,62.9,45.5,29.5,96.1,84.0,65.4,39.4,75.6,77.0,75.0,60.0,6189.102053753308
Paraguay,PRY,2023,7.7424,2.57700191370443,43140465595.6662,5.28584584975323,4.63202285403356,73.844,6844146,79.7518585422984,5.794,61.0,46.8,37.9,96.2,81.7,69.5,39.5,72.6,77.2,75.0,60.0,6303.264950172921
Paraguay,PRY,2024,8.0253,2.45295029321833,44738819362.3269,4.66914577981763,3.83540271728533,73.982,6929153,79.1305613911018,5.686,60.1,45.0,27.3,96.0,81.6,69.0,39.8,67.3,77.2,75.0,60.0,6456.607230685611
Paraguay,PRY,2025,,,49278227554.3339,6.64262511156879,4.0380642333938,,7013078,,4.803,65.2,45.0,27.7,97.0,87.1,73.2,48.2,74.6,78.2,75.0,60.0,7026.619061464011
Peru,PER,2001,26.9396,2.19922450158059,52030158775.4055,0.617892325624297,1.97709878502053,70.315,26964601,83.8087387084961,5.068,69.6,50.0,46.0,80.1,92.3,70.0,,81.0,66.6,70.0,70.0,1929.572730388464
Peru,PER,2002,28.102,3.93562084538866,54777553515.0809,5.45352893818767,0.193135003853722,70.815,27288217,85.1464004516602,4.84,64.8,30.0,44.0,80.5,91.3,55.0,,82.3,60.4,70.0,70.0,2007.3701962675284
Peru,PER,2003,27.5531,2.27308642513175,58731030121.8671,4.16502313666112,2.25937753363072,71.278,27580490,78.4806213378906,4.15,64.6,30.0,41.0,81.6,88.8,55.0,,84.8,59.8,70.0,70.0,2129.441141976343
Peru,PER,2004,31.8204,2.39489207548148,66768703497.5687,4.95820320611745,3.66247320092233,71.447,27852190,81.8064575195312,4.71,64.7,30.0,40.0,81.5,87.5,55.0,,88.8,59.8,70.0,70.0,2397.251472777139
Peru,PER,2005,31.8397,3.39034816926813,76060606060.6061,6.28506032509601,1.61630193862544,71.988,28101180,82.8499298095703,4.87,61.3,30.0,37.0,82.3,76.0,55.0,45.9,86.6,59.8,70.0,70.0,2706.6694729760848
Peru,PER,2006,31.49,3.91065680458787,88643193061.748,7.5288990440594,2.00225801248819,72.337,28324491,85.8261795043945,4.17,60.5,30.0,35.0,80.3,75.6,65.6,47.0,84.0,67.2,50.0,70.0,3129.5599649698206
Peru,PER,2007,34.3741,5.37428655925625,102170981144.136,8.5183877690955,1.77998644680372,72.746,28530699,88.9029235839844,4.08,62.7,40.0,35.0,80.2,91.4,65.2,46.6,85.7,72.6,50.0,60.0,3581.089308191713
Peru,PER,2008,38.9946,5.74335697642786,120550599815.441,9.1265683014642,5.78587598206755,72.743,28719041,90.2652816772461,4.03,63.8,40.0,33.0,80.2,91.8,65.7,47.5,85.9,73.4,60.0,60.0,4197.584446341401
Peru,PER,2009,41.9747,5.32237544034606,120822986521.479,1.0958236592427,2.936231535967,72.631,28896811,93.8280029296875,3.96,64.6,40.0,35.0,79.7,91.8,65.1,48.7,86.5,79.4,60.0,60.0,4181.187554622516
Peru,PER,2010,45.8483,5.73087732837535,147527631520.729,8.33245910749577,1.52832059732901,72.886,29086019,96.13037109375,3.6,67.6,40.0,36.0,79.5,92.3,65.8,66.1,81.6,85.0,70.0,60.0,5072.1149401961475
Peru,PER,2011,49.1793,4.47262658184166,171761737046.585,6.32719240161117,3.36931095333853,73.327,29304086,97.5231475830078,3.477,68.6,40.0,37.0,79.4,91.0,71.9,67.7,83.1,86.0,70.0,60.0,5861.357936452445
Peru,PER,2012,49.1215,7.36173683394684,192650021648.583,6.13972470560435,3.61121294940163,73.979,29550366,96.4381103515625,3.238,68.7,40.0,35.0,79.7,90.9,72.0,68.5,85.5,85.0,70.0,60.0,6519.378529815265
Peru,PER,2013,50.3235,4.75734900182415,201175543571.392,5.85251821084928,2.76789666082002,74.591,29817919,101.583869934082,3.575,68.2,40.0,34.0,79.9,89.1,72.3,67.1,84.3,85.0,70.0,60.0,6746.800256966021
Peru,PER,2014,53.2525,2.12302965027806,200786250582.943,2.38215737180541,3.41194579807465,75.26,30115826,99.8733825683594,3.208,67.4,40.0,34.0,79.1,89.1,70.6,61.4,83.3,87.0,70.0,60.0,6667.134103608614
Peru,PER,2015,54.9014,3.90315707606412,189802976285.619,3.25224477218451,3.39809194746308,75.732,30457600,100.251571655273,3.272,67.7,40.0,38.0,78.6,88.5,67.7,63.4,83.9,87.0,70.0,60.0,6231.71150338894
Peru,PER,2016,57.5009,3.66247550178788,191898104390.379,3.95331871520767,3.55717663556279,75.951,30866494,102.150123596191,3.741,67.4,40.0,38.0,78.5,86.1,67.8,62.9,83.7,87.0,70.0,60.0,6217.035999954482
Peru,PER,2017,55.2172,3.65967264603654,211007984080.911,2.51883544233135,2.99490045809443,75.958,31324637,101.044578552246,3.691,68.9,58.3,38.8,80.3,85.1,69.4,62.8,83.3,87.1,75.0,60.0,6736.166937254884
Peru,PER,2018,55.3468,2.78225210860643,222597009739.235,3.969351341365,1.50915423024742,76.018,31897584,99.8580093383789,3.492,68.7,56.9,36.6,80.6,85.6,69.2,62.4,83.1,87.1,75.0,60.0,6978.491215486257
Peru,PER,2019,58.1719,2.25881990677455,228346006003.648,2.24063176875049,2.25212191358027,76.275,32449303,99.5297164916992,3.379,67.8,56.1,31.8,80.6,86.1,67.8,63.5,83.9,86.4,75.0,60.0,7037.008036926032
Peru,PER,2020,47.5328,0.464940476173709,201409694755.934,-10.9333065010382,2.00241205759292,73.832,32838579,100.138702392578,7.179,67.9,54.9,33.5,80.8,86.4,67.1,62.9,86.3,88.4,75.0,60.0,6133.325524101819
Peru,PER,2021,59.6288,3.15463147592016,226406075008.878,13.4166456126513,4.27166381536798,71.596,33155882,101.589141845703,5.097,67.7,53.3,36.3,79.4,86.4,66.2,63.2,86.1,86.4,75.0,60.0,6828.534225356393
Peru,PER,2022,63.74,4.6280339832618,246169867862.821,2.81819976419922,8.33370630096231,76.834,33475438,103.591468811035,4.291,66.5,49.7,39.7,79.5,84.2,65.3,59.6,81.4,81.4,75.0,60.0,7353.745987216687
Peru,PER,2023,65.0789,1.64334960973353,268025009709.319,-0.350699814345759,6.45561348369586,77.74,33845617,111.395393371582,4.899,66.5,51.4,48.2,80.0,83.3,72.8,58.3,78.5,81.2,75.0,60.0,7919.046348285481
Peru,PER,2024,69.2652,2.29780708272736,291751523018.903,3.5152749274832,2.00770739412712,77.941,34217848,108.289047241211,5.199,64.8,44.9,36.3,79.1,81.8,69.5,59.3,74.0,81.4,75.0,60.0,8526.296657197818
Peru,PER,2025,,,334854659181.893,3.43056395124466,1.53125450314273,,34576665,,5.117,65.9,44.9,34.0,79.4,83.9,70.6,65.1,73.9,81.6,60.0,60.0,9684.411703149884
Poland,POL,2001,309.7595,2.95949603020482,191823200371.284,1.23374464400356,5.4083354556615,74.2,38248076,101.693962097168,18.435,61.8,70.0,42.0,61.3,44.5,70.0,,70.9,77.6,70.0,50.0,5015.237900366125
Poland,POL,2002,302.5145,2.04862965818155,199694463255.567,1.90119437968586,1.90528215048054,74.4975609756098,38230364,103.719223022461,20.211,65.0,70.0,41.0,65.3,49.6,70.0,,70.4,78.8,70.0,70.0,5223.451789670822
Poland,POL,2003,315.3023,2.45743497066474,218561225998.47,3.52337117234833,0.682701375787632,74.5975609756098,38204570,106.250358581543,19.899,61.8,70.0,41.0,65.6,46.1,70.0,,73.5,70.2,50.0,70.0,5720.813661781039
Poland,POL,2004,317.4868,5.41150845702569,256268656145.134,5.09079546409544,3.38264681884699,74.8463414634146,38182222,98.4879837036133,18.822,58.7,50.0,40.0,64.9,35.1,70.0,,78.1,70.4,50.0,70.0,6711.727152629672
Poland,POL,2005,317.098,3.59641795552772,306999913150.525,3.26082274679216,2.18379872390251,74.9951219512195,38165445,101.085952758789,17.592,59.6,50.0,36.0,68.3,30.3,70.0,60.0,82.3,79.2,50.0,70.0,8043.923322537574
Poland,POL,2006,330.7509,6.20790606582043,345897630736.173,6.20210710934373,1.28469394366416,75.1439024390244,38141267,100.597557067871,13.794,59.3,50.0,35.0,68.7,39.5,56.5,61.2,79.6,82.4,50.0,70.0,9068.85528307628
Poland,POL,2007,330.3011,5.82502177093229,429715132137.503,6.7604478527626,2.4587431238539,75.2439024390244,38120560,100.348258972168,9.551,58.1,50.0,34.0,68.6,44.8,55.3,61.4,80.3,86.6,50.0,50.0,11272.529368338319
Poland,POL,2008,324.5779,2.7209993736918,535612030671.888,4.38377069274605,4.16497193524779,75.5439024390244,38125759,99.9508209228516,7.069,60.3,50.0,37.0,68.6,43.5,54.2,61.3,82.3,86.0,60.0,60.0,14048.560467265399
Poland,POL,2009,311.3787,3.18105494953636,440891472247.096,2.61512859291683,3.79539242483399,75.6951219512195,38151603,99.6487579345703,8.131,60.3,50.0,42.0,69.0,42.2,53.7,59.8,80.8,85.8,60.0,60.0,11556.302686602605
Poland,POL,2010,329.3834,3.94489462074706,478111630683.514,3.16892748258036,2.58069370250548,76.2463414634146,38042794,100.207778930664,9.578,63.2,55.0,46.0,74.9,46.8,62.2,61.5,78.1,87.5,60.0,60.0,12567.73176763815
Poland,POL,2011,326.9383,3.57128957712437,527848543023.469,5.25546256612796,4.23940149625932,76.6951219512195,38063255,100.617851257324,9.576,64.1,60.0,50.0,74.0,43.8,61.4,61.2,78.1,87.6,65.0,60.0,13867.666940819145
Poland,POL,2012,319.7269,1.52886091421625,498148649702.66,1.51178167644575,3.56037151702793,76.7463414634146,38063164,100.56485748291,10.031,64.2,60.0,53.0,74.4,40.3,61.4,61.3,79.1,87.1,65.0,60.0,13087.420943320949
Poland,POL,2013,315.0899,0.258983446617592,518179836405.36,0.684240607051805,0.991982606332335,77.0,38040196,111.516960144043,10.293,66.0,60.0,55.0,76.0,43.0,64.0,62.9,77.7,86.8,65.0,70.0,13621.902379403093
Poland,POL,2014,302.5703,3.85089176515991,542134167178.627,3.92050862390032,0.0538213132399802,77.6024390243903,38011735,110.031021118164,8.971,67.0,60.0,54.8,76.1,43.2,70.1,60.4,77.8,87.8,70.0,70.0,14262.2841914116
Poland,POL,2015,305.7942,3.29546177974363,480054118583.367,4.43176700264478,-0.874125874125862,77.4512195121951,37986412,109.41478729248,7.475,68.6,60.0,60.0,82.1,47.1,67.3,60.4,81.3,88.0,70.0,70.0,12637.522032440627
Poland,POL,2016,316.728,3.81608721408819,473259623976.262,3.03117767594847,-0.664767331433962,77.8512195121951,37970087,109.117248535156,6.141,69.3,65.0,61.0,75.5,46.5,68.7,58.0,85.2,88.0,75.0,70.0,12464.012104482721
Poland,POL,2017,330.2221,2.37812815599278,528356723263.073,5.15245773325907,2.07593553673859,77.7536585365854,37974826,109.45922088623,4.867,68.3,60.8,55.5,76.0,46.9,67.8,61.5,84.7,87.0,75.0,70.0,13913.341519012438
Poland,POL,2018,329.6329,3.34803954559233,594616632477.019,6.2458584723942,1.81295156542689,77.6024390243903,37974750,110.541938781738,3.835,68.5,61.8,50.9,75.9,47.8,67.2,63.9,85.0,86.9,75.0,70.0,15658.210586692974
Poland,POL,2019,312.0707,3.15455649244208,602683770144.88,4.58045817256199,2.22747880938291,77.9048780487805,37965475,109.753303527832,3.267,67.8,62.3,49.8,74.9,48.8,65.4,63.9,82.1,86.0,80.0,70.0,15874.522053125373
Poland,POL,2020,296.8799,3.31499059495462,605914237903.742,-2.03556882399977,3.37446972618589,76.4,37515748,112.576263427734,3.155,69.1,63.1,64.6,74.7,48.8,62.6,62.0,82.0,86.4,80.0,70.0,16150.930481347244
Poland,POL,2021,324.0123,5.44306737738578,689170230665.35,6.92718266052501,5.05502704719272,75.3512195121951,36981559,110.52970123291,3.268,69.7,63.3,65.0,73.9,48.1,61.6,66.1,80.8,84.0,80.0,70.0,18635.510489575357
Poland,POL,2022,307.9616,6.00626096603428,695607470875.276,5.25545697386036,14.4294507575758,77.1560975609756,36821749,108.48217010498,2.811,68.7,72.3,60.6,73.6,41.9,78.7,55.7,79.1,79.2,80.0,70.0,18891.21211692785
Poland,POL,2023,280.6501,4.38918673390545,812451193396.143,0.249610834017872,11.5289127961105,78.2585365853659,36687353,108.386131286621,2.743,67.7,72.7,52.7,73.2,40.0,74.8,55.4,76.7,78.6,80.0,70.0,22145.266064742882
Poland,POL,2024,276.0619,2.24523191798779,917767106146.761,3.02841630700273,3.79060897630197,78.409756097561,36559233,107.881309509277,2.807,66.0,72.0,58.3,72.6,38.5,74.6,58.0,68.9,79.2,80.0,70.0,25103.565661422956
Poland,POL,2025,,,1035491784197.44,3.5727250346774,3.81419531520146,,36435861,,2.976,67.1,72.3,58.4,73.8,39.7,77.8,56.8,68.5,79.6,80.0,70.0,28419.577739563774
Portugal,PRT,2001,63.4978,5.02761444190448,121604107164.997,1.94367213427915,4.36990330551792,76.8146341463415,10362722,108.49845123291,3.829,66.0,70.0,67.0,61.6,41.9,70.0,,85.2,78.0,70.0,50.0,11734.764974395433
Portugal,PRT,2002,67.7384,0.436137292252839,134795565549.419,0.770924781247714,3.60034658290915,77.0658536585366,10419631,109.794471740723,4.497,65.4,70.0,64.0,60.8,39.3,70.0,,84.7,79.6,70.0,50.0,12936.692820448152
Portugal,PRT,2003,62.8034,6.26697257909762,165226175536.793,-0.930521045062918,3.21899090682895,77.219512195122,10458821,108.311233520508,6.132,64.9,70.0,63.0,61.8,35.7,70.0,,82.6,81.4,70.0,50.0,15797.782134027631
Portugal,PRT,2004,64.5657,1.312247289237,189382122532.169,1.78873552917291,2.365362040973,77.6707317073171,10483861,95.0831298828125,6.319,64.9,70.0,63.0,62.3,36.2,70.0,,82.9,79.8,70.0,50.0,18064.158093298738
Portugal,PRT,2005,67.8316,1.70741232717781,197253876704.921,0.781847569123585,2.27716394887838,78.0707317073171,10503330,96.4346008300781,7.582,62.4,70.0,66.0,61.7,32.0,70.0,41.2,83.2,80.2,70.0,50.0,18780.127512409967
Portugal,PRT,2006,62.9435,6.41633004151996,208756449275.848,1.62503532956156,3.1076654587105,78.419512195122,10522288,95.6554183959961,7.649,62.9,70.0,63.0,64.0,29.7,73.3,42.2,84.4,82.4,70.0,50.0,19839.454049903215
Portugal,PRT,2007,61.3381,2.50093088549298,240496147317.381,2.50657937751231,2.45396528138746,78.3219512195122,10542964,99.3079605102539,7.965,64.0,70.0,65.0,62.3,35.4,78.6,41.5,80.4,86.6,70.0,50.0,22811.05648443654
Portugal,PRT,2008,59.2617,2.96892594201258,263416394624.084,0.319247344434558,2.58850657657956,78.5243902439025,10558177,101.609558105469,7.553,63.9,70.0,66.0,61.3,32.6,80.5,43.1,79.4,86.0,70.0,50.0,24949.04135667398
Portugal,PRT,2009,58.4903,2.35133912553896,244667762835.543,-3.12207827545093,-0.835530021504157,78.7268292682927,10568247,105.083099365234,9.432,64.9,70.0,65.0,61.6,35.4,81.1,40.3,79.9,85.8,70.0,60.0,23151.215413071157
Portugal,PRT,2010,53.2485,3.77376819569615,238443864993.217,1.73762453640036,1.40257289895372,79.0268292682927,10573100,107.523330688477,10.771,64.4,70.0,61.0,61.0,37.1,80.5,37.0,79.7,87.5,70.0,60.0,22551.93509880896
Portugal,PRT,2011,51.3977,4.23648756430888,245426767676.002,-1.71352745905065,3.6530110043073,80.4707317073171,10557560,108.864181518555,12.715,64.0,70.0,58.0,61.1,36.2,80.1,34.7,82.3,87.6,70.0,60.0,23246.542541648072
Portugal,PRT,2012,49.7787,7.21535195239496,216536676771.973,-4.05090267621935,2.77333854051576,80.3731707317073,10514844,110.253372192383,15.509,63.0,70.0,60.0,59.0,25.5,83.0,32.5,82.6,87.1,70.0,60.0,20593.427422410925
Portugal,PRT,2013,48.1388,6.43654323197598,226677408291.745,-0.984106574148328,0.274416666666663,80.7219512195122,10457295,118.932960510254,16.237,63.1,70.0,61.0,61.6,28.3,82.8,31.0,79.4,86.8,70.0,60.0,21676.485964271353
Portugal,PRT,2014,47.6708,5.43851031792652,230078616299.675,0.741391420706506,-0.278153367467428,81.1219512195122,10401062,114.901290893555,13.88,63.5,70.0,61.1,60.1,26.8,84.9,34.6,79.3,87.8,70.0,60.0,22120.68501271072
Portugal,PRT,2015,51.7215,0.63522205292535,199038523119.639,1.58979803702681,0.48793862390472,81.1243902439025,10358076,116.804588317871,12.405,65.3,70.0,62.0,61.1,28.8,87.5,42.9,82.8,88.0,70.0,60.0,19215.78130143465
Portugal,PRT,2016,50.523,3.56282992803299,206305431241.638,2.00414129666575,0.607397074641719,81.1243902439025,10325452,115.488418579102,11.058,65.1,70.0,63.0,60.5,24.8,85.3,43.5,85.7,88.0,70.0,60.0,19980.280886651548
Portugal,PRT,2017,55.1436,5.02041551787587,220862990767.229,3.31472008175986,1.36861411643482,81.4243902439025,10300300,117.235328674316,8.878,62.6,73.3,59.0,59.8,25.1,86.4,43.4,85.9,87.0,70.0,60.0,21442.384276887955
Portugal,PRT,2018,51.1078,3.46584287446499,242092894542.888,2.94628343449202,0.993715683468233,81.3243902439024,10283822,118.28833770752,6.966,63.4,69.2,56.8,59.8,29.8,83.2,44.1,85.3,86.9,70.0,60.0,23541.140107528892
Portugal,PRT,2019,46.4279,4.5038935303436,240115970063.019,2.74568432648596,0.338178410046124,81.6756097560976,10286263,119.519371032715,6.422,65.3,71.5,59.5,59.9,35.6,79.7,44.3,83.0,86.0,70.0,60.0,23343.36289700341
Portugal,PRT,2020,40.6444,1.8141455418251,229618773422.577,-8.20463159324387,-0.0124383299576209,81.3292682926829,10297081,118.68286895752,6.85,67.0,75.4,68.9,59.6,39.8,76.5,44.1,83.0,86.4,70.0,60.0,22299.404406217353
Portugal,PRT,2021,38.962,3.60836004516304,256055879091.139,5.55875672070374,1.26565719069044,81.3780487804878,10361831,118.984870910645,6.712,67.5,74.1,68.2,60.0,42.4,75.9,44.1,85.0,84.0,70.0,60.0,24711.451006211064
Portugal,PRT,2022,39.6684,5.08368921917484,256898677175.024,6.98584137580278,7.83269124233323,81.6317073170732,10434332,120.926139831543,6.138,70.8,89.9,67.8,60.4,39.5,76.2,55.5,86.8,79.2,70.0,60.0,24620.519758718045
Portugal,PRT,2023,37.4114,3.96325428743124,292323800948.839,3.09998745904281,4.31128191898681,82.3292682926829,10578174,120.347076416016,6.498,69.5,89.9,90.7,60.5,34.7,76.2,55.1,84.8,78.6,70.0,60.0,27634.618313977346
Portugal,PRT,2024,35.5573,4.29974090969256,313656884870.859,2.21459232301109,2.41613187791876,82.3829268292683,10694681,,6.5,68.7,89.4,65.5,59.8,33.0,79.3,57.6,75.0,79.2,70.0,60.0,29328.30674153432
Portugal,PRT,2025,,,346639825141.821,1.86448007464475,2.33601620316701,,10804871,,6.164,70.5,90.1,63.9,59.8,40.2,79.6,57.1,75.1,79.6,70.0,60.0,32081.810615029182
Qatar,QAT,2001,32.4296,1.68498245614035,17538461538.4615,3.89814748805541,1.47133434804683,75.486,677925,87.8413467407227,0.87,60.0,50.0,70.0,87.5,47.1,55.0,,75.2,75.0,50.0,30.0,25870.799186431388
Qatar,QAT,2002,36.2002,3.2221054423699,19363736263.7363,7.18252331136711,0.239999999999952,75.766,711205,87.4843902587891,0.87,61.9,50.0,70.0,87.5,56.7,55.0,,81.2,77.0,50.0,30.0,27226.659351011735
Qatar,QAT,2003,38.2693,2.65541575709466,23533791208.7912,3.7199194981967,2.26456504389469,76.097,744682,88.7019805908203,0.87,65.9,50.0,70.0,87.5,70.2,55.0,,87.1,73.0,50.0,50.0,31602.47086513599
Qatar,QAT,2004,41.1694,3.77817958307362,31734065934.0659,19.2185032411244,6.79933665008279,76.484,773332,90.0552520751953,0.87,66.5,50.0,70.0,87.5,69.7,55.0,,90.0,76.6,50.0,50.0,41035.500838017695
Qatar,QAT,2005,43.56,5.61413033419499,44530494505.4945,7.49272803754515,8.81439532334683,76.909,825408,90.0544815063477,0.87,63.5,50.0,56.0,99.9,75.5,55.0,60.0,81.7,76.6,30.0,50.0,53949.67640911464
Qatar,QAT,2006,48.987,5.74881210770224,60882142857.1429,26.17039955781,11.8358096197431,77.323,972831,91.3522491455078,0.87,62.4,50.0,52.0,99.9,71.7,60.0,60.0,75.7,74.6,30.0,50.0,62582.445313875585
Qatar,QAT,2007,56.1475,5.89624023353357,79711813186.8132,17.9852165615129,13.7581625759964,77.741,1208595,91.991569519043,0.52,62.9,50.0,59.0,99.8,71.4,60.0,60.0,72.4,76.4,30.0,50.0,65954.11464288137
Qatar,QAT,2008,61.8584,3.27807198278287,115269780219.78,17.6630346842674,15.0501451570333,78.262,1426938,97.6288604736328,0.31,62.2,50.0,60.0,99.8,72.1,60.0,60.0,69.4,70.8,30.0,50.0,80781.21139095041
Qatar,QAT,2009,63.9748,8.3076413079166,97798351648.3516,11.9575512911227,-4.86327801622565,78.837,1608903,97.2014999389648,0.31,65.8,50.0,60.0,99.9,69.1,75.7,64.7,67.3,81.6,40.0,50.0,60785.73515516572
Qatar,QAT,2010,72.2126,3.73261315829573,125122252747.253,16.7315558489187,-2.42525675161714,79.444,1616832,98.150178716375,0.45,69.0,65.0,65.0,99.9,73.7,73.7,69.1,65.9,82.2,45.0,50.0,77387.29363796177
Qatar,QAT,2011,83.1847,0.559389030984015,167775274725.275,13.0214050496923,1.13836623529202,79.994,1624761,96.4676867591291,0.56,70.5,70.0,70.0,99.8,78.1,70.3,67.0,71.9,82.4,45.0,50.0,103261.51029306771
Qatar,QAT,2012,92.3214,0.21188872224358,186833502362.637,4.62623675511804,2.31534853431661,80.499,1722438,98.6139808267348,0.48,71.3,70.0,77.0,99.7,73.6,69.7,67.9,77.1,82.5,45.0,50.0,108470.37882503579
Qatar,QAT,2013,102.1334,-0.422882595917482,198727642967.033,4.43070196521455,3.22197756829293,80.974,1916426,97.3663778760953,0.28,71.3,70.0,72.0,99.8,81.2,69.4,63.4,80.3,82.5,45.0,50.0,103697.00837237285
Qatar,QAT,2014,110.7647,0.504491036758769,206224598571.429,4.11911527912761,3.34972085659523,81.395,2151745,97.8845311253665,0.2,71.2,70.0,72.4,99.9,72.1,71.7,70.0,81.2,79.8,45.0,50.0,95840.63100945
Qatar,QAT,2015,114.0841,0.662099304441699,161739955576.923,4.75334572438737,1.8140772393776,81.785,2344557,101.946830749512,0.17,70.8,70.0,68.0,99.7,71.9,70.5,71.2,79.7,81.8,45.0,50.0,68985.2946961507
Qatar,QAT,2016,114.0546,0.510044137883475,151732181868.132,3.06419188430156,2.6765917009819,82.147,2477113,97.44147524298,0.15,70.7,65.0,69.0,99.7,70.4,71.4,70.7,74.1,81.8,45.0,60.0,61253.63754827979
Qatar,QAT,2017,114.1057,0.612038723345893,161099122225.275,-1.49760470227838,0.394878914083005,82.458,2545820,101.989694099425,0.14,73.1,74.8,59.0,99.6,71.2,68.1,65.4,80.6,83.1,55.0,60.0,63279.85569493326
Qatar,QAT,2018,114.8966,-1.19249695201383,183334953818.681,1.23487220191065,0.255815382724408,82.714,2580734,102.1549014004,0.11,72.6,70.3,71.6,99.6,60.2,71.3,65.4,75.0,83.3,60.0,60.0,71039.84905793506
Qatar,QAT,2019,117.6635,-1.59472537643955,176371267692.308,0.688240954592672,-0.666641124861147,82.945,2638657,105.162567508393,0.1,72.6,64.5,77.4,99.7,56.8,71.2,65.9,78.4,83.2,60.0,60.0,66841.30134849207
Qatar,QAT,2020,115.3371,-1.68550858988767,144411363351.648,-3.5576039896784,-2.5403150300476,80.409,2794148,105.869328366077,0.14,72.3,66.9,64.6,99.8,64.6,71.1,65.9,80.6,81.6,60.0,60.0,51683.50543766758
Qatar,QAT,2021,118.4421,-0.608353846418717,179732009560.44,1.62684671918775,2.30446565742003,81.083,2504910,95.6694483531864,0.14,72.0,68.3,54.0,97.9,69.2,74.0,65.9,80.7,81.4,60.0,60.0,71751.8831257171
Qatar,QAT,2022,120.1007,0.0322850616403459,235709325714.286,4.18500970982862,4.99527553740761,81.857,2657333,102.968360766419,0.13,67.7,68.6,60.0,97.8,69.3,58.6,51.9,76.0,81.4,60.0,60.0,88701.46335227313
Qatar,QAT,2023,129.1964,-0.222614821674707,213002809340.659,1.18715991623776,3.02764899198902,82.368,2656032,100.136596679688,0.13,68.6,71.2,39.8,99.7,68.9,62.4,52.6,75.6,81.6,60.0,60.0,80195.87465085473
Qatar,QAT,2024,135.2669,0.212749202349259,216294505494.505,3.10963283242745,1.26734310292375,82.522,2857822,99.578857421875,0.13,68.8,70.4,51.7,99.7,74.0,66.1,52.5,72.2,81.6,60.0,60.0,75685.08657799716
Qatar,QAT,2025,,,215559615384.615,2.90166036660493,,,2972215,,0.13,70.2,71.1,52.6,99.9,78.1,67.9,59.3,73.2,81.6,60.0,60.0,72524.90663852211
Republic of Congo,COG,2001,4.3989,-4.84426109284501,2796704604.03812,3.80260189913561,0.0559899218140583,55.885,3272537,,19.88,44.3,30.0,10.0,54.3,89.2,55.0,,74.9,25.0,30.0,30.0,854.5983144080938
Republic of Congo,COG,2002,2.8595,6.59456506726084,3034250923.97726,4.58187006108889,4.37875971780873,56.414,3350771,36.9716186523438,19.644,45.3,30.0,10.0,54.5,67.3,55.0,,82.8,48.2,30.0,30.0,905.538135544703
Republic of Congo,COG,2003,3.5666,6.28014568176251,3503723087.74483,0.813264076303781,-0.631844987363156,57.131,3445753,38.03369140625,19.877,47.7,30.0,10.0,58.8,80.5,55.0,,86.7,48.2,30.0,30.0,1016.823634121433
Republic of Congo,COG,2004,3.6199,1.90162065209621,4656974940.12721,3.47663162118089,2.42976607961799,57.957,3565554,42.6813201904297,19.896,45.9,30.0,10.0,59.4,70.0,55.0,,80.2,48.2,30.0,30.0,1306.101363245995
Republic of Congo,COG,2005,4.3306,12.0498455846018,6650001680.48544,7.75575897806648,3.09449011456182,58.73,3696393,,19.796,46.2,30.0,22.0,60.2,62.2,55.0,43.9,80.1,49.0,30.0,30.0,1799.0515836615425
Republic of Congo,COG,2006,4.8177,18.4459801245354,8072305029.06514,7.98623836334291,6.53784395299604,59.474,3837409,,19.563,43.8,10.0,23.0,51.0,73.5,47.4,45.0,78.5,49.4,30.0,30.0,2103.5821381210967
Republic of Congo,COG,2007,4.2647,16.216555026587,8782703436.70188,-6.61399480441001,2.65464645060703,60.05,3980430,,19.909,44.4,10.0,23.0,59.8,75.5,47.3,45.0,74.5,49.4,30.0,30.0,2206.471018634137
Republic of Congo,COG,2008,4.4322,16.7210018165878,11649857673.4436,6.30637595585259,4.95875092023152,60.79,4113517,,19.962,45.3,10.0,22.0,60.1,83.1,45.4,45.2,73.0,54.6,30.0,30.0,2832.091777776438
Republic of Congo,COG,2009,4.9164,12.2288862499697,9723299915.25312,11.6372888615758,4.41500374795223,61.215,4281219,,19.844,45.4,10.0,21.0,60.2,77.6,50.1,45.6,73.9,55.4,30.0,30.0,2271.1521917596647
Republic of Congo,COG,2010,5.2916,11.5772952217296,13148396211.5955,9.93126543095578,0.391525011227612,61.731,4462290,,19.3,43.2,10.0,19.0,60.3,69.3,48.7,48.1,70.8,61.0,15.0,30.0,2946.5579806770743
Republic of Congo,COG,2011,4.8514,1.90783479461617,15655383576.6515,2.20591936286718,1.75958704273803,62.286,4609724,,19.435,43.6,10.0,19.0,61.8,79.7,40.8,42.3,71.4,61.0,20.0,30.0,3396.165058179514
Republic of Congo,COG,2012,4.4794,-0.391399397519283,17692911296.3044,9.94715314257564,5.01018773134471,62.662,4740450,50.520320892334,19.491,43.8,10.0,21.0,61.3,78.0,40.6,45.7,71.0,60.7,20.0,30.0,3732.3273732038942
Republic of Congo,COG,2013,5.4392,10.4621010083708,17958720699.0868,-0.712434451876447,4.63161619729461,62.969,4857099,,19.845,43.5,10.0,22.0,61.4,80.3,31.5,44.8,74.3,60.7,20.0,30.0,3697.41705884249
Republic of Congo,COG,2014,5.2771,16.1339951694307,17919321078.0284,6.64606540928447,0.912139545450097,63.349,4975880,,19.696,43.7,10.0,20.6,67.5,79.6,35.1,47.0,72.0,55.6,20.0,30.0,3601.2365808718055
Republic of Congo,COG,2015,5.7506,34.4182561027248,12434793867.3568,0.415193061293763,3.16909796750829,63.662,5097581,,20.02,42.7,10.0,22.0,67.4,60.7,36.8,36.0,71.6,62.4,30.0,30.0,2439.351894036956
Republic of Congo,COG,2016,5.5904,0.46296936341342,10931328150.8478,-8.68524343913786,3.19056179723773,63.911,5222536,,20.298,42.8,10.0,23.0,66.9,55.8,35.9,38.8,75.6,52.0,40.0,30.0,2093.107285588419
Republic of Congo,COG,2017,5.5312,37.3227748739474,11834473039.3645,-5.59477371915547,0.450063823285546,64.203,5351011,,20.737,40.0,34.8,30.5,66.8,36.2,32.1,37.5,76.1,52.2,50.0,30.0,2211.633098747975
Republic of Congo,COG,2018,6.422,29.2086100198947,14773900288.5135,-2.30431780125842,1.15277896375523,64.472,5483118,,20.84,38.9,32.4,24.6,60.8,33.4,31.3,34.1,73.8,61.9,50.0,30.0,2694.4341319142686
Republic of Congo,COG,2019,7.2394,-10.214754646531,13976637779.9763,1.12447391976529,2.20607305781525,63.152,5616661,,20.494,39.7,33.2,25.3,59.5,40.6,38.2,35.8,82.6,56.8,45.0,30.0,2488.4246672491536
Republic of Congo,COG,2020,7.403,-17.2921171034228,11468687464.0046,-6.26777227963225,1.79537147083108,64.391,5752791,,22.286,41.8,40.7,23.1,63.3,56.2,37.5,35.3,83.2,56.8,45.0,30.0,1993.5866719309984
Republic of Congo,COG,2021,7.108,-2.15982873741865,14825690210.9157,1.01507036990908,1.7156427545126,64.192,5892183,,21.998,50.7,32.2,23.5,80.4,84.0,36.6,36.6,86.5,56.4,35.0,30.0,2516.1625514543084
Republic of Congo,COG,2022,8.3582,3.36508336137956,15817030154.6941,1.47535613247133,3.04344334698478,65.0,6035104,,20.131,48.5,30.4,13.4,82.4,86.0,29.5,43.3,80.5,56.4,35.0,30.0,2620.838042674012
Republic of Congo,COG,2023,7.8674,4.0889721782705,15321055822.5167,1.90686426346754,4.30174563591016,65.772,6182885,,19.919,48.1,30.0,14.5,75.5,84.7,32.4,43.6,81.8,56.4,35.0,30.0,2477.978455448662
Republic of Congo,COG,2024,8.4568,3.83980276481754,15719986076.6464,2.09998918002519,3.09143630919166,66.001,6332961,,19.895,47.8,30.0,12.7,75.5,86.0,35.9,42.3,79.8,49.6,35.0,30.0,2482.2489948456023
Republic of Congo,COG,2025,,,16306633778.765,3.08292728120063,2.40069559361747,,6484437,,19.876,48.6,30.8,13.2,75.5,86.2,36.9,52.5,77.7,49.6,35.0,30.0,2514.733935847476
Romania,ROU,2001,104.4084,2.8642076020901,40395116581.4832,5.21813625673708,34.4770123493527,71.1609756097561,22131970,83.499382019043,6.561,50.0,30.0,33.0,57.6,79.7,55.0,,41.4,73.4,50.0,30.0,1825.1929937318369
Romania,ROU,2002,103.3991,2.48342020141655,46065502702.5817,5.70299165043771,22.5398862605386,71.009756097561,21730496,84.9503479003906,8.112,48.7,30.0,29.0,64.4,58.9,55.0,,46.6,74.4,50.0,30.0,2119.855096845544
Romania,ROU,2003,107.8474,3.18995908035532,57806384143.166,2.34114732919521,15.2734889936255,71.309756097561,21574326,84.2207717895508,6.95,50.6,30.0,28.0,69.1,62.4,55.0,,50.8,60.2,50.0,50.0,2679.4062601615456
Romania,ROU,2004,105.5802,8.59368512961184,74973656851.8076,10.4281130180976,11.8743635936399,71.5609756097561,21451748,82.5846405029297,7.719,50.0,30.0,26.0,69.9,74.8,55.0,,56.8,57.6,30.0,50.0,3494.990564489551
Romania,ROU,2005,104.4913,6.60067175776297,98454380120.0761,4.6681480508487,9.01491283343835,71.9121951219512,21319685,81.0594787597656,7.174,52.1,30.0,28.0,70.1,68.9,55.0,55.5,62.6,70.4,30.0,50.0,4618.003508029134
Romania,ROU,2006,110.842,9.02006052535516,122023735992.706,8.02881107599163,6.55851412276983,72.1634146341463,21193760,85.6820602416992,7.27,58.2,30.0,29.0,87.5,68.9,74.6,57.5,66.6,68.4,50.0,50.0,5757.531273011773
Romania,ROU,2007,107.0884,5.78679016158104,174588782938.583,7.23380774362805,4.83732928313989,72.5658536585366,20882982,84.2603607177734,6.413,61.2,30.0,30.0,85.9,71.0,73.2,58.0,69.7,84.0,50.0,60.0,8360.337759165957
Romania,ROU,2008,105.3697,6.37741866098849,214315932061.275,9.30746717077338,7.85080255714482,72.5658536585366,20537875,94.5384063720703,5.787,61.7,30.0,31.0,85.6,70.8,74.9,56.3,72.5,86.0,60.0,50.0,10435.156123078701
Romania,ROU,2009,85.692,2.66364407064905,174110532658.867,-5.51670615843011,5.58742004264393,73.309756097561,20367487,103.393241882324,6.859,63.2,35.0,37.0,87.0,70.0,74.9,57.1,75.0,85.8,60.0,50.0,8548.45434092419
Romania,ROU,2010,83.3446,1.88971859139686,170064350671.827,-3.90581157302972,6.09141668601891,73.4585365853659,20246871,102.467903137207,6.959,64.2,40.0,38.0,85.8,59.8,72.5,60.4,73.3,87.5,75.0,50.0,8399.53742342839
Romania,ROU,2011,89.8189,1.23042689104897,192623977894.173,4.49558909946313,5.7892532881588,74.409756097561,20147528,100.735900878906,7.177,64.7,40.0,38.0,86.8,57.6,72.0,60.8,74.4,87.6,80.0,50.0,9560.675527745787
Romania,ROU,2012,87.6338,1.70143772893217,179117323107.087,1.90361696799603,3.33492267693442,74.4121951219512,20058035,97.4503707885742,6.794,64.4,40.0,37.0,87.4,55.1,70.5,62.6,74.3,87.1,80.0,50.0,8929.953662314729
Romania,ROU,2013,79.5312,2.03100513989555,189798603751.235,0.278771877470234,3.9847123554813,75.0634146341463,19983693,95.6988983154297,7.096,65.1,40.0,36.0,87.9,62.2,70.4,63.5,74.7,86.8,80.0,50.0,9497.674116152353
Romania,ROU,2014,78.9902,1.9372882717301,199722319675.741,4.11600109267832,1.06830987684298,74.909756097561,19908979,93.5339965820312,6.802,65.5,40.0,37.7,87.0,59.2,71.0,65.2,77.1,87.8,80.0,50.0,10031.771075540388
Romania,ROU,2015,80.304,2.42725822119064,177885131240.315,3.1570360543854,-0.594156437495203,74.9121951219512,19815616,91.3377075195312,6.812,66.6,40.0,43.0,86.9,62.3,69.8,68.6,77.3,88.0,80.0,50.0,8977.01748158195
Romania,ROU,2016,78.7065,3.37417569649644,185290759248.844,2.85993252302089,-1.54479666813897,75.209756097561,19702267,88.7795104980469,5.901,65.6,35.0,43.0,87.5,65.6,66.1,65.1,81.1,88.0,75.0,50.0,9404.540058707153
Romania,ROU,2017,81.7983,2.8327307446025,210147385855.419,8.19547826641261,1.3390212110439,75.209756097561,19588715,88.3843231201172,4.927,69.7,63.9,45.9,87.4,65.3,65.9,62.5,83.6,87.0,75.0,50.0,10727.98220074257
Romania,ROU,2018,83.0019,3.03714660753952,241791427223.903,5.39452228185675,4.62548443137779,75.3585365853659,19473970,86.5577163696289,4.187,69.4,61.0,40.0,87.3,66.9,65.2,66.8,82.8,86.9,75.0,50.0,12416.134317958948
Romania,ROU,2019,81.1522,2.94522918789332,250080428511.595,3.96028958497598,3.82785432599438,75.6073170731707,19371648,86.4074096679688,3.912,68.6,66.7,39.8,89.7,69.0,63.1,64.5,82.7,86.0,70.0,50.0,12909.6104013244
Romania,ROU,2020,75.7011,1.43737626680298,250624575871.819,-3.59802546034757,2.63107311184743,74.2536585365854,19265250,86.416877746582,5.035,69.7,72.5,55.1,90.3,70.4,58.6,63.0,78.1,86.4,70.0,50.0,13009.15253483962
Romania,ROU,2021,80.7465,4.12832844182863,285072444957.216,5.58735072538869,5.05232876096582,72.809756097561,19122059,86.1970901489258,5.59,69.5,68.8,54.6,94.3,69.2,59.7,63.6,77.7,84.0,70.0,50.0,14908.041281392134
Romania,ROU,2022,75.6755,3.88649421607456,295317862855.924,4.18771305104109,13.7954887432521,75.1536585365854,19048502,83.0334701538086,5.614,67.1,81.0,45.4,94.3,63.9,71.4,64.1,78.8,79.2,70.0,50.0,15503.469136624182
Romania,ROU,2023,70.2532,2.50426860654842,347757995758.914,2.25773416555121,10.3971874764996,76.4048780487805,19061062,81.6316070556641,5.589,64.5,81.0,64.9,94.4,59.7,71.3,65.1,76.8,78.6,70.0,50.0,18244.418687632096
Romania,ROU,2024,70.8832,1.87134949618788,382564217988.866,0.916003764382594,5.72140574354439,76.4585365853659,19051804,,5.4,64.4,81.0,47.6,93.9,58.0,74.6,68.2,69.3,79.2,70.0,50.0,20080.209621559512
Romania,ROU,2025,,,428677977854.826,0.677829835052762,7.18903362292063,,19020271,,5.992,66.5,81.7,49.1,93.7,59.1,75.1,67.8,69.2,79.6,70.0,50.0,22537.953210804724
Russia,RUS,2001,1684.2768,0.928663004211825,306602070620.5,5.10005122572568,21.4770072117159,65.3834146341463,145976482,,8.978,49.8,50.0,24.0,74.7,73.0,55.0,,38.9,52.2,50.0,30.0,2100.3525117182917
Russia,RUS,2002,1675.2947,1.00553594478556,345470494417.863,4.69999190914258,15.7887307914463,65.1287804878049,145306497,,7.875,48.7,30.0,21.0,84.9,58.9,55.0,,51.3,57.4,50.0,30.0,2377.5295774824367
Russia,RUS,2003,1737.2524,1.84237888462157,430347420184.885,7.29995234528189,13.6632930228666,65.0275609756098,144648618,94.6366500854492,8.21,50.8,30.0,23.0,90.6,64.5,55.0,,57.0,57.4,50.0,30.0,2975.12292986363
Russia,RUS,2004,1738.8704,2.60618528064118,591016690732.385,7.19994786954857,10.8886157326216,65.4709756097561,144067316,88.130989074707,7.763,52.8,30.0,27.0,91.6,65.1,55.0,,63.4,63.2,50.0,30.0,4102.3648329256375
Russia,RUS,2005,1739.3021,2.02980703784767,764015973481.11,6.39996544799469,12.6853039507349,65.529756097561,143518814,86.7092514038086,7.124,51.3,30.0,27.0,91.5,58.9,55.0,61.8,65.6,63.2,30.0,30.0,5323.455177668274
Russia,RUS,2006,1776.1969,3.7977120943899,989932071352.543,8.20006825456321,9.66865454789265,66.7275609756098,143049637,86.4854736328125,7.055,52.4,30.0,28.0,90.8,63.5,59.7,61.8,68.0,62.6,30.0,30.0,6920.1998139467
Russia,RUS,2007,1779.046,4.29895594841933,1299703478481.65,8.49997776916511,9.00729868861079,67.5868292682927,142805114,86.5527572631836,6.002,52.2,30.0,24.0,79.5,69.5,62.0,61.5,62.8,62.6,30.0,40.0,9101.23903883197
Russia,RUS,2008,1764.3555,4.50269424864822,1660848058303.11,5.19996926404957,14.1107677840442,67.9492682926829,142742366,87.0486373901367,6.205,49.8,30.0,25.0,79.2,69.5,53.7,61.7,64.4,44.2,30.0,40.0,11635.28463794071
Russia,RUS,2009,1662.1017,2.99212552042529,1222645900055.7,-7.79999391271275,11.6473295764118,68.6846341463415,142785348,89.8769302368164,8.301,50.8,25.0,23.0,78.9,70.6,54.0,60.0,65.5,60.8,30.0,40.0,8562.824667806251
Russia,RUS,2010,1746.8968,2.8308286983175,1524916715223.95,4.49999999920672,6.84939230255025,68.8412195121951,142849468,,7.407,50.3,25.0,21.0,82.3,66.5,52.2,59.6,62.6,68.4,25.0,40.0,10674.990509757796
Russia,RUS,2011,1832.6123,2.69236118071968,2045922753398.04,4.30002918604238,8.4404648593257,69.6839024390244,143018195,94.5758904929741,6.571,50.5,25.0,22.0,82.7,65.1,50.7,62.9,63.1,68.2,25.0,40.0,14305.33194324009
Russia,RUS,2012,1819.802,2.29079869889368,2208293553878.42,4.0240861571798,5.07474300799149,70.0721951219512,143378447,95.5384826756866,5.484,50.5,25.0,21.0,82.5,48.6,65.1,63.5,66.3,68.2,25.0,40.0,15401.851534062298
Russia,RUS,2013,1764.2472,3.01940211363344,2292470078346.22,1.75542214916291,6.75466833903486,70.5787804878049,143805638,95.9993761959632,5.513,51.1,25.0,24.0,86.9,54.4,69.2,52.6,66.7,77.4,25.0,30.0,15941.447847449626
Russia,RUS,2014,1750.1989,1.0698764102333,2059241589895.01,0.736267221403651,7.82016970013845,70.7436585365854,144237223,95.6056322692131,5.212,51.9,25.0,22.1,85.6,61.5,70.0,55.8,69.4,74.6,25.0,30.0,14276.769526372607
Russia,RUS,2015,1757.1139,0.502607961400285,1363482182197.71,-1.9727192264298,15.5343959935701,71.1834146341463,144640716,96.3292563031308,5.615,52.1,20.0,28.0,86.1,57.8,76.3,58.9,63.9,75.0,25.0,30.0,9426.683024700389
Russia,RUS,2016,1734.6382,2.54849998807899,1276786350881.14,0.193671130698817,7.04243725413707,71.6512195121951,145015460,95.8434944997854,5.591,50.6,20.0,27.0,82.2,56.2,72.2,57.6,62.9,72.4,25.0,30.0,8804.484369329586
Russia,RUS,2017,1763.2401,1.81409297475419,1574199360089.0,1.82670527549192,3.68333072334495,72.4514634146342,145293260,97.5206298303399,5.238,57.1,47.6,38.2,81.8,61.5,74.8,50.8,57.3,75.2,30.0,30.0,10834.634449588371
Russia,RUS,2018,1831.1328,0.530060790633169,1657328773461.31,2.80634082046656,2.87831382614981,72.6621951219512,145398106,99.1831046517789,4.871,58.2,48.7,38.1,85.8,62.5,77.0,52.0,60.8,79.4,30.0,30.0,11398.558200347603
Russia,RUS,2019,1858.002,1.88851731564914,1693115002708.32,2.19807571381982,4.47202631837903,73.0839024390244,145453291,100.471744682473,4.513,58.9,52.4,36.6,89.4,62.3,78.4,52.5,65.1,77.8,30.0,30.0,11640.266033639075
Russia,RUS,2020,1784.1991,0.634851184443604,1493075894362.14,-2.65365449695453,3.38219796948068,71.3387804878049,145245148,91.5812884026933,5.62,61.0,56.8,41.3,88.5,63.8,80.2,52.1,68.2,77.8,30.0,30.0,10279.695500479918
Russia,RUS,2021,1938.4596,2.21136527873962,1829186719575.1,5.866491772979,6.69445891957612,69.900243902439,144746762,92.171155276901,4.749,61.5,54.4,41.7,93.0,66.1,84.1,55.4,67.3,74.0,30.0,30.0,12637.151217069022
Russia,RUS,2022,1895.4729,-1.73614086534944,2292495097681.47,-1.43537063467896,13.7436797398232,72.5456097560976,144236933,92.7729443625069,3.867,56.1,36.8,29.7,93.1,62.6,62.5,57.3,68.0,69.0,30.0,30.0,15893.953441740683
Russia,RUS,2023,1948.3024,-0.490895490828941,2046284838151.09,4.06661395813023,5.86571931748967,73.2546341463415,143826130,92.4840470838527,3.076,53.8,30.6,32.9,88.3,60.4,54.8,57.7,64.9,69.4,30.0,30.0,14227.490082303473
Russia,RUS,2024,2009.1541,-0.427643327459558,2186462268813.08,4.92167966203073,8.43486410496723,73.4404878048781,143669648,,2.43,52.0,20.9,25.9,89.8,59.7,54.4,57.4,58.9,69.4,30.0,30.0,15218.679096458009
Russia,RUS,2025,,,2561310169358.74,1.00117656925738,8.71986939402666,,143513328,,2.133,51.6,18.6,23.0,87.7,62.0,51.3,59.0,62.2,69.4,30.0,30.0,17847.193741885356
Rwanda,RWA,2001,0.6956,0.940709512317624,1966600715.49841,8.48456034086699,3.34285506749409,49.49,8287094,11.1507501602173,11.732,45.4,10.0,10.0,67.0,95.7,40.0,,83.7,62.4,30.0,10.0,237.30884620090106
Rwanda,RWA,2002,0.8185,0.0762969152415173,1966003468.49117,13.1920736288433,1.99258542453993,51.262,8400180,12.1046600341797,11.432,50.4,30.0,10.0,67.0,88.0,40.0,,79.3,59.4,50.0,30.0,234.0430167557326
Rwanda,RWA,2003,0.7085,0.219807223769547,2138237278.73822,2.2023875095978,7.44970014007366,53.529,8586875,13.584939956665,11.658,47.8,30.0,10.0,67.0,89.5,40.0,,79.3,34.0,30.0,50.0,249.0122749822514
Rwanda,RWA,2004,0.6867,0.324006427230548,2376496067.01198,7.44766737037035,12.2507102894391,55.52,8816844,15.3283996582031,11.699,53.3,30.0,10.0,66.9,89.5,55.0,,79.7,68.8,30.0,50.0,269.5404463334023
Rwanda,RWA,2005,0.7419,0.271318643761601,2933819766.17656,9.37789916585375,9.01408918092339,56.968,9054528,16.4831008911133,11.842,51.7,30.0,10.0,70.5,86.4,55.0,58.0,75.1,71.8,30.0,30.0,324.0168638471889
Rwanda,RWA,2006,0.7446,0.935920091556034,3274207945.36553,9.22707576994632,8.88282654777923,58.342,9299246,18.1992893218994,11.586,52.8,30.0,10.0,73.9,82.6,50.8,59.2,70.1,71.8,30.0,50.0,352.0939165783473
Rwanda,RWA,2007,0.6778,2.04787532696933,4017977506.55904,7.63329819042882,9.08072205873158,59.504,9549933,20.3850002288818,11.58,52.4,30.0,21.0,73.9,79.6,51.0,58.2,70.3,70.6,30.0,40.0,420.73358070250754
Rwanda,RWA,2008,0.6778,1.99759586428198,5120655375.24365,11.161247324054,15.4382138709255,60.641,9804269,22.1014308929443,11.517,54.2,30.0,25.0,76.9,75.6,51.8,58.9,73.3,70.6,40.0,40.0,522.2883394206799
Rwanda,RWA,2009,0.6965,2.11782169516035,5603399014.71331,6.24825750704265,12.9443978401712,61.813,10060432,26.5538196563721,11.625,54.2,30.0,28.0,76.8,76.8,58.9,59.5,70.8,61.2,40.0,40.0,556.9739962173901
Rwanda,RWA,2010,0.7312,3.57208683219563,6052276077.6354,7.33465645016436,-0.246128693436934,62.804,10317553,32.4029083251953,11.637,59.1,30.0,30.0,77.1,75.6,74.5,89.2,66.9,67.4,40.0,40.0,586.599950359877
Rwanda,RWA,2011,0.7618,1.64828569312654,6802676033.65947,7.95838869909085,3.0801706924026,63.476,10573733,36.6210098266602,11.756,62.7,35.0,33.0,76.9,78.6,76.9,89.9,68.5,77.8,50.0,40.0,643.3561386181653
Rwanda,RWA,2012,0.8472,3.56791329338291,7556673275.95438,8.64150815708138,10.2710182318876,64.189,10829901,39.662769317627,11.671,64.9,35.0,40.0,77.2,78.5,73.6,91.4,75.2,78.0,60.0,40.0,697.7601435095648
Rwanda,RWA,2013,0.9431,3.03027485323662,7714276919.73722,4.71984856950924,5.92426867984854,64.651,11093340,30.2092864949597,11.768,64.1,30.0,50.0,80.4,75.9,65.6,80.3,75.5,78.0,65.0,40.0,695.397140963607
Rwanda,RWA,2014,0.9592,3.86221109540585,8129984483.78727,5.66845354233575,2.35449052820358,65.088,11364757,41.8218654918977,11.837,64.7,30.0,46.9,80.3,78.2,69.6,84.1,74.8,77.7,65.0,40.0,715.3680878339298
Rwanda,RWA,2015,1.1072,1.91881841411753,8447064078.84373,8.87036752872743,2.52850284192421,65.419,11640022,39.4099042857311,11.831,64.8,30.0,53.0,80.2,79.2,59.5,84.5,76.0,80.8,65.0,40.0,725.6914186969518
Rwanda,RWA,2016,1.2106,3.25408209196111,8596812240.52305,5.65874584202778,7.17434301982009,65.733,11919183,38.506238583342,11.788,63.1,30.0,49.0,80.1,77.1,60.5,82.0,79.4,67.6,65.0,40.0,721.2585158330944
Rwanda,RWA,2017,1.3115,2.99013161776386,9164345443.2575,4.70393439751061,8.27953672260832,66.14,12202060,39.6912128982215,11.875,67.6,64.4,45.9,79.8,77.3,59.0,81.8,80.0,70.3,60.0,40.0,751.0490395275469
Rwanda,RWA,2018,1.4591,3.79467565710856,9650161136.17648,8.07084254621641,-0.311210160390699,66.354,12487996,41.1796940634956,10.759,69.1,69.8,61.2,75.8,77.7,55.0,81.2,76.5,70.7,60.0,40.0,772.7549829593539
Rwanda,RWA,2019,1.5151,2.50181125622142,10519272170.3346,9.28613387454543,3.34787655037648,66.691,12776103,44.0779032495009,11.236,71.1,72.2,67.9,79.8,79.4,56.2,82.2,76.1,70.4,60.0,40.0,823.3553040653007
Rwanda,RWA,2020,1.4554,1.45524928576719,10487146253.4025,-2.77710485515125,9.85039902274207,66.953,13065837,,11.829,70.9,76.5,57.6,79.2,79.8,60.3,81.8,79.8,70.4,60.0,40.0,802.6386869362062
Rwanda,RWA,2021,1.7066,2.07399909664917,11252894909.5043,8.41140448646523,-0.391346748300791,66.85,13355260,44.1820840550314,15.775,68.3,68.7,59.1,79.5,78.5,62.3,77.4,80.2,61.2,60.0,40.0,842.58149294767
Rwanda,RWA,2022,2.2012,2.21934152301495,13747404814.2677,9.82497394651698,17.6892095588153,67.528,13651030,44.1547093958443,15.084,57.1,61.1,54.7,79.1,76.3,50.7,42.6,74.4,58.2,60.0,40.0,1007.0598932291336
Rwanda,RWA,2023,2.2883,3.09083144958541,14806501437.282,8.55964292914153,19.789546746467,67.785,13954471,45.1251505756161,12.352,52.2,61.1,27.3,78.9,71.1,51.8,42.8,79.7,50.0,60.0,40.0,1061.057881540762
Rwanda,RWA,2024,2.3114,3.79145567191588,15111064181.9687,7.22717103344534,1.77029240198635,68.017,14256567,48.790277194547,11.331,51.6,62.0,51.5,79.1,70.1,53.6,39.5,69.8,53.8,60.0,40.0,1059.9370929880033
Rwanda,RWA,2025,,,16372132990.2271,9.37579834182446,5.913000168826,,14569341,,11.363,54.8,62.0,50.5,81.3,73.8,56.8,48.7,67.3,55.2,60.0,40.0,1123.7387463322534
Saint Lucia,LCA,2001,0.1036,11.743549263599,892592592.592592,-3.40806396189404,5.30722081028547,71.367,160237,73.2953567504883,18.538,,,,,,,,,,,,5570.452470981059
Saint Lucia,LCA,2002,0.0975,11.1010234731533,900000000.0,0.416450493043214,-0.255536626916508,71.707,161641,73.8339385986328,20.39,,,,,,,,,,,,5567.89428424719
Saint Lucia,LCA,2003,0.1135,16.5934320723105,987407407.407407,4.26461148738223,1.03425372426221,72.188,162976,75.6025085449219,22.18,,,,,,,,,,,,6058.606220593259
Saint Lucia,LCA,2004,0.11,11.3957277281637,1066666666.66667,7.2674088699471,1.46036814425245,72.453,164239,74.9941787719727,20.97,,,,,,,,,,,,6494.600348678876
Saint Lucia,LCA,2005,0.1154,10.1698606969307,1135555555.55556,-0.410304726290235,3.89827370759476,72.544,165450,79.0845108032227,18.7,,,,,,,,,,,,6863.436419193473
Saint Lucia,LCA,2006,0.128,22.7795189564418,1268319185.18519,6.19525729141048,2.39562082529168,72.794,166639,83.6699066162109,16.0,,,,,,,,,,,,7611.17856675322
Saint Lucia,LCA,2007,0.1384,15.193420090713,1336088814.81481,1.69161857433913,2.82310373736929,72.86,167758,88.3509292602539,14.0,,,,,,,,,,,,7964.382114801142
Saint Lucia,LCA,2008,0.1496,13.6063864155208,1437731111.11111,4.94932194028057,5.54954769383937,72.963,168808,94.5392303466797,12.72,,,,,,,,,,,,8516.960754887861
Saint Lucia,LCA,2009,0.1613,9.63093050790719,1401507888.88889,-2.82889954830628,-0.156936087168669,72.946,169869,96.8615798950195,15.37,68.8,70.0,68.0,74.0,68.5,87.7,82.8,85.1,72.0,40.0,40.0,8250.521807327352
Saint Lucia,LCA,2010,0.1823,11.7530170243607,1482385185.18519,0.330018546071486,3.25034409180129,72.768,170906,97.0315628051758,17.118,70.5,70.0,71.0,73.2,71.4,88.4,84.2,80.1,71.9,55.0,40.0,8673.687203405321
Saint Lucia,LCA,2011,0.1412,6.19533348387191,1568370370.37037,4.32694280532142,2.76940794144093,72.962,171801,96.6020889282227,18.86,70.8,70.0,70.0,74.4,71.4,86.2,83.4,85.3,71.9,55.0,40.0,9128.994420116122
Saint Lucia,LCA,2012,0.1459,7.38092558879021,1598207407.40741,-0.108756148262358,4.17763587102515,72.86,172587,93.3481292724609,19.06,71.3,70.0,70.0,74.1,67.7,84.7,83.5,85.8,71.9,65.0,40.0,9260.300065517158
Saint Lucia,LCA,2013,0.1667,7.56598774359971,1660392592.59259,-1.81877603735991,1.46856511035428,72.687,173369,91.4860382080078,22.21,70.4,70.0,70.0,76.9,63.6,85.3,76.4,84.7,71.9,65.0,40.0,9577.217337543563
Saint Lucia,LCA,2014,0.1778,3.84517869828728,1749185185.18518,1.32809022110105,3.51695551369241,72.676,174138,90.7485504150391,21.583,70.7,70.0,70.6,75.7,63.6,83.1,84.5,82.7,71.9,65.0,40.0,10044.821837767633
Saint Lucia,LCA,2015,0.1824,8.42203722655325,1807640740.74074,0.101917836412952,-0.983600952696996,72.932,174905,90.9497604370117,20.84,70.2,70.0,71.0,77.7,65.8,75.6,79.8,85.5,72.0,65.0,40.0,10334.986082391813
Saint Lucia,LCA,2016,0.1964,8.64914217402882,1868544444.44444,3.42787214525211,-3.07821765676927,72.552,175646,89.6722183227539,19.932,70.0,70.0,71.0,76.9,70.6,77.6,76.2,80.3,72.0,65.0,40.0,10638.126939665235
Saint Lucia,LCA,2017,0.1963,4.500439600106,1998503703.7037,3.37982617272246,0.104262078958441,72.522,176342,88.9026336669922,19.136,65.0,65.5,39.6,76.4,71.6,77.2,68.7,82.3,71.6,65.0,40.0,11333.112382210138
Saint Lucia,LCA,2018,0.2592,2.20879100094065,2060955555.55556,2.88677902171601,1.93561893150602,72.655,177017,88.7150192260742,19.329,67.6,67.9,50.9,75.5,72.4,76.6,69.5,81.7,74.3,65.0,40.0,11642.698472776965
Saint Lucia,LCA,2019,0.2947,3.6127905089311,2090074074.07407,-1.0293678947917,0.539087559191757,72.249,177661,88.3461303710938,15.613,68.7,65.9,50.3,76.2,79.3,76.3,69.2,83.9,73.2,65.0,40.0,11764.394403240272
Saint Lucia,LCA,2020,0.2776,6.51461067977706,1521740740.74074,-22.9005138634176,-1.75580833517594,72.308,178250,88.7376327514648,25.224,68.2,69.8,41.8,76.9,80.6,76.7,66.4,82.0,73.2,65.0,40.0,8537.114955067265
Saint Lucia,LCA,2021,0.2822,3.75307666270784,1871111111.11111,11.1466993240856,2.41070312174393,69.119,178522,,20.514,67.5,61.5,44.6,76.9,83.2,75.7,66.5,83.5,60.6,65.0,40.0,10481.123397178555
Saint Lucia,LCA,2022,0.2961,2.50199227293772,2319888888.88889,19.3456795355342,9.65268564265764,72.67,178781,87.6844863891602,15.934,64.3,66.8,58.1,77.5,78.7,61.5,58.2,82.2,56.6,65.0,40.0,12976.148969347356
Saint Lucia,LCA,2023,0.297,8.31848073246958,2441259259.25926,3.90774802925928,3.81914546156358,72.697,179285,88.6818771362305,12.094,60.7,68.6,77.3,77.8,73.4,69.6,57.3,80.9,56.6,65.0,40.0,13616.6397593734
Saint Lucia,LCA,2024,0.3075,7.16313123587196,2605148148.14815,4.76890217855616,-0.674240853418779,72.846,179744,87.8672424011515,10.199,62.2,67.2,58.4,77.3,76.8,69.5,57.9,75.9,60.0,60.0,40.0,14493.658470647977
Saint Lucia,LCA,2025,,,2656444444.44444,-0.57407528214496,2.02709512086274,,180149,,9.452,67.0,69.5,59.0,78.6,82.5,73.8,64.9,76.6,60.0,50.0,40.0,14745.818430546047
Saint Vincent and the Grenadines,VCT,2001,0.0485,3.86141465002383,462072333.333333,1.74823102028898,0.9008584858665,70.382,113501,,21.1,,,,,,,,,,,,4071.086010989621
Saint Vincent and the Grenadines,VCT,2002,0.0556,5.38789344689429,487763851.851852,5.34212707436718,1.85550399046655,70.658,113347,85.5541229248047,20.623,,,,,,,,,,,,4303.279767897271
Saint Vincent and the Grenadines,VCT,2003,0.0601,6.85125115746727,509090888.888889,6.69133665352797,0.205981708824254,70.43,113141,85.5010681152344,19.985,,,,,,,,,,,,4499.61454193342
Saint Vincent and the Grenadines,VCT,2004,0.0643,15.120110354189,549900185.185185,4.11469880444737,2.96003946719286,70.445,112835,94.3642807006836,19.545,,,,,,,,,,,,4873.489477424425
Saint Vincent and the Grenadines,VCT,2005,0.0663,6.88174169420403,579948925.925926,2.48855733938132,3.7334291646702,70.454,112450,89.9227676391602,19.461,,,,,,,,,,,,5157.393738781022
Saint Vincent and the Grenadines,VCT,2006,0.0731,18.6436807370603,643501148.148148,6.99692626758825,2.74067516070673,70.434,112014,,19.162,,,,,,,,,,,,5744.827862125698
Saint Vincent and the Grenadines,VCT,2007,0.0782,11.7815895828964,713596666.666667,3.3229685982929,7.23614701584807,70.446,111531,104.393867492676,18.934,,,,,,,,,,,,6398.191235321722
Saint Vincent and the Grenadines,VCT,2008,0.0815,21.4509743987017,732663259.259259,0.404640808638888,10.0662418245849,70.611,111028,108.906349182129,18.79,,,,,,,,,,,,6598.905314508584
Saint Vincent and the Grenadines,VCT,2009,0.1241,15.3014273138421,714300259.259259,-1.3781936056056,0.421539125687215,70.712,110508,111.075256347656,19.365,64.3,70.0,61.0,64.7,60.9,78.2,78.5,75.6,73.6,40.0,40.0,6463.787773367168
Saint Vincent and the Grenadines,VCT,2010,0.097,13.3089028738841,720447888.888889,-4.47046793507802,0.747109026311474,70.66,109959,110.652717590332,19.924,66.9,70.0,65.0,72.5,64.1,79.9,77.6,71.3,73.3,55.0,40.0,6551.968359924053
Saint Vincent and the Grenadines,VCT,2011,0.069,11.8576076339128,713796370.37037,-0.60627665148327,3.1860311155246,70.609,109349,108.306083679199,20.006,66.9,70.0,64.0,72.3,65.1,79.3,76.8,78.2,73.3,50.0,40.0,6527.689968544477
Saint Vincent and the Grenadines,VCT,2012,0.0876,18.1986473300916,730032592.592593,1.16911218376478,2.59844414147101,70.539,108736,105.851867675781,19.833,66.5,70.0,64.0,71.5,60.7,77.4,76.7,81.1,73.3,50.0,40.0,6713.807686438649
Saint Vincent and the Grenadines,VCT,2013,0.0825,20.0776834830317,764781259.259259,2.4624841721544,0.805127804267928,70.091,108135,108.723846435547,19.356,66.7,70.0,58.0,74.2,67.1,77.6,76.6,80.3,73.3,50.0,40.0,7072.467371889388
Saint Vincent and the Grenadines,VCT,2014,0.0922,16.1399244753356,770900000.0,1.1457271877622,0.193858560794015,70.355,107535,111.371963500977,19.237,67.0,70.0,61.1,73.7,72.4,76.3,78.7,79.8,67.6,50.0,40.0,7168.828753429116
Saint Vincent and the Grenadines,VCT,2015,0.0951,15.7495814618354,786555555.555555,2.78509791763551,-1.73361194953959,70.463,106960,114.022842407227,19.135,68.0,70.0,62.0,73.3,75.3,70.8,78.2,82.3,68.4,60.0,40.0,7353.735560541838
Saint Vincent and the Grenadines,VCT,2016,0.1012,8.66074512206484,814303703.703704,4.1496810046981,-0.149641647633284,70.7,106349,,19.029,68.8,70.0,67.0,73.8,69.7,77.6,74.5,85.3,65.4,65.0,40.0,7656.90042881178
Saint Vincent and the Grenadines,VCT,2017,0.1091,19.5953970726633,844040740.740741,1.54810173239956,2.15333648840511,71.013,105663,,19.024,65.2,37.3,47.6,72.8,71.7,80.3,74.5,82.9,65.2,75.0,40.0,7988.0444501929815
Saint Vincent and the Grenadines,VCT,2018,0.1102,4.52412383276845,884329629.62963,3.1756114423991,2.32414485367921,71.017,104926,,19.005,67.7,36.7,51.5,72.7,72.7,80.0,75.0,85.4,75.7,70.0,40.0,8428.126771530697
Saint Vincent and the Grenadines,VCT,2019,0.1165,7.5606563885612,910481481.481481,0.668428481084234,0.91306972532459,70.994,104167,127.1875,19.248,65.8,36.5,50.5,71.2,74.3,76.5,73.5,82.2,66.6,70.0,40.0,8740.59425232061
Saint Vincent and the Grenadines,VCT,2020,0.1238,7.54647187844049,864566666.666667,-4.26892434422649,-0.628131309354654,69.605,103526,127.844391153744,20.635,66.8,50.5,46.1,72.4,73.7,75.8,73.3,80.8,67.2,70.0,40.0,8351.203240409819
Saint Vincent and the Grenadines,VCT,2021,0.1174,18.8915993798527,888677777.777778,2.09340124465459,1.57272932500558,69.132,102841,130.489101541733,20.356,66.3,48.1,48.7,74.9,71.6,74.2,74.0,82.6,57.8,70.0,40.0,8641.279040244435
Saint Vincent and the Grenadines,VCT,2022,0.1271,6.59514716509223,989188888.888889,3.1108330034352,5.66009779226552,71.191,102046,128.182294394971,19.277,65.7,64.0,62.0,75.5,66.9,61.4,58.8,84.2,59.8,70.0,40.0,9693.558678330253
Saint Vincent and the Grenadines,VCT,2023,0.1275,6.88612464767325,1072237037.03704,5.32636472098717,4.56457719814894,71.23,101323,125.381038491346,18.348,63.5,67.1,77.3,75.5,65.7,61.8,58.5,82.9,57.6,70.0,40.0,10582.365672522921
Saint Vincent and the Grenadines,VCT,2024,0.132,12.0060314102276,1157207407.40741,4.06183490050209,3.62770736940927,71.382,100616,124.871794871795,18.093,59.8,66.7,62.3,76.3,61.1,65.4,59.6,77.0,57.8,70.0,40.0,11501.226518718791
Saint Vincent and the Grenadines,VCT,2025,,,1255222222.22222,3.3921670546227,0.815322893749171,,99924,,18.003,60.1,69.0,61.7,74.9,58.9,69.4,59.7,76.5,59.0,70.0,40.0,12561.76916678896
Samoa,WSM,2001,0.2009,0.531202467169116,266299591.479428,7.39012906172989,3.83828463867725,71.028,183166,78.0200500488281,4.96,63.1,50.0,70.0,75.5,48.8,70.0,,91.2,62.0,50.0,50.0,1453.870213246061
Samoa,WSM,2002,0.2076,0.567585520505441,281790134.211972,5.65195919890348,8.0503144654087,71.233,184471,78.0871734619141,4.975,,,,,,,,,,,,1527.5579045593724
Samoa,WSM,2003,0.2143,0.817062394804595,333426188.41876,5.21262892634149,0.115830115830107,71.441,185430,81.3155212402344,5.038,,,,,,,,,,,,1798.1242971404843
Samoa,WSM,2004,0.2106,0.60844907406956,407747565.096959,3.0872602379675,16.3131507905901,71.508,186249,81.9052886962891,5.162,,,,,,,,,,,,2189.26042607992
Samoa,WSM,2005,0.2178,0.78935616966683,476801793.159429,6.63920361300734,1.85676392572949,71.487,186978,81.7751388549805,5.212,,,,,,,,,,,,2550.0422143751084
Samoa,WSM,2006,0.2187,4.3862032048739,499923757.780736,2.13212714677351,3.70008680555553,71.62,187709,81.539176940918,5.321,,,,,,,,,,,,2663.2913593953194
Samoa,WSM,2007,0.2381,1.18938989753826,573548459.833372,0.485982550017255,5.57706393219629,71.605,188753,80.4865264892578,5.425,,,,,,,,,,,,3038.6190409337705
Samoa,WSM,2008,0.2442,7.15667986967314,641346191.664776,3.55610467395,11.565906838454,71.531,190107,,5.538,,,,,,,,,,,,3373.6063988426304
Samoa,WSM,2009,0.2482,1.57134083023162,628006115.424052,-0.541677601834593,6.32495336235228,69.486,191513,82.5911865234375,5.646,59.5,60.0,45.0,86.2,56.2,61.5,80.2,75.7,70.0,30.0,30.0,3279.18269477295
Samoa,WSM,2010,0.2631,0.0494567694984404,680260907.153983,6.1247199226125,0.777007268777692,71.451,193023,84.0352967940982,5.621,60.4,55.0,44.0,79.6,67.5,73.2,80.8,73.8,70.0,30.0,30.0,3524.247924620294
Samoa,WSM,2011,0.2677,2.0416002953816,744097050.169115,3.84907794660396,5.23541591478434,71.393,194713,82.7630728993357,5.68,60.6,60.0,45.0,80.1,67.9,72.8,82.1,68.5,70.0,30.0,30.0,3821.50678264479
Samoa,WSM,2012,0.2681,2.69957638721683,773141661.165548,-3.73213020890266,2.0490188352116,71.159,196498,82.3821348963746,8.752,60.5,60.0,41.0,80.3,61.3,72.9,82.3,77.0,70.0,30.0,30.0,3934.6032079998167
Samoa,WSM,2013,0.2788,1.72885382959682,797736334.281305,0.107293276488932,0.61008572090503,71.229,198268,,8.772,57.1,60.0,39.0,80.6,34.3,72.4,80.4,78.5,66.0,30.0,30.0,4023.5254013824974
Samoa,WSM,2014,0.2865,2.86810154101309,796683519.593842,0.659923768782861,-0.40681608842489,71.142,200037,87.4514117977902,8.72,61.1,60.0,38.0,79.9,42.2,73.7,80.3,76.1,75.8,55.0,30.0,3982.6808020208364
Samoa,WSM,2015,0.3288,3.26002743040368,824150498.653536,3.8503618166494,0.724470134874729,71.06,201782,87.5602107303153,8.901,61.9,60.0,38.0,80.2,46.5,73.6,78.4,81.2,75.8,55.0,30.0,4084.360838199324
Samoa,WSM,2016,0.3542,0.298684612802242,843924796.697421,7.9838628784713,1.30471869303179,71.003,203499,87.3532286947715,9.063,63.5,60.0,52.0,78.9,57.5,77.1,71.8,82.5,70.6,55.0,30.0,4147.070976748883
Samoa,WSM,2017,0.3165,1.04146807605773,884844384.463214,1.40628239971301,1.74989677484705,70.991,205415,,9.4,58.4,51.3,37.1,80.4,51.9,77.0,73.3,84.5,70.7,55.0,30.0,4307.5938196490715
Samoa,WSM,2018,0.3447,1.90261035583233,878448433.404342,-0.609647103380141,4.19745888663752,71.052,207582,,8.649,61.5,53.1,40.1,79.9,55.1,77.0,76.5,84.8,70.2,55.0,30.0,4231.814094691939
Samoa,WSM,2019,0.3735,-0.238656491573744,912950466.064906,4.45185891688691,0.982326569888117,70.269,209780,,7.858,62.2,53.8,37.7,79.9,62.3,77.0,78.2,83.5,63.8,55.0,30.0,4351.942349437058
Samoa,WSM,2020,0.3132,0.509397965194954,868884902.953089,-3.10864485863991,-1.56891247740895,70.727,211944,,7.467,62.1,60.5,31.5,79.6,62.5,76.6,78.8,79.5,64.6,55.0,30.0,4099.596605485831
Samoa,WSM,2021,0.3435,1.04090555935629,859724936.05765,-5.04350589708287,3.13320473174494,71.096,213779,,6.664,61.9,48.5,32.7,78.9,71.1,75.5,80.8,80.0,66.4,55.0,30.0,4021.5593489428334
Samoa,WSM,2022,0.3324,0.539647016745273,889554711.842341,2.26705310780669,10.9618822286844,71.55,215261,,5.048,68.3,78.4,53.7,78.6,68.5,61.5,71.6,81.4,66.4,55.0,30.0,4132.4471773444375
Samoa,WSM,2023,0.3333,0.229294017897832,1044909500.02527,15.233606465518,7.92164684826777,71.698,216663,,4.92,68.3,76.3,79.7,79.2,68.6,62.0,71.3,79.9,67.8,50.0,30.0,4822.740846500187
Samoa,WSM,2024,0.3498,0.318181346491415,1175749785.65113,4.7483863916535,2.17245530514377,71.826,218019,,4.855,67.2,73.2,56.0,79.0,67.8,63.9,71.4,73.6,67.2,50.0,30.0,5392.877619157642
Samoa,WSM,2025,,,1287936621.64619,4.20440659006225,2.2119620764675,,219306,,4.996,66.6,76.1,60.3,79.0,67.3,63.5,76.2,64.6,67.2,40.0,30.0,5872.7833330879685
Saudi Arabia,SAU,2001,275.7907,0.0106659367777141,184137600000.0,0.344593196175438,-1.12094804896791,72.951,17041397,,4.618,62.2,50.0,70.0,99.4,65.3,70.0,,83.8,61.0,30.0,30.0,10805.311325121995
Saudi Arabia,SAU,2002,293.7233,-0.323899963714203,189605866666.667,-0.688390130317757,0.247186492339686,73.296,17910910,,5.265,65.3,50.0,70.0,99.4,71.2,70.0,,83.4,63.4,50.0,30.0,10586.054347136298
Saudi Arabia,SAU,2003,308.3271,-0.271772775519938,215807733333.333,8.76873381743964,0.612195358172966,73.657,18786767,,5.563,63.2,50.0,50.0,99.4,66.7,70.0,,88.3,64.4,50.0,30.0,11487.220410692964
Saudi Arabia,SAU,2004,327.0192,-0.129209725410009,258742133333.333,8.63100545880309,0.5155078977673,74.027,19669480,,5.822,60.4,50.0,50.0,99.4,58.5,70.0,,91.9,64.0,30.0,30.0,13154.497898944608
Saudi Arabia,SAU,2005,346.3837,1.33515850333851,328459608764.111,5.94489623934835,0.479231671630955,74.4,20559890,87.1481628417969,6.051,63.0,50.0,45.0,99.4,67.3,70.0,85.2,91.3,62.2,30.0,30.0,15975.74737822581
Saudi Arabia,SAU,2006,366.7435,1.58553602335569,376900133511.348,3.31348473625901,2.20902314069647,74.762,21459144,,6.254,63.0,50.0,34.0,99.4,69.3,51.0,85.3,90.8,70.4,30.0,50.0,17563.61453706392
Saudi Arabia,SAU,2007,387.8798,1.48457884530209,415964509673.115,2.21365396372528,4.16782358431579,75.066,22368313,91.6758117675781,5.734,60.9,50.0,34.0,99.4,66.7,53.0,84.9,80.0,70.4,30.0,40.0,18596.150262789823
Saudi Arabia,SAU,2008,420.4933,1.05925699592349,519796800000.0,6.2379875365458,9.87024816760266,75.301,23287877,,5.085,62.5,50.0,33.0,99.7,69.1,73.0,77.2,76.7,76.8,30.0,40.0,22320.48889643311
Saudi Arabia,SAU,2009,444.0201,0.10169038708409,429097866666.667,-1.06671711240203,5.0572227614833,75.447,24217654,99.7553787231445,5.377,64.3,40.0,34.0,99.6,73.4,79.6,76.4,68.4,81.8,40.0,50.0,17718.391164836485
Saudi Arabia,SAU,2010,486.877,0.923670092367435,528207466666.667,5.0395150823517,5.33941733020905,75.616,23978487,,5.55,64.1,40.0,35.0,99.6,68.1,84.6,74.4,62.3,82.5,45.0,50.0,22028.390142658583
Saudi Arabia,SAU,2011,509.215,0.688133631504519,680660800000.0,11.758820686671,5.8262163739404,75.808,25091867,,5.77,66.2,45.0,43.0,99.4,74.6,86.1,77.0,64.3,82.2,40.0,50.0,27126.74987477018
Saudi Arabia,SAU,2012,539.3427,0.669626013751334,751921333333.333,5.76157382270968,2.86627029905053,76.09,26168861,,5.622,62.5,45.0,47.0,99.6,37.3,87.5,71.1,64.9,82.3,40.0,50.0,28733.437551345203
Saudi Arabia,SAU,2013,547.1964,0.437984195574321,769755733333.333,2.94563789152025,3.51104209799866,76.517,27624004,93.0168905157466,5.6,60.6,40.0,44.0,99.6,52.2,68.2,69.2,65.7,77.3,40.0,50.0,27865.46560496201
Saudi Arabia,SAU,2014,585.9278,0.191711517264834,787153066666.667,4.02467158380668,2.24185348779063,77.116,28309273,98.8496091524944,5.877,62.2,40.0,43.7,99.7,63.1,67.3,75.8,68.7,74.0,40.0,50.0,27805.485031942255
Saudi Arabia,SAU,2015,611.4483,0.572622097928938,693414400000.0,4.65512316652699,1.22269318552328,77.776,29816382,102.979200639837,5.6,62.1,40.0,46.0,99.7,61.9,65.8,72.7,68.4,76.4,40.0,50.0,23256.154955353068
Saudi Arabia,SAU,2016,609.5099,3.18518611850268,689279466666.667,1.70404739202878,2.05347076823965,78.354,30954198,105.491550199825,5.6,62.1,40.0,49.0,99.7,56.8,69.9,68.5,69.2,77.8,40.0,50.0,22267.721705038748
Saudi Arabia,SAU,2017,603.3295,0.136801407151884,741266133333.333,1.18210705878283,-0.834845735027162,78.721,30977355,106.244903966787,5.89,64.4,62.0,45.9,99.7,54.5,73.8,68.5,70.1,78.2,40.0,50.0,23929.290713598144
Saudi Arabia,SAU,2018,580.0429,1.36945683303735,886564800000.0,3.2269508901591,2.46594308994843,78.75,30196281,106.376211565111,6.029,59.6,53.1,49.9,99.7,52.0,74.0,64.8,73.8,78.2,40.0,50.0,29360.065896856635
Saudi Arabia,SAU,2019,579.8088,0.346411455797861,888890133333.333,1.65158925617395,-1.19298644533328,78.313,30063799,104.048257824894,5.636,60.7,55.0,49.8,99.8,57.5,72.3,63.3,78.1,76.0,45.0,50.0,29566.793382743577
Saudi Arabia,SAU,2020,577.1045,0.211115523412857,767951200000.0,-3.80478901996312,3.37234961012303,77.596,31552510,104.411027399625,7.66,62.4,64.6,49.6,99.8,61.8,66.6,63.3,81.0,75.4,45.0,50.0,24338.830730106733
Saudi Arabia,SAU,2021,590.321,2.8850612174452,982661066666.667,6.51959698325419,3.06328988941548,77.089,30784383,104.280975297041,6.621,66.0,68.7,53.2,99.1,62.9,83.5,63.3,82.3,75.8,45.0,50.0,31920.76536556432
Saudi Arabia,SAU,2022,620.4308,2.1556449627378,1239075200000.0,12.0005874752929,2.47407371925372,77.31,32175224,122.158039993668,5.589,55.5,46.7,50.7,99.3,57.3,68.1,41.2,79.0,74.8,45.0,50.0,38510.22762110374
Saudi Arabia,SAU,2023,635.4338,1.87130991298946,1218584800000.0,0.542592439393161,2.32708518362706,78.732,33702731,,4.008,58.3,47.3,34.4,99.4,60.3,71.8,42.5,78.9,74.2,50.0,50.0,36156.85625001725
Saudi Arabia,SAU,2024,652.511,1.70136894275871,1254140800000.0,2.64893068308965,1.68792112375809,78.982,35300280,110.66346516974,3.518,61.9,47.6,43.9,99.1,67.2,69.9,44.4,79.6,74.2,50.0,50.0,35527.78618186598
Saudi Arabia,SAU,2025,,,1276942933333.33,4.50246560191663,2.08420853585036,,36973555,,3.038,64.4,51.0,48.1,99.3,71.6,70.6,43.1,80.1,72.8,50.0,50.0,34536.655545655
Senegal,SEN,2001,4.5133,0.692757272925303,6507824829.26254,4.31085146618369,2.97450083919566,58.158,10212942,15.5517797470093,2.674,58.7,50.0,34.0,60.2,89.2,55.0,,78.8,61.0,50.0,50.0,637.2135305637239
Senegal,SEN,2002,4.6805,1.18024440779397,7006402319.75856,0.0686965747419066,2.33730187454299,58.912,10466214,16.9281692504883,2.82,58.6,50.0,35.0,59.9,86.8,55.0,,79.4,61.0,50.0,50.0,669.4304473192083
Senegal,SEN,2003,4.5437,0.986458285223565,8768721563.18211,5.59395094456143,-0.0519970242714495,59.474,10721176,,2.781,58.1,50.0,29.0,59.8,88.0,55.0,,80.4,61.0,50.0,50.0,817.8880342214427
Senegal,SEN,2004,5.177,1.36534663159615,10076816666.6196,4.64329393683312,0.514781781023016,60.308,10975704,19.9657497406006,2.775,58.9,50.0,31.0,59.8,85.9,55.0,,80.4,68.0,50.0,50.0,918.1020795221518
Senegal,SEN,2005,5.7486,1.52551294776184,11009033437.939,4.31023852639633,1.71133325855502,60.98,11235472,22.2482490539551,2.679,57.9,50.0,32.0,59.5,86.8,55.0,43.7,84.3,68.2,50.0,50.0,979.8461015201675
Senegal,SEN,2006,5.6142,2.47770837743402,11697918243.0035,2.33077098330239,2.11228583877117,61.801,11500094,24.2208805084229,2.755,56.2,50.0,30.0,60.7,84.4,55.1,44.4,90.4,66.6,50.0,30.0,1017.2019674798745
Senegal,SEN,2007,6.2195,2.51145667497291,13994218412.9619,2.82711920133374,5.85330428467681,62.653,11770344,,2.8,58.1,50.0,32.0,60.8,83.9,56.4,43.2,82.9,71.6,50.0,50.0,1188.9387780817538
Senegal,SEN,2008,6.4443,2.70404739796078,16853989627.548,3.70316906391386,7.34720236578406,63.201,12048959,30.7020606994629,2.816,58.3,50.0,33.0,65.2,82.3,55.5,43.9,81.4,71.6,50.0,50.0,1398.7921801002062
Senegal,SEN,2009,6.593,2.05299535843601,16145867494.9405,2.75210448455053,-2.2480214785534,63.751,12337389,,2.807,56.3,50.0,36.0,65.1,77.0,65.0,42.5,76.5,71.2,40.0,40.0,1308.6940433620518
Senegal,SEN,2010,6.9781,1.68778336701059,16121315909.0758,3.39088925336209,1.22868119673344,64.221,12635413,37.1267013549805,2.795,54.6,45.0,34.0,64.7,77.8,63.1,41.9,75.2,69.7,35.0,40.0,1275.8835749235739
Senegal,SEN,2011,7.479,1.90106996405963,17814283639.3119,1.33409107961258,3.40322829786971,64.799,12958897,42.6368983156004,2.853,55.7,40.0,30.0,65.4,78.8,62.3,42.9,79.7,73.2,45.0,40.0,1374.6759187384466
Senegal,SEN,2012,7.3641,1.56368019565039,17660870411.5235,4.00299555090457,1.41822871177854,65.229,13310495,46.4158677062967,3.896,55.4,40.0,29.0,65.4,78.5,58.4,43.5,81.6,72.2,45.0,40.0,1326.8379884837866
Senegal,SEN,2013,7.8409,1.64581763022307,18918667724.8817,2.41238527605579,0.710245486695176,65.638,13710849,49.0776594909389,5.012,55.5,40.0,29.0,65.2,75.6,56.7,41.3,79.6,72.2,55.0,40.0,1379.8319655392381
Senegal,SEN,2014,8.3827,2.03613121185767,19797253440.2679,6.22407443790986,-1.09025507446895,66.001,14152102,50.546931380439,5.849,55.4,40.0,29.5,65.1,75.4,47.5,41.5,81.8,73.2,60.0,40.0,1398.8913760138175
Senegal,SEN,2015,9.2184,2.30194934655844,17774766696.1759,6.36704365066983,0.135211933635165,66.451,14593331,50.5380516052246,6.757,57.8,40.0,41.0,71.3,74.6,54.6,39.5,83.0,74.0,60.0,40.0,1218.0061355543776
Senegal,SEN,2016,10.2971,2.48110320660753,19040312333.1864,6.35606857208136,0.837284942557434,66.724,15034521,,4.455,58.1,40.0,43.0,71.6,76.1,49.1,42.4,84.9,73.8,60.0,40.0,1266.4395715158735
Senegal,SEN,2017,10.2029,2.80606270309874,20965069572.7168,7.40748618589598,1.31815314847789,67.059,15475002,,4.078,55.9,44.0,42.1,70.9,74.3,50.8,38.9,86.0,73.1,60.0,40.0,1354.7700719338711
Senegal,SEN,2018,10.7355,3.6676580901097,23116701556.1381,6.20924103388887,0.460985642464188,67.379,15914498,,3.453,55.7,41.3,42.6,68.5,72.7,51.5,41.4,84.7,66.7,60.0,40.0,1452.5561256244525
Senegal,SEN,2019,11.0288,4.55247618583033,23403995992.1354,4.6136280976221,1.76011151192939,67.668,16352922,44.4624552560012,2.863,56.3,47.8,40.3,70.8,73.3,53.3,39.4,78.2,72.0,60.0,40.0,1431.1812893215904
Senegal,SEN,2020,10.8149,7.52395708111684,24530513037.7518,1.34207377285524,2.54314685681662,67.496,16789219,44.7866297761573,3.432,58.0,52.4,40.6,70.2,84.4,50.4,38.1,79.7,65.4,60.0,40.0,1461.0872035055233
Senegal,SEN,2021,13.1241,9.40426405095026,27520784129.7508,6.5440010991951,2.18032278088147,66.868,17220867,45.1726204964815,3.436,58.0,50.3,43.6,72.4,84.2,53.5,36.6,79.0,66.4,60.0,40.0,1598.1067695227425
Senegal,SEN,2022,14.5438,10.5411241953817,27783332222.6759,3.85043193752725,9.69681899081073,67.788,17651103,45.3756792066535,2.837,60.0,58.0,47.8,72.3,82.1,57.9,53.9,76.1,65.8,60.0,40.0,1574.0281059305983
Senegal,SEN,2023,13.717,15.6044600024418,30696331295.7826,4.25743083300657,5.93947798773215,68.683,18077573,44.0673682244069,2.784,57.7,56.6,49.8,69.8,80.5,53.5,54.0,75.7,65.4,60.0,40.0,1698.0338730084288
Senegal,SEN,2024,14.2023,6.26804204995863,32169996051.8502,6.46220577412338,0.804503298792438,68.924,18501984,,2.788,55.4,55.5,45.6,69.0,79.2,54.0,54.5,68.0,66.2,60.0,40.0,1738.7322382210577
Senegal,SEN,2025,,,37006536238.3731,6.68227744849194,1.45900719841385,,18931966,,2.735,56.4,57.2,45.2,69.4,79.7,54.3,54.3,68.8,67.2,60.0,40.0,1954.7117419486756
Serbia,SRB,2001,,,13599378661.9952,6.77852279368084,95.0052258100006,72.2341463414634,7503433,89.7503128051758,12.8,,,,,,,,,,,,1812.4208828139333
Serbia,SRB,2002,,,17930583571.3055,6.54104600309256,19.4908321579689,72.2853658536585,7500031,88.7098770141602,13.8,46.6,30.0,10.0,89.8,74.8,40.0,,46.8,88.4,10.0,30.0,2390.734594471076
Serbia,SRB,2003,,,23593044417.5086,4.55968997935088,9.87617889729578,72.4365853658537,7480591,88.2943801879883,15.2,43.5,30.0,10.0,79.8,89.2,40.0,,34.2,68.4,10.0,30.0,3153.901131275403
Serbia,SRB,2004,,,26845632341.8075,6.68686836863701,11.0263627183464,72.6829268292683,7463157,88.1681365966797,18.5,,,,,,,,,,,,3597.0879805700856
Serbia,SRB,2005,,,28334256180.8801,5.90349622935489,16.1199806482826,72.8341463414634,7440769,88.5904083251953,20.85,,,,,,,,,,,,3807.9741732178622
Serbia,SRB,2006,,,33298057361.7412,3.90066644620993,11.7240229980834,73.3853658536585,7411569,88.9565811157227,20.85,,,,,,,,,,,,4492.713669904604
Serbia,SRB,2007,,9.85383583099953,44888028946.0854,7.83207023027602,6.39170644391413,73.6317073170732,7381579,89.437370300293,18.06,,,,,,,,,,,,6081.087657002032
Serbia,SRB,2008,,7.48017377130846,54220641201.6474,5.16089327231823,12.410986775178,73.8853658536585,7350222,90.4638137817383,13.67,,,,,,,,,,,,7376.7351791071615
Serbia,SRB,2009,,6.23823937763422,46955984409.7271,-3.14261075416574,8.11695092238082,73.9853658536585,7320807,91.4844589233398,16.116,56.6,40.0,34.0,85.9,46.3,56.0,70.0,65.8,78.0,40.0,50.0,6414.044846384708
Serbia,SRB,2010,,3.88925451665989,43536629233.1424,1.61097281449412,6.14255360247248,74.3365853658537,7291436,91.4276275634766,19.204,56.9,40.0,34.0,83.2,41.4,58.9,72.2,64.5,75.2,50.0,50.0,5970.926609400727
Serbia,SRB,2011,,9.6203440965999,51251098408.0924,0.0542724836581954,11.1373976342129,74.5365853658537,7236519,93.6310501098633,22.959,58.0,40.0,35.0,83.6,41.9,59.0,68.9,66.0,75.2,60.0,50.0,7082.286166607509
Serbia,SRB,2012,,2.82759932149649,45103269969.4112,-0.443956070983248,7.33038589596646,74.8365853658537,7201497,94.1696166992188,24.0,58.0,40.0,35.0,84.1,39.3,56.5,68.7,68.0,77.9,60.0,50.0,6263.0408607281515
Serbia,SRB,2013,,4.08141056622247,50455529604.0696,0.451578805330726,7.69426362896655,75.1853658536585,7166553,94.4092102050781,22.154,58.6,40.0,33.0,84.2,40.3,60.2,70.4,65.3,77.9,65.0,50.0,7040.418120687812
Serbia,SRB,2014,,4.07119376860245,49114321280.3466,-1.80427041681132,2.08244793880154,75.3365853658537,7131787,94.3444137573242,19.223,59.4,40.0,34.0,83.1,38.6,59.3,70.1,66.9,77.0,75.0,50.0,6886.678090687033
Serbia,SRB,2015,,5.67381755834409,41297410634.9586,1.2957386351958,1.39235822000187,75.2878048780488,7095383,96.6696090698242,17.66,60.0,45.0,42.0,82.4,27.1,57.8,70.4,72.2,78.2,75.0,50.0,5820.321557688796
Serbia,SRB,2016,,5.57770746372387,42225495909.5633,2.97519807160826,1.12231397417769,75.6878048780488,7058322,96.234733581543,15.257,62.1,50.0,41.0,84.3,44.1,60.2,66.2,77.5,77.8,70.0,50.0,5982.370301264706
Serbia,SRB,2017,,6.29636171721257,45972834713.8077,2.3634031250553,3.13106248590115,75.5390243902439,7020858,95.4950866699219,13.477,58.9,50.3,38.2,83.3,40.3,62.9,65.9,80.8,77.8,70.0,50.0,6548.036538241865
Serbia,SRB,2018,,7.71374568954873,52787520248.9242,4.64935035491007,1.95984076293801,75.890243902439,6982604,95.0872421264648,12.733,62.5,46.2,36.5,83.5,40.6,68.3,69.2,82.9,87.4,70.0,50.0,7559.861657473945
Serbia,SRB,2019,,7.92487427143519,53864693664.5568,4.75020793899014,1.84922984511086,75.9365853658537,6945235,94.4721908569336,10.395,63.9,50.1,37.2,82.0,45.1,72.9,67.4,80.0,77.0,70.0,50.0,7755.632986437004
Serbia,SRB,2020,,6.23865408002072,55874017668.998,-0.950023991851594,1.57553290083415,74.4780487804878,6899126,92.2411727905273,9.011,66.0,55.4,44.0,83.7,49.7,72.6,66.9,80.7,78.0,70.0,50.0,8098.7095566884855
Serbia,SRB,2021,,6.95312089132574,66159884072.5308,7.94905650472278,4.08510285335102,72.780487804878,6834326,92.3795013427734,9.843,67.2,57.9,45.0,92.5,49.6,71.0,67.3,81.1,77.2,70.0,50.0,9680.52798074467
Serbia,SRB,2022,,6.90354140371273,66809895701.2152,2.70347705543654,11.9815117344703,75.2365853658537,6664449,91.9540023803711,8.439,65.2,58.8,37.9,90.9,42.5,74.4,62.9,81.6,77.0,70.0,50.0,10024.819111259641
Serbia,SRB,2023,,6.06995232091603,81343999280.0179,3.74793303561771,12.3719043552519,76.1414634146341,6623183,,8.268,63.5,58.7,50.0,87.9,37.6,74.3,68.1,78.6,76.0,70.0,50.0,12281.707946166956
Serbia,SRB,2024,,6.20235039860679,90088366320.4062,3.94992622592932,4.6705297488997,75.9682926829268,6586476,89.8402786254883,7.24,62.7,58.6,36.8,87.1,36.3,74.0,67.8,70.9,76.6,70.0,50.0,13677.779486390933
Serbia,SRB,2025,,,99953324472.9042,2.03039196235113,3.8903678606001,,6549143,,7.123,64.4,58.9,37.2,87.3,40.2,74.7,66.6,68.5,77.2,70.0,50.0,15262.04641934131
Seychelles,SYC,2001,0.8382,9.77854727943918,662064155.920692,-2.27116288552982,5.96962204168156,73.2536585365854,81202,78.5736694335938,,,,,,,,,,,,,8153.298636987906
Seychelles,SYC,2002,0.7586,6.42979491804749,742134837.50919,1.21283290259314,0.174999999999924,71.0878048780488,83723,74.4553298950195,,,,,,,,,,,,,8864.169194954671
Seychelles,SYC,2003,0.7652,7.78128204836837,750847230.099263,-5.88712848764477,3.30255386407089,71.0292682926829,82781,77.5321578979492,,,,,,,,,,,,,9070.28460757013
Seychelles,SYC,2004,1.0615,4.25692407405115,893012218.181818,-2.8504539768538,3.85730391367399,72.6609756097561,82475,77.4061813354492,,,,,,,,,,,,,10827.671636032956
Seychelles,SYC,2005,0.9643,8.25542388019619,977899381.818182,9.0057617374238,0.907187718073944,72.1317073170732,82858,84.5365982055664,,,,,,,,,,,,,11802.11182768329
Seychelles,SYC,2006,1.0495,12.997071189638,1081441283.31798,9.40612855732827,-0.353465498693756,72.2170731707317,84600,77.854362487793,,,,,,,,,,,,,12782.993892647519
Seychelles,SYC,2007,0.8675,16.3299180561317,1077308813.82945,8.87606645570879,5.32060027285142,73.1439024390244,85033,84.6312103271484,,,,,,,,,,,,,12669.302668722143
Seychelles,SYC,2008,0.9212,18.3570766112751,979597394.293453,-2.72594626154864,36.9647582875289,73.1634146341463,86956,81.1551132202148,,,,,,,,,,,,,11265.43762700047
Seychelles,SYC,2009,1.0202,19.7733389965627,850901620.433301,-2.47937594726137,31.7544407744178,73.0829268292683,87298,80.9706115722656,,47.8,50.0,45.0,73.8,0.0,65.5,57.1,78.1,28.4,50.0,30.0,9747.09180546291
Seychelles,SYC,2010,0.917,16.2787980957365,981616542.328454,4.50513204312067,-2.40463875108227,73.1975609756098,89770,76.172233581543,,47.9,50.0,48.0,76.4,9.3,64.2,59.8,57.9,33.4,50.0,30.0,10934.794946290009
Seychelles,SYC,2011,0.7817,13.5270690867223,1058918707.26124,9.5097833517957,2.55926772230953,72.7243902439024,87441,74.46608040201,,51.2,50.0,48.0,77.7,52.5,62.4,58.1,54.9,33.4,45.0,30.0,12110.09374619732
Seychelles,SYC,2012,0.8866,56.2882654419862,1089407839.19709,3.1106784939243,7.11037062326403,74.2756097560976,88303,84.5009231567383,,53.0,50.0,48.0,76.0,59.6,62.3,58.0,67.4,33.4,45.0,30.0,12337.15546693872
Seychelles,SYC,2013,0.8023,4.29723724959436,1333160407.38516,1.25373496242949,4.33893848329099,73.119512195122,89949,84.6974263853466,,54.9,50.0,48.0,77.6,56.9,69.2,63.5,75.6,33.4,45.0,30.0,14821.292147607644
Seychelles,SYC,2014,0.9261,7.80896304548278,1387577870.08161,4.0636918123521,1.38583454581263,73.2292682926829,91359,89.3980343980344,,56.2,50.0,48.5,76.8,61.8,67.6,68.5,75.1,33.4,50.0,30.0,15188.190217511246
Seychelles,SYC,2015,0.9868,7.39272196242003,1432403352.12944,8.9140088750469,4.04194410725617,74.2951219512195,93419,92.0911695105244,,57.5,50.0,54.0,79.8,59.4,67.7,63.9,76.0,44.0,50.0,30.0,15333.105172710477
Seychelles,SYC,2016,1.1003,4.35742188671966,1568513348.14463,12.1175272453913,-1.01548191697626,74.309756097561,94677,101.712798026857,,62.2,50.0,55.0,79.3,62.0,66.0,62.1,79.7,83.4,55.0,30.0,16566.994604229432
Seychelles,SYC,2017,1.1528,11.7771697387857,1675370641.01416,6.95416218794271,2.85679575568437,74.3,95843,112.311212814645,,61.8,55.2,44.3,78.8,63.9,63.4,55.9,78.3,83.4,55.0,30.0,17480.36519113717
Seychelles,SYC,2018,1.0053,17.1030662941746,1784313926.76807,4.93947272254312,3.70291839111568,72.8414634146341,96762,108.274060095805,,61.6,60.7,38.8,73.4,63.0,63.4,57.5,81.5,86.7,55.0,30.0,18440.2340460932
Seychelles,SYC,2019,0.8948,13.7575701960234,1868690096.73454,5.5142920737342,1.80709400809982,74.0463414634146,97625,100.825877494838,,61.4,58.2,39.2,76.3,60.3,63.3,63.2,80.0,81.4,55.0,30.0,19141.511874361484
Seychelles,SYC,2020,0.8388,5.79027015191072,1382551751.56908,-11.7398608281732,1.20266463987123,77.2365853658537,98462,102.18818380744,,64.3,68.3,53.3,76.8,58.9,65.3,62.8,78.6,82.6,55.0,30.0,14041.475407457498
Seychelles,SYC,2021,0.7882,7.52808883301193,1487173794.80528,0.552281631207279,9.76909936973542,73.3975609756097,99258,102.952278242114,,66.3,65.3,64.4,76.9,60.9,67.5,71.3,80.3,79.0,55.0,30.0,14982.911148776722
Seychelles,SYC,2022,0.8424,9.4918981662406,1999888599.25474,9.88048366355446,2.6260363285129,74.509756097561,119878,76.8818747010999,,61.1,78.8,65.2,76.4,42.5,61.2,61.7,82.1,81.2,55.0,30.0,16682.699071178533
Seychelles,SYC,2023,0.8395,11.0384988650861,2171547935.38159,5.17980996672414,-1.03530088431952,75.419512195122,119773,74.2514404458298,,59.5,79.7,63.6,75.1,47.8,65.9,62.3,73.3,80.6,55.0,30.0,18130.529713554723
Seychelles,SYC,2024,0.8782,10.1468739688419,2228608684.29911,3.34667429007052,0.311726050919668,76.2951219512195,121354,70.824577331543,,60.4,72.0,72.1,79.1,54.6,76.9,50.8,77.0,80.2,55.0,30.0,18364.52596782232
Seychelles,SYC,2025,,,2387022853.48583,5.79795669973812,0.297589655467556,,122730,,,66.4,74.0,75.0,79.7,64.6,78.8,56.5,75.6,85.2,30.0,30.0,19449.38363469266
Sierra Leone,SLE,2001,0.5494,0.584947649727907,1681473893.76655,-6.34545563328469,,45.448,4692716,25.5431499481201,4.235,,,,,,,,,,,,358.3157160515467
Sierra Leone,SLE,2002,0.5798,0.538476849671278,1933863910.73227,26.5241350674409,,46.174,4971435,,3.909,,,,,,,,,,,,388.99511121683577
Sierra Leone,SLE,2003,0.6169,0.402080514728161,2142618045.93129,9.48363126885343,,46.784,5177687,,3.879,42.2,10.0,10.0,70.6,75.3,40.0,,81.9,31.8,30.0,30.0,413.8176073469273
Sierra Leone,SLE,2004,0.6125,2.73329141184343,2237350687.46606,6.47884588417347,,47.485,5355717,,3.42,43.6,10.0,10.0,69.9,72.8,40.0,,86.6,43.0,30.0,30.0,417.74998332922746
Sierra Leone,SLE,2005,0.5675,3.56470945553037,2545275312.60512,4.3534998069981,,48.306,5501712,,3.734,44.8,10.0,22.0,73.5,75.5,40.0,32.5,81.7,53.2,30.0,30.0,462.63332442794535
Sierra Leone,SLE,2006,0.7116,1.80375615409317,3263697466.73514,4.28311062264335,,49.547,5624466,,3.89,45.2,10.0,23.0,75.1,68.9,50.8,32.0,74.0,58.4,30.0,30.0,580.2679697477307
Sierra Leone,SLE,2007,0.6672,2.6278911435046,3632957611.35152,3.74975804751641,11.6499744518106,50.024,5749352,,4.022,47.0,10.0,24.0,73.0,81.5,50.5,32.7,72.9,55.2,30.0,40.0,631.8899262649982
Sierra Leone,SLE,2008,0.6468,1.27696981909264,4157895298.19572,3.68605969932123,8.21112432289608,50.693,5894722,,4.132,48.3,10.0,22.0,81.0,81.8,49.5,33.9,74.4,60.2,30.0,40.0,705.3590140800059
Sierra Leone,SLE,2009,0.6527,2.79329478350427,3953403098.37107,1.53080323958716,7.46901898540982,51.312,6055646,,4.268,47.8,10.0,21.0,80.9,86.3,57.0,33.4,73.8,66.0,30.0,20.0,652.8458067679435
Sierra Leone,SLE,2010,0.7103,5.59265918271249,4262805966.78755,6.35566595800495,7.18566275668163,51.927,6222714,,4.34,47.9,10.0,19.0,80.9,80.5,54.6,39.0,71.7,62.8,40.0,20.0,685.0396734909478
Sierra Leone,SLE,2011,0.8684,19.5505875068329,4861632884.67985,8.10065518714917,6.79138291952621,52.594,6387251,40.4235687255859,4.388,49.6,10.0,22.0,80.8,86.8,54.9,39.4,74.2,62.8,45.0,20.0,761.1463655772803
Sierra Leone,SLE,2012,0.9744,11.7630516727995,6141666509.36295,10.578331663387,6.58776239392585,53.159,6551080,44.5522918701172,4.378,49.1,10.0,24.0,80.9,84.3,51.8,42.0,70.1,62.8,45.0,20.0,937.5044281802315
Sierra Leone,SLE,2013,1.1227,5.72675143806855,7502762862.72657,14.6633238075229,5.52412877994266,54.051,6714051,39.2237892150879,4.376,48.3,10.0,25.0,80.7,75.9,51.5,26.3,68.5,70.2,55.0,20.0,1117.471830751147
Sierra Leone,SLE,2014,1.207,4.88007878489104,7686138790.90872,-7.81501512457241,4.63931171409667,54.281,6876385,,4.678,50.5,15.0,24.6,80.7,85.7,55.3,28.7,70.2,70.2,55.0,20.0,1117.7586465721045
Sierra Leone,SLE,2015,1.0224,3.71866092366771,6788352974.78329,-4.36333262093788,6.68943562498681,55.454,7037655,39.8463706970215,4.483,51.7,10.0,30.0,80.8,87.5,53.4,41.6,68.5,70.2,55.0,20.0,964.5759808889878
Sierra Leone,SLE,2016,1.0587,2.27663664378768,6084297211.10217,6.43743652764257,10.8860609413903,56.937,7205328,42.1386795043945,4.182,52.3,10.0,31.0,81.2,92.6,49.9,43.2,70.8,69.4,55.0,20.0,844.416411175476
Sierra Leone,SLE,2017,1.0446,7.19540249608134,5749846528.48046,3.20786087715987,18.2215094003386,57.761,7379299,41.5312194824219,3.656,52.6,37.4,18.9,81.3,90.2,49.6,29.7,71.1,69.4,60.0,20.0,779.1860078417286
Sierra Leone,SLE,2018,1.2108,2.90502880166707,6390514688.52816,2.8938564123677,16.0295447693699,59.059,7554563,43.119270324707,3.192,51.8,33.6,22.0,79.9,89.8,51.3,30.5,69.5,69.4,60.0,20.0,845.914540460932
Sierra Leone,SLE,2019,1.2073,1.86680073560006,6523577590.38319,5.50270937378153,14.8049990906021,59.593,7731991,61.1980781555176,3.204,47.5,35.5,26.2,87.3,84.4,44.9,29.3,65.0,69.4,60.0,20.0,843.7125173041704
Sierra Leone,SLE,2020,1.2307,0.762524725903042,6688307705.64217,-1.2533490322766,13.4468711101052,59.694,7912558,62.5606803894043,3.509,48.0,40.7,21.8,87.5,83.5,50.1,29.7,64.2,69.4,60.0,20.0,845.2775582361822
Sierra Leone,SLE,2021,1.4724,2.98593617782997,7166931483.2953,5.8968527047094,11.8739588840234,60.26,8094602,73.4251403808594,3.551,51.7,42.3,30.5,86.7,85.9,49.6,30.1,65.1,64.6,60.0,20.0,885.3964016137297
Sierra Leone,SLE,2022,1.4668,2.0361950444072,7121125277.18159,5.3135546141915,27.2082883814653,61.275,8276807,,3.137,52.0,43.1,32.4,86.7,84.9,34.4,38.2,65.1,63.6,60.0,20.0,860.3710678745548
Sierra Leone,SLE,2023,1.4104,2.27421424696108,6415852766.09227,5.7100218981806,47.6428733253179,61.786,8460512,86.9079513549805,3.092,50.2,34.4,42.8,87.2,81.1,34.6,38.3,67.6,61.5,60.0,20.0,758.3291373018878
Sierra Leone,SLE,2024,1.4618,1.74699628470852,6971127234.07241,4.29322334404611,28.6337500014115,61.964,8642022,,3.103,44.6,33.6,34.9,87.4,76.6,31.7,23.7,60.2,63.6,60.0,20.0,806.6546502742541
Sierra Leone,SLE,2025,,,7464157904.43509,4.60865077581276,7.48750166612986,,8819794,,3.15,48.0,33.8,36.0,87.8,89.0,37.0,23.7,50.2,63.6,40.0,20.0,846.2961724996173
Singapore,SGP,2001,45.9066,18.9398606857353,89793790669.6515,-1.07086275100448,0.997197956155943,78.2512195121951,4138012,,3.76,87.8,90.0,91.0,83.1,90.3,100.0,,92.9,83.0,90.0,70.0,21699.741486890685
Singapore,SGP,2002,45.2172,6.65366588247055,92538372869.6942,3.92336076702013,-0.391676866585049,78.5512195121951,4175950,,5.65,87.4,90.0,91.0,83.1,90.3,100.0,,89.0,83.0,90.0,70.0,22159.837371063877
Singapore,SGP,2003,42.4426,17.4624153696896,97646401095.6369,4.54825542643229,0.507905300237551,79.0390243902439,4114826,,5.93,88.2,90.0,92.0,87.8,90.2,100.0,,88.6,85.0,90.0,70.0,23730.384005456584
Singapore,SGP,2004,44.523,21.2027237505542,115033593101.049,9.93998268434957,1.66272719863072,79.490243902439,4166664,,5.84,88.9,90.0,93.0,87.8,91.1,100.0,,93.0,85.0,90.0,70.0,27608.08001342297
Singapore,SGP,2005,41.7315,15.1133588478775,127807848728.398,7.36632239250758,0.425106276569107,79.990243902439,4265762,,5.59,88.6,90.0,94.0,88.5,89.3,100.0,98.2,91.4,85.0,90.0,60.0,29961.317281273074
Singapore,SGP,2006,41.9694,26.3271523046735,148627286361.351,9.00676607871758,0.965657519018511,80.1414634146341,4401365,,4.48,88.0,90.0,93.0,89.5,89.6,96.9,98.2,88.0,85.0,90.0,60.0,33768.452823465224
Singapore,SGP,2007,43.3583,26.1619888768056,180941701357.97,9.02151951268893,2.10980166714574,80.4414634146342,4588599,,3.9,87.1,90.0,94.0,89.5,93.8,96.7,97.8,89.4,90.0,80.0,50.0,39432.886019887555
Singapore,SGP,2008,42.9155,7.02328608228286,193617323539.203,1.86348345462035,6.63544058395309,80.790243902439,4839396,,3.96,87.3,90.0,94.0,90.3,93.9,97.8,98.0,88.9,90.0,80.0,50.0,40008.572048909205
Singapore,SGP,2009,43.7607,12.0710944143275,194150283771.566,0.127953382778088,0.589142019610516,81.2414634146342,4987573,,5.86,87.1,90.0,93.0,91.1,93.8,98.3,98.1,86.8,90.0,80.0,50.0,38926.80543654519
Singapore,SGP,2010,48.8859,23.0694716770802,239807980591.24,14.5197497108994,2.82884527612958,81.5414634146342,5076732,,4.12,86.1,90.0,92.0,90.7,95.3,98.2,98.9,80.9,90.0,75.0,50.0,47236.683084953074
Singapore,SGP,2011,51.3367,17.5960314065854,279356499090.458,6.21493416858989,5.25115624639373,81.7439024390244,5183688,,3.89,87.2,90.0,92.0,91.1,91.3,98.2,98.0,86.2,90.0,75.0,60.0,53891.457026437165
Singapore,SGP,2012,50.1515,18.7435244231802,295092888076.589,4.43549759378537,4.58084479423094,81.9951219512195,5312437,,3.72,87.5,90.0,93.0,91.3,91.3,97.2,92.1,84.8,90.0,75.0,70.0,55547.555307778515
Singapore,SGP,2013,52.6259,20.9344810446532,307576360584.992,4.81763099120676,2.36439793742726,82.2463414634147,5399162,,3.86,88.0,90.0,92.0,91.1,91.3,97.1,91.4,82.0,90.0,75.0,80.0,56967.42579403841
Singapore,SGP,2014,53.8631,21.8184880782679,314863580758.455,3.93554027709007,1.03316955857629,82.4951219512195,5469724,,3.74,89.4,90.0,91.9,91.2,91.2,96.8,96.5,81.5,90.0,85.0,80.0,57564.802311497806
Singapore,SGP,2015,55.1746,22.6541826890491,307998545269.398,2.97679931634806,-0.521975611895763,82.7439024390244,5535002,,3.79,89.4,90.0,86.0,91.2,93.8,96.9,96.9,83.7,90.0,85.0,80.0,55645.606861460576
Singapore,SGP,2016,52.9724,20.3059406285478,320759207438.623,3.91095306322606,-0.529809760375464,82.8463414634146,5607283,107.745868589242,4.08,87.8,90.0,84.0,91.2,90.1,95.0,90.7,81.8,90.0,85.0,80.0,57204.034010522206
Singapore,SGP,2017,56.8881,29.5741008560154,344795119213.571,4.32679370770501,0.576763191179996,83.0951219512195,5612253,107.472873863465,4.2,88.6,97.1,87.9,90.5,90.1,95.1,90.8,84.3,90.0,85.0,80.0,61436.13255025584
Singapore,SGP,2018,54.2117,22.7862106121625,377976367877.038,3.18660848474074,0.438784215129623,83.2975609756098,5638676,105.745250914262,3.613,88.8,98.4,91.2,90.4,90.6,90.9,92.6,85.2,90.0,85.0,80.0,67032.8225769734
Singapore,SGP,2019,55.8876,28.1758142041642,376827390962.044,1.15877947300108,0.567829988405447,83.5951219512195,5703569,104.621987875083,3.1,89.4,97.4,95.1,90.4,90.7,90.8,91.0,85.3,94.8,85.0,80.0,66068.70031063778
Singapore,SGP,2020,53.8768,22.5843942948636,351226533656.292,-3.61084281729929,-0.172111865925382,83.5439024390244,5685807,103.115839213946,4.1,89.4,96.8,92.4,90.3,91.1,92.8,90.9,85.6,94.8,85.0,80.0,61772.50364922552
Singapore,SGP,2021,55.7179,32.2624851402185,441110903524.645,10.1410845197192,2.31610315765146,83.0926829268293,5453566,102.951274385922,4.64,89.7,97.5,93.2,90.5,94.1,93.8,91.5,85.4,95.0,85.0,80.0,80884.85653692373
Singapore,SGP,2022,56.3467,28.0305519383786,514252535238.749,4.01027884472296,6.13095418919732,82.8951219512195,5637022,103.009804103267,3.591,84.4,94.4,92.8,90.5,90.1,83.1,77.0,86.5,95.0,85.0,80.0,91227.69704264929
Singapore,SGP,2023,56.1013,24.607056245637,511181761243.76,1.45026775889565,4.83372362825798,83.0975609756098,5917648,103.082801906213,3.444,83.9,94.0,58.3,90.6,89.0,86.9,77.3,81.9,95.0,85.0,80.0,86382.59004992525
Singapore,SGP,2024,58.8681,23.5787255966584,572877260178.427,5.3435120192366,2.38951123595017,83.3463414634146,6036860,,2.737,83.5,94.2,88.3,90.7,89.2,86.9,77.3,76.3,95.0,90.0,80.0,94896.5621495988
Singapore,SGP,2025,,,603869516998.738,5.02588199508003,0.902998495002676,,6111175,,2.818,84.1,94.3,86.4,89.9,92.9,90.6,77.1,81.0,95.0,90.0,80.0,98813.97881728769
Slovakia,SVK,2001,41.9785,7.16911283154777,21377597034.604,2.92516077248489,7.32962019115532,73.4024390243903,5378867,87.4630432128906,19.148,58.5,50.0,37.0,59.3,39.3,70.0,,70.8,80.2,70.0,50.0,3974.368028546532
Slovakia,SVK,2002,41.9516,17.0074822919687,24768142566.4057,4.41725348271514,3.12714222984609,73.6048780487805,5376912,88.5775680541992,18.541,59.8,50.0,35.0,61.1,33.7,70.0,,68.8,79.8,70.0,70.0,4606.38793538107
Slovakia,SVK,2003,42.396,2.87070802571882,33761723945.8299,4.85669851591319,8.55414305406653,73.6048780487805,5373374,91.0334014892578,17.549,59.0,50.0,37.0,67.5,22.3,70.0,,71.3,72.8,70.0,70.0,6283.151693113098
Slovakia,SVK,2004,41.8399,9.45863522150628,42960730480.0495,5.38949856996771,7.54850088183423,73.9585365853659,5372280,93.7951812744141,18.206,64.6,50.0,37.0,68.5,42.4,70.0,,80.8,72.8,70.0,90.0,7996.740765568716
Slovakia,SVK,2005,42.2444,8.03605835400406,48823790951.4538,6.48493222274386,2.70908494588383,73.9048780487805,5372807,95.3483963012695,16.276,66.8,50.0,37.0,81.9,42.4,70.0,75.7,78.0,72.8,70.0,90.0,9087.203570024718
Slovakia,SVK,2006,42.2564,9.98305386037355,57111148619.2975,8.92568704770216,4.48333120449615,74.2048780487805,5373054,95.5382995605469,13.395,69.8,50.0,40.0,89.5,52.5,69.3,76.7,77.8,82.4,70.0,90.0,10629.178232583834
Slovakia,SVK,2007,41.335,6.56747727493293,77019443089.3052,10.8186295074904,2.75672371638135,74.2073170731707,5374622,95.3289337158203,11.16,69.6,50.0,43.0,89.5,53.7,70.7,76.1,76.6,86.6,70.0,80.0,14330.206494392574
Slovakia,SVK,2008,41.1622,4.79998733472882,96685492864.2317,5.36337721231949,4.59817976325028,74.7048780487805,5379233,94.7546234130859,9.514,70.0,50.0,47.0,89.4,53.9,69.5,77.1,76.9,86.0,70.0,80.0,17973.843643551358
Slovakia,SVK,2009,37.2268,1.7025214117002,89342984697.5246,-5.50533790972226,1.61510464058236,74.909756097561,5386406,94.39501953125,12.023,69.4,50.0,49.0,84.1,57.4,73.4,75.3,78.7,85.8,70.0,70.0,16586.752780522784
Slovakia,SVK,2010,39.9112,2.32222893370545,91112160800.7668,6.79058159142423,0.957018132975174,75.1121951219512,5391428,94.7793426513672,14.387,69.7,55.0,50.0,84.0,64.5,72.6,65.1,78.2,87.5,70.0,70.0,16899.44868052894
Slovakia,SVK,2011,37.8943,5.44765747649664,99705104723.4341,2.56242473215553,3.91928599146291,75.9585365853659,5398384,94.9994125366211,13.634,69.5,50.0,45.0,84.2,63.7,73.4,64.5,81.6,87.6,75.0,70.0,18469.435431683647
Slovakia,SVK,2012,36.1064,1.87551069035637,94724394278.052,1.56917104702706,3.6061026352289,76.109756097561,5407579,95.0492630004883,13.966,67.0,50.0,43.0,84.2,48.2,71.0,58.1,83.5,87.1,75.0,70.0,17516.9691054078
Slovakia,SVK,2013,36.3803,1.01266878582834,99134277850.3418,0.703323545247201,1.40047368963025,76.4121951219512,5413393,93.529670715332,14.226,68.7,50.0,40.0,84.7,58.0,71.0,72.2,79.1,86.8,75.0,70.0,18312.78051498234
Slovakia,SVK,2014,33.9902,-0.356803047431846,101713075598.862,2.70795151449488,-0.0761653295419871,76.8121951219512,5418649,92.7571029663086,11.536,66.4,50.0,41.8,80.2,56.0,67.0,53.6,78.1,87.8,80.0,70.0,18770.928989654432
Slovakia,SVK,2015,34.526,1.70487122540291,89178548717.3324,5.17687909722133,-0.325219777427765,76.5634146341463,5423801,91.8957290649414,11.492,67.2,50.0,47.0,80.8,55.1,69.6,56.5,75.5,88.0,80.0,70.0,16442.076086001754
Slovakia,SVK,2016,35.4446,5.27770700739813,90347173228.6356,1.94781841524558,-0.520010196278358,77.1658536585366,5430798,91.4534378051758,9.679,66.6,50.0,50.0,80.1,49.5,68.4,55.0,79.5,88.0,75.0,70.0,16636.076913307326
Slovakia,SVK,2017,37.7288,4.39986424621101,95978130734.9766,2.87473327453695,1.31194588223247,77.1658536585366,5439232,91.2535934448242,8.142,65.7,69.0,39.6,79.7,47.2,64.9,54.4,81.1,87.0,75.0,70.0,17645.52987167611
Slovakia,SVK,2018,37.2427,2.11269531583982,106611673364.837,4.06211981896483,2.51403712883803,77.2658536585366,5446771,91.7815399169922,6.544,65.3,68.2,38.2,78.9,44.3,63.9,54.0,81.0,86.9,75.0,70.0,19573.37170313145
Slovakia,SVK,2019,34.8074,2.15394548631737,105843498304.094,2.27589910019393,2.6645613342544,77.6658536585366,5454147,91.3246917724609,5.761,65.0,68.5,37.7,78.6,46.1,61.3,53.4,78.6,86.0,75.0,70.0,19406.058968358204
Slovakia,SVK,2020,32.6439,-1.05975666677956,107732602896.441,-2.58551241733207,1.93694126694223,76.8658536585366,5458827,90.813346862793,6.719,66.8,73.1,49.7,78.5,50.2,55.3,52.6,75.9,86.4,75.0,70.0,19735.485828080098
Slovakia,SVK,2021,36.6483,2.25677867211963,120511265913.343,5.6558588065555,3.1496062992126,74.6146341463415,5447247,91.0899124145508,6.894,66.3,71.5,48.8,78.4,47.0,55.6,52.2,74.8,84.0,75.0,70.0,22123.33421145452
Slovakia,SVK,2022,33.1887,4.16872005912019,115792972358.209,0.544591632137454,12.7741463637611,76.9658536585366,5431752,92.2043075561523,6.143,69.7,83.2,53.7,77.3,41.8,75.9,56.5,75.5,79.2,75.0,70.0,21317.794398236332
Slovakia,SVK,2023,31.1483,0.393861455912485,133578518423.544,2.11263633214959,10.5319476645211,78.119512195122,5426740,92.6436767578125,5.843,69.0,84.2,70.6,77.3,41.2,72.2,64.7,74.8,78.6,75.0,70.0,24614.873464279477
Slovakia,SVK,2024,29.8925,3.55503662060591,140934076532.375,1.93867445549446,2.75760909424279,78.3707317073171,5422069,93.1929931640625,5.3,68.1,84.5,55.8,76.5,41.4,76.3,58.1,66.1,79.2,75.0,70.0,25992.674850204785
Slovakia,SVK,2025,,,154530066506.895,0.807418690144758,4.00042823495829,,5413813,,5.359,68.4,84.3,57.2,76.7,38.7,77.0,58.0,64.5,79.6,75.0,70.0,28543.665343981218
Slovenia,SVN,2001,16.9662,2.42490291611765,20668868706.8115,2.82868479430465,8.37966587492208,75.7585365853659,1992060,108.754692077637,5.682,61.8,70.0,60.0,52.8,47.1,85.0,,73.6,67.4,50.0,50.0,10375.625586986085
Slovenia,SVN,2002,17.2769,7.96826357828918,23214593516.2095,3.28258371393918,7.48077770703761,76.0073170731707,1994530,109.761543273926,5.922,57.8,50.0,55.0,51.8,41.9,85.0,,72.0,64.2,50.0,50.0,11639.12977804771
Slovenia,SVN,2003,17.1247,1.82421495294141,29360575031.8177,3.19503117236037,5.54416421752897,76.8585365853659,1995733,111.062507629395,6.479,57.7,50.0,52.0,53.1,40.6,85.0,,76.7,62.2,50.0,50.0,14711.674874253069
Slovenia,SVN,2004,17.3993,2.23412471685355,34156553313.4031,4.54602214352336,3.5929759424951,77.2073170731707,1997012,98.896858215332,6.012,59.2,50.0,60.0,54.4,40.6,85.0,,77.3,65.2,50.0,50.0,17103.829778390464
Slovenia,SVN,2005,17.6363,2.70057223244549,35947936823.7781,3.8541277114569,2.45150132316477,77.6121951219512,2000474,98.4314880371094,6.506,59.6,50.0,59.0,55.6,45.3,85.0,40.3,79.1,81.8,50.0,50.0,17969.70959071605
Slovenia,SVN,2006,17.9446,1.76264658794015,39260368837.0342,5.90878130011174,2.45792444195863,78.0865853658537,2006868,97.2324523925781,5.95,61.9,50.0,60.0,64.0,44.3,75.1,41.6,81.7,82.4,70.0,50.0,19563.005059144
Slovenia,SVN,2007,17.9355,3.93587276921145,47880266542.577,7.1392312914716,3.657495632841,78.5609756097561,2018122,99.2364883422852,4.818,59.6,50.0,61.0,54.6,30.9,72.9,41.2,78.9,86.6,70.0,50.0,23725.159600151528
Slovenia,SVN,2008,18.8957,1.94695512755549,55509332322.3578,3.37223866114127,5.64742380573939,78.7658536585366,2021316,99.93359375,4.371,60.2,50.0,64.0,62.4,33.2,74.1,42.4,79.5,86.0,60.0,50.0,27461.97641653151
Slovenia,SVN,2009,16.8896,-0.694282375481298,49975540954.8465,-7.59058614046387,0.839262246793805,78.9707317073171,2039669,98.9675598144531,5.858,62.9,60.0,66.0,62.9,38.4,84.5,42.8,78.6,85.8,60.0,50.0,24501.789729042554
Slovenia,SVN,2010,17.1608,0.667761282375457,47793117240.9001,1.11213719306735,1.80117022137138,79.4219512195122,2048583,98.5378189086914,7.236,64.7,60.0,67.0,64.0,46.1,83.3,43.5,76.0,87.5,70.0,50.0,23329.84176911558
Slovenia,SVN,2011,16.0793,1.71085960342006,51199194599.3094,0.655438128379743,1.8028517194191,79.9707317073171,2052843,98.4782180786133,8.166,64.6,60.0,66.0,65.1,41.1,83.6,41.8,80.5,87.6,70.0,50.0,24940.628484160457
Slovenia,SVN,2012,15.517,0.072644638587861,46167053954.3367,-2.91553782040462,2.59741386039003,80.1243902439024,2057159,98.1137313842773,8.841,62.9,60.0,64.0,64.8,27.9,81.4,42.2,81.2,87.1,70.0,50.0,22442.141785995493
Slovenia,SVN,2013,15.511,0.217315881641324,47867056858.8892,-0.823776417691676,1.76920085881897,80.3219512195122,2059953,110.558929443359,10.103,61.7,60.0,59.0,65.7,22.3,80.7,40.4,81.6,86.8,70.0,50.0,23236.96553216952
Slovenia,SVN,2014,14.126,2.05875310395561,49514466379.6057,2.76283327639742,0.199343826570844,81.0780487804878,2061980,110.182746887207,9.668,62.7,60.0,61.0,58.9,22.6,85.4,51.0,80.3,87.8,70.0,50.0,24013.068206095937
Slovenia,SVN,2015,14.2949,4.05096848349793,42709468274.8137,2.39330621338168,-0.525552285820783,80.7756097560976,2063531,109.655220031738,8.962,60.3,60.0,57.0,58.1,0.0,81.2,57.1,81.3,88.0,70.0,50.0,20697.27485306191
Slovenia,SVN,2016,15.0187,3.26541395278807,44290685824.0682,3.03441486663654,-0.0549995416705683,81.1756097560976,2065042,115.216941833496,8.0,60.6,60.0,58.0,58.6,0.0,82.0,55.4,84.3,88.0,70.0,50.0,21447.83777960361
Slovenia,SVN,2017,15.3443,2.4842141360232,48153200134.6613,5.17440215579958,1.42910743319306,81.0292682926829,2066388,114.595596313477,6.564,59.2,75.0,53.6,58.7,28.6,80.6,60.2,85.3,87.0,70.0,50.0,23303.077705959047
Slovenia,SVN,2018,15.45,2.86489909951597,53689067639.9176,4.37908347331195,1.7386086198818,81.3780487804878,2073894,113.556167602539,5.108,64.8,76.6,52.1,58.7,31.2,79.5,61.3,87.3,86.9,70.0,50.0,25888.048106565526
Slovenia,SVN,2019,14.8261,3.99098612082388,53909922735.545,3.50525332381912,1.63052260754335,81.5292682926829,2088385,111.369567871094,4.446,65.5,76.4,53.6,58.4,38.3,79.3,61.2,83.6,86.0,70.0,50.0,25814.168716757205
Slovenia,SVN,2020,13.5406,0.948340847721794,53384760135.1581,-4.08500094942896,-0.05485681576061,80.5317073170732,2102419,110.359169006348,4.971,67.8,76.5,67.4,59.2,42.9,78.4,61.4,82.2,86.4,70.0,50.0,25392.065109361214
Slovenia,SVN,2021,13.8601,3.60613978687237,61540813361.8556,8.41686457725321,1.91706506089269,80.6756097560976,2108079,108.17887878418,4.744,68.3,77.3,68.2,58.2,42.5,78.8,61.5,81.9,84.0,70.0,50.0,29192.840193301865
Slovenia,SVN,2022,13.3893,3.64010857871706,59899117741.0022,2.66850555542486,8.83369886749452,81.2829268292683,2112076,107.874809265137,4.011,70.5,89.7,66.7,57.2,36.4,79.7,63.3,85.1,79.2,70.0,50.0,28360.30414672682
Slovenia,SVN,2023,12.6186,2.09028809314832,69255264238.3855,2.3758326648385,7.44687717385846,81.9292682926829,2120461,107.626876831055,3.652,68.5,88.6,83.3,62.6,31.5,75.9,74.4,82.4,78.6,70.0,50.0,32660.475358134623
Slovenia,SVN,2024,13.3314,2.5587649173879,72972015197.3859,1.73139722479493,1.96562656432505,82.2853658536585,2127400,,3.7,65.9,88.2,60.6,57.4,27.1,79.1,65.4,74.1,79.2,70.0,50.0,34301.031868659345
Slovenia,SVN,2025,,,79648204979.3618,1.05992996255246,2.37284807226549,,2130986,,3.175,68.3,88.4,64.4,56.6,30.9,78.5,64.5,72.9,79.6,70.0,50.0,37376.2216079138
Solomon Islands,SLB,2001,0.2555,-2.10427182649691,409508552.979972,-7.95660550454917,6.92583732057426,67.237,449125,23.1048603057861,2.642,,,,,,,,,,,,911.7919353854094
Solomon Islands,SLB,2002,0.2678,0.04208946552377,346406738.885237,-2.7999838935951,10.9296341872692,67.35,457671,30.1493606567383,2.698,,,,,,,,,,,,756.8902964907913
Solomon Islands,SLB,2003,0.278,-0.24166681936572,417666638.600021,6.52346760921694,8.26946349334406,67.479,466154,,2.286,,,,,,,,,,,,895.9842425464997
Solomon Islands,SLB,2004,0.2865,-0.642148336511867,468000121.313434,7.68364102152745,6.98584202682567,67.628,474611,,2.026,,,,,,,,,,,,986.0709535038884
Solomon Islands,SLB,2005,0.2989,0.099144118861877,552881356.697517,7.35907917681935,7.33066341633299,67.79,483080,30.6725997924805,1.879,,,,,,,,,,,,1144.4923339768093
Solomon Islands,SLB,2006,0.2998,7.17813029275399,617257457.758489,4.13726239664898,11.2199870214146,67.968,491594,35.7089614868164,1.916,,,,,,,,,,,,1255.624474176839
Solomon Islands,SLB,2007,0.3237,12.3665456662597,695291217.982227,3.63973499569106,7.66602013484806,67.845,500156,36.7365608215332,1.978,,,,,,,,,,,,1390.148709567069
Solomon Islands,SLB,2008,0.3284,9.68358178998539,776335523.470373,6.22590636247851,17.3200651968774,68.336,508790,,1.998,,,,,,,,,,,,1525.8466626120266
Solomon Islands,SLB,2009,0.3279,6.03099456453907,805557289.459198,2.86486309630651,7.09271716876286,68.397,518141,,2.02,46.0,30.0,28.0,68.9,0.0,67.2,76.3,73.5,66.4,20.0,30.0,1554.706710063859
Solomon Islands,SLB,2010,0.3585,18.4740701129879,898128551.289162,9.70817235491481,1.05148163321038,68.669,532968,50.952808380127,1.617,42.9,30.0,29.0,67.9,0.0,63.2,68.4,65.5,65.2,10.0,30.0,1685.1453582375716
Solomon Islands,SLB,2011,0.3728,11.2842365456827,1063898226.71892,7.43023752099302,7.34270706018,68.824,552945,49.3238906860352,1.292,45.9,30.0,28.0,69.2,32.9,59.8,66.6,70.4,62.4,10.0,30.0,1924.0579564313268
Solomon Islands,SLB,2012,0.3719,2.01494633587355,1185217634.37393,2.46591837712438,5.91200602491155,68.961,573606,49.0498504638672,0.984,46.2,30.0,28.0,69.3,30.3,63.7,68.1,77.4,55.4,10.0,30.0,2066.257386383563
Solomon Islands,SLB,2013,0.3931,4.15538562986034,1285905957.64116,5.23744704670068,5.3913638858756,69.007,594945,,0.694,45.0,30.0,27.0,66.2,6.1,66.6,66.4,75.4,72.6,10.0,30.0,2161.3862754391753
Solomon Islands,SLB,2014,0.3745,1.5740038730018,1335576762.84974,1.18945509547778,5.16590237925171,68.984,616908,,0.73,46.2,30.0,25.0,61.4,21.3,65.2,65.2,75.4,73.0,15.0,30.0,2164.9528987300214
Solomon Islands,SLB,2015,0.3336,2.46368311219347,1307908813.59962,1.67578612030815,-0.57446928635949,69.323,639415,,0.736,47.0,30.0,25.0,61.1,25.7,67.7,68.6,74.3,73.0,15.0,30.0,2045.477215266486
Solomon Islands,SLB,2016,0.3236,2.70706733520786,1379486290.71433,5.55494348257992,0.512485626268792,69.501,662379,,0.736,47.0,30.0,25.0,61.4,25.2,68.5,66.2,75.5,73.0,15.0,30.0,2082.6238312421287
Solomon Islands,SLB,2017,0.2919,2.91769302207799,1469790526.3972,3.07546176144591,0.488686760261083,69.652,685672,,0.727,55.0,39.3,33.9,62.8,34.4,68.5,70.5,81.0,83.0,15.0,30.0,2143.5767048927187
Solomon Islands,SLB,2018,0.3252,1.54707244532947,1615473250.25259,2.74585244829055,3.46147484973729,69.806,709101,,0.722,57.5,49.4,36.8,65.5,35.6,68.9,72.4,84.0,74.7,15.0,30.0,2278.199086241015
Solomon Islands,SLB,2019,0.3193,2.02495638459342,1619150563.92084,1.74925244485951,1.63485544012247,69.981,728147,,0.746,54.6,49.9,33.5,65.5,36.5,68.6,72.0,86.0,56.8,15.0,30.0,2223.658909424663
Solomon Islands,SLB,2020,0.3077,0.584583885803386,1536143427.82958,-3.38125925839405,2.96354992076065,69.258,744498,,0.868,52.9,54.6,33.5,65.6,34.2,67.7,72.0,84.3,48.0,15.0,30.0,2063.3278099196773
Solomon Islands,SLB,2021,0.3326,1.79162262618701,1558312103.84225,-0.227975292792024,-0.115437894412839,68.89,762591,,0.879,56.5,46.1,35.2,66.3,55.3,58.9,73.8,80.6,68.6,15.0,30.0,2043.4441317065769
Solomon Islands,SLB,2022,0.299,2.77627597762606,1466670929.62333,-2.58448361755723,5.51812928576938,70.409,781066,,1.475,56.5,50.6,42.3,70.5,60.1,44.4,60.2,79.0,68.6,15.0,30.0,1877.7810449095596
Solomon Islands,SLB,2023,0.2998,5.23830750788181,1506124566.40404,2.84111851154807,5.88585897042164,70.528,800005,,1.443,56.9,52.5,60.8,71.5,62.4,45.0,60.9,83.8,68.6,15.0,30.0,1882.6439414804158
Solomon Islands,SLB,2024,0.3145,2.08128126058924,1583964703.75061,2.99755987604104,4.32183948388033,70.694,819198,,1.444,55.0,44.7,41.7,71.5,67.7,45.7,60.5,77.4,65.2,15.0,30.0,1933.5553843522691
Solomon Islands,SLB,2025,,,1749572442.95016,3.61715088072386,3.36462189317825,,838645,,1.431,56.3,48.2,42.0,70.6,70.2,50.1,60.5,76.2,55.4,15.0,30.0,2086.189559289282
Somalia,SOM,2011,0.7883,3.50997923598382,2906000096.93249,6.69435192567755,,32.453,12348830,,18.761,,,,,,,,,,,,235.32594561043354
Somalia,SOM,2012,0.7783,2.45906325256211,4364670159.99578,6.69435192556698,,49.138,12461160,,18.771,,,,,,,,,,,,350.26194672051236
Somalia,SOM,2013,0.7827,5.09591217775954,5062881600.00104,10.9592986164311,,54.016,12869594,,18.655,,,10.0,,,,,,,,,393.3987039529794
Somalia,SOM,2014,0.7732,4.55624629490798,5728399719.99958,8.97800590574617,,54.442,13339491,,18.595,,,5.0,,,,,,,,,429.43165672510145
Somalia,SOM,2015,0.8225,4.92510820324606,6152149099.99942,10.4621881235147,,55.056,13806963,,18.495,,,8.0,,,,,,,,,445.58308007339633
Somalia,SOM,2016,0.8378,4.9896102178043,6613743069.99912,7.03487260042162,,55.283,14348740,,18.611,,,8.0,,,,,,,,,460.9284905851747
Somalia,SOM,2017,0.8367,4.84156553446397,7621501710.0012,14.7357956045195,,52.19,14916629,,18.455,,6.8,11.6,100.0,,92.3,91.8,,,,,510.9399523177254
Somalia,SOM,2018,0.8562,5.18226851263813,7873000000.0,2.05431507261069,,54.767,15452487,,18.7,,33.1,17.8,,,,,,,,,509.49727380453385
Somalia,SOM,2019,0.8465,5.16404805914972,8656000000.0,2.80033312513012,,57.249,16030971,,18.828,,33.7,7.9,,,31.7,,,,,,539.9548162116943
Somalia,SOM,2020,0.7896,6.18915159944367,8628000000.0,-2.76455696202532,,57.095,16651191,,19.414,,20.1,13.1,,,31.6,,,,,,518.1611333387503
Somalia,SOM,2021,0.8172,6.33765685964357,9483000000.0,3.44719850031242,,55.703,17271431,,19.662,,27.8,11.5,,,31.2,,,,,,549.0569947562539
Somalia,SOM,2022,0.8329,6.23346074683917,10203000000.0,2.71821202053759,,53.931,17801897,,19.112,,,,,,,,,,,,573.1411657982293
Somalia,SOM,2023,0.8496,6.17357181967512,10958000000.0,4.17524257571303,,58.816,18358615,3.34785008430481,18.96,,0.3,1.7,,,26.1,26.5,,,,,596.885985135589
Somalia,SOM,2024,0.8652,6.39257959388318,11967000000.0,4.11139335779471,,58.967,19009151,,18.949,,,,,,,,,,,,629.5388994490074
Somalia,SOM,2025,,,12995200000.2658,2.99114404482197,,,19654739,,18.948,,0.0,8.2,,,,,,,,,661.1738777231182
South Africa,ZAF,2001,357.3788,5.36834529785161,135429905922.526,2.70000000019104,5.70189483049608,57.161,47566800,73.9493103027344,22.652,63.8,50.0,50.0,65.0,78.1,70.0,,79.6,61.0,70.0,50.0,2847.1519194590765
South Africa,ZAF,2002,370.7728,1.14635726911695,129087556612.449,3.70037440406668,9.494713780996,55.58,48019415,74.4450225830078,22.579,64.0,50.0,50.0,65.2,79.7,70.0,,80.3,61.0,70.0,50.0,2688.2367603280672
South Africa,ZAF,2003,393.576,0.397492744432543,197018965308.697,2.94907546754213,5.67942414068799,54.245,48500348,75.5357818603516,22.679,67.1,50.0,48.0,68.0,80.0,70.0,,80.1,68.0,70.0,70.0,4062.2175599378584
South Africa,ZAF,2004,425.7469,0.274199790569949,255806908594.573,4.55455990721774,-0.692039437857687,53.963,48991421,78.2966613769531,22.567,66.3,50.0,48.0,69.6,79.7,70.0,,77.1,62.2,70.0,70.0,5221.463337317221
South Africa,ZAF,2005,436.2554,2.25781874505445,288867217196.534,5.27705197295467,2.06285308223427,53.914,49490033,80.4203414916992,22.472,62.9,50.0,44.0,69.7,79.9,70.0,58.7,78.6,77.8,50.0,50.0,5836.876633251265
South Africa,ZAF,2006,440.6064,0.205125538574008,303858675363.643,5.60380645895889,3.2439076541923,54.22,49998277,83.7833480834961,22.304,63.7,50.0,46.0,69.8,78.6,71.8,58.9,83.7,77.8,50.0,50.0,6077.382933888762
South Africa,ZAF,2007,459.9521,1.97755772219349,333077117253.684,5.36047405394162,6.17781214809388,54.948,50528584,85.5366287231445,22.26,63.5,50.0,45.0,69.7,79.2,70.4,58.5,78.8,73.8,50.0,60.0,6591.8553596056445
South Africa,ZAF,2008,487.9246,3.12686614310453,316131258616.309,3.1910438863288,9.90998456005467,55.982,51114599,84.0473480224609,22.407,63.4,50.0,46.0,69.5,76.8,71.4,59.1,77.2,74.2,50.0,60.0,6184.754743283988
South Africa,ZAF,2009,456.9459,2.31217470344994,329754060647.129,-1.53808913525583,7.23809523809527,57.413,51728516,85.9605407714844,23.523,63.8,50.0,51.0,68.9,77.6,74.6,56.8,74.3,74.8,50.0,60.0,6374.705600429926
South Africa,ZAF,2010,464.3532,0.884904611686012,417363822801.713,3.03973288127956,4.06749555950263,58.886,52344051,86.5922045596808,24.683,62.8,50.0,49.0,69.1,76.8,73.0,59.0,70.2,76.0,45.0,60.0,7973.471957715176
South Africa,ZAF,2011,443.9719,0.903381424332556,458199494830.834,3.16855627858818,5.0008533879502,60.602,52995205,88.9442291259766,24.639,62.7,50.0,47.0,69.6,77.5,72.3,56.7,71.9,77.2,45.0,60.0,8646.055710716357
South Africa,ZAF,2012,461.2756,1.06492249485696,434400545085.811,2.39623238465745,5.73797139141739,61.737,53782567,92.1625137329102,24.727,62.7,50.0,45.0,70.7,71.9,75.8,57.3,75.0,76.3,45.0,60.0,8076.976784797404
South Africa,ZAF,2013,475.0891,2.05358095229684,400886013595.573,2.48546800826588,5.78016910069176,62.388,54678791,,24.561,61.8,50.0,41.0,70.5,69.2,74.7,55.6,75.8,76.3,45.0,60.0,7331.65467384919
South Africa,ZAF,2014,486.6007,1.51932743753979,381198869776.106,1.41382645223793,6.13282953059149,63.184,55594838,101.163200378418,24.89,62.5,50.0,41.6,68.7,69.1,74.5,54.4,75.3,76.1,55.0,60.0,6856.731370925229
South Africa,ZAF,2015,462.2677,0.438735792056356,346709790458.563,1.32186223678229,4.51869094892506,64.053,56723537,104.622812990742,25.149,62.6,50.0,42.0,69.5,68.2,73.0,61.6,74.9,76.6,50.0,60.0,6112.27382485974
South Africa,ZAF,2016,460.1959,0.684612553455795,323585509674.481,0.664552307858116,6.60290842394872,64.749,57259551,103.855987548828,26.536,61.9,50.0,44.0,70.1,69.9,69.7,58.7,74.6,77.0,45.0,60.0,5651.205851657499
South Africa,ZAF,2017,469.5833,0.539673956759456,381448814653.456,1.15794695181735,5.18618655524149,65.422,57635162,105.623168945312,27.035,62.3,67.6,47.6,70.2,68.4,62.0,58.9,75.8,77.3,40.0,50.0,6618.335082556999
South Africa,ZAF,2018,473.4182,1.3742911715346,405260723892.517,1.55678384721676,4.50987264867388,65.726,58613001,101.399612936693,26.906,63.0,67.7,45.4,62.5,68.1,65.1,60.1,74.6,71.6,50.0,50.0,6914.178031807603
South Africa,ZAF,2019,477.5446,1.31407752293306,389330032224.269,0.25993557687633,4.10285075461156,66.071,59587885,103.78912033531,28.468,58.3,58.8,39.7,62.1,67.6,64.3,59.1,75.2,76.0,45.0,50.0,6533.711210328559
South Africa,ZAF,2020,450.8617,0.933073684352391,337974655408.055,-6.1689177146757,3.23238831615113,65.15,60562381,103.501178102472,29.217,58.8,58.4,46.6,63.7,67.4,62.0,58.8,75.9,75.8,45.0,50.0,5580.603830751882
South Africa,ZAF,2021,448.5635,9.68098022663018,419986284375.368,4.85864865060148,4.61874544887136,62.01,61502603,106.443303990911,34.007,59.7,59.6,50.6,63.9,65.9,61.5,59.4,76.8,72.6,45.0,50.0,6828.756245900161
South Africa,ZAF,2022,429.3281,2.26670277731613,407596043067.885,2.05813661692193,7.03987272546482,65.454,62378410,104.535066506498,33.268,56.2,43.2,48.4,63.4,68.1,65.7,71.1,78.0,72.2,45.0,50.0,6534.248677833965
South Africa,ZAF,2023,427.2669,1.0127377916456,381440724491.232,0.80610455095804,6.0752438457966,66.139,63212384,104.133480684239,32.098,55.7,42.5,59.1,65.6,67.3,64.5,71.6,77.0,72.4,45.0,50.0,6034.272089646737
South Africa,ZAF,2024,440.1678,0.580891709673066,401144998373.585,0.534843531905139,4.36115246518962,66.312,64007187,,32.279,55.3,44.7,48.0,65.2,66.9,61.4,72.1,74.5,72.4,40.0,40.0,6267.186814093002
South Africa,ZAF,2025,,,427184325997.307,1.11462608103956,3.20550474112603,,64747319,,32.391,57.3,44.3,45.1,67.9,68.6,64.0,71.0,74.5,68.4,40.0,40.0,6597.714509187739
South Korea,KOR,2001,477.111,1.14917273381718,567564806235.441,4.72593560322356,4.06657587897792,76.4121951219512,47370164,97.6082382202148,3.699,69.1,90.0,38.0,71.7,79.7,70.0,,84.5,67.8,70.0,50.0,11981.482821875834
South Korea,KOR,2002,494.4704,0.842304427693724,650014391470.21,7.74399895319569,2.76226210296599,76.7658536585366,47644736,97.2662963867188,3.046,69.5,90.0,40.0,69.9,82.7,70.0,,85.2,67.6,70.0,50.0,13642.9424537101
South Korea,KOR,2003,502.986,0.962229414316563,728516494684.269,3.07472661826947,3.51487451459939,77.2146341463415,47892330,96.9660186767578,3.348,68.3,70.0,42.0,74.2,81.8,70.0,,83.4,73.2,70.0,50.0,15211.54837704219
South Korea,KOR,2004,519.4706,1.61486572889407,823251107638.814,5.1836368597334,3.59066298882578,77.6658536585366,48082519,96.9991989135742,3.42,67.8,70.0,45.0,73.9,80.8,70.0,,84.0,66.6,70.0,50.0,17121.630163320144
South Korea,KOR,2005,515.9796,1.403996477148,971740329983.878,4.35823667337156,2.75379162735039,78.1682926829268,48184561,97.2146224975586,3.482,66.4,70.0,43.0,69.5,77.8,70.0,56.6,83.3,73.6,70.0,50.0,20167.047490250625
South Korea,KOR,2006,523.7009,0.836569086676283,1095175538508.19,5.24500550580342,2.24234028518921,78.6682926829268,48438292,96.7785415649414,3.254,67.5,70.0,45.0,71.2,77.6,85.6,57.7,83.1,65.0,70.0,50.0,22609.705943144938
South Korea,KOR,2007,541.0028,0.722975995794071,1220911904593.06,5.8419633918717,2.53457382137932,79.119512195122,48683638,96.7113800048828,3.013,67.8,70.0,50.0,71.6,76.3,84.3,57.3,78.9,69.2,70.0,50.0,25078.48539571057
South Korea,KOR,2008,552.3692,1.02488987542862,1091580692542.34,3.00440451679569,4.67389655533408,79.5170731707317,49054708,96.3489303588867,2.959,68.6,70.0,51.0,71.1,77.3,84.1,56.0,80.0,66.4,70.0,60.0,22252.3125108061
South Korea,KOR,2009,556.3739,0.917731561520283,983065242417.36,0.81986175641795,2.7564965449393,79.9682926829268,49307835,96.8854293823242,3.363,68.1,70.0,51.0,70.4,72.5,90.4,46.4,80.0,70.2,70.0,60.0,19937.30291377344
South Korea,KOR,2010,612.9372,0.796207328344812,1192830015737.68,6.98166138853071,2.93928652655686,80.1170731707317,49554112,97.2930603027344,3.324,69.9,70.0,56.0,71.1,74.9,91.9,47.1,77.4,70.8,70.0,70.0,24071.262052636113
South Korea,KOR,2011,647.6916,0.747683727442323,1307103477219.1,3.6880320602952,4.0259650043609,80.5682926829269,49936638,97.5294189453125,2.992,69.8,70.0,55.0,72.2,73.0,91.6,46.5,78.7,70.8,70.0,70.0,26175.23985533628
South Korea,KOR,2012,645.2115,0.711120351080011,1335343586437.67,2.54766550568242,2.18707104433314,80.819512195122,50199853,97.3674163818359,2.812,69.9,70.0,54.0,72.8,67.2,93.6,49.7,78.9,72.6,70.0,70.0,26600.5477433902
South Korea,KOR,2013,642.0472,0.889863368558993,1434669686501.84,3.2913959543442,1.30134754547413,81.2707317073171,50428893,97.8287506103516,3.067,70.3,70.0,54.0,73.0,72.8,93.6,48.7,77.9,72.6,70.0,70.0,28449.359110497233
South Korea,KOR,2014,630.5865,0.595893048504325,1556252422020.44,3.21468019683108,1.27477446401322,81.7219512195122,50746659,98.5806732177734,3.082,71.2,70.0,54.0,72.6,72.6,92.8,47.8,79.6,72.6,70.0,80.0,30667.091246744734
South Korea,KOR,2015,643.7994,0.266636382581676,1539212301135.55,2.92029267301234,0.70633177245575,82.0243902439024,51014947,98.5931930541992,3.546,71.5,75.0,55.0,72.5,67.9,89.7,51.1,81.6,72.6,70.0,80.0,30171.79065452229
South Korea,KOR,2016,648.8158,0.766507046338007,1579150518945.44,3.17152748983935,0.971685739912168,82.2756097560976,51217803,98.7179565429688,3.65,71.7,70.0,55.0,73.8,69.7,91.1,50.6,82.6,74.6,70.0,80.0,30832.062807251612
South Korea,KOR,2017,665.288,1.04741749331971,1710196756713.17,3.433191763972,1.94433230786366,82.6268292682927,51361911,99.105583190918,3.653,74.3,77.8,67.3,73.7,68.9,90.6,57.0,84.0,79.5,65.0,70.0,33296.98454391952
South Korea,KOR,2018,680.496,0.66781363782051,1824251454306.83,3.17611568177327,1.47583935002645,82.6268292682927,51585058,99.3186569213867,3.824,73.8,79.4,49.9,73.3,68.8,90.7,58.7,83.9,80.4,70.0,70.0,35363.95082286871
South Korea,KOR,2019,654.9901,0.550202642546341,1751045752054.63,2.31380210595475,0.383000303608136,83.2268292682927,51764822,98.3813018798828,3.746,72.3,79.3,50.5,64.2,68.6,91.3,57.4,82.0,80.4,70.0,70.0,33826.94433015977
South Korea,KOR,2020,617.3408,0.502554290313687,1744070276373.34,-0.700242317542106,0.537288023411737,83.4268292682927,51836239,97.0888214111328,3.931,74.0,82.5,67.5,63.9,67.7,90.5,56.2,82.1,80.0,70.0,70.0,33645.77195450735
South Korea,KOR,2021,638.7702,1.13577953855347,1942313560965.9,4.61296795454287,2.49833333333339,83.5268292682927,51769539,98.0692291259766,3.639,74.0,80.7,68.9,63.0,86.9,89.5,55.8,84.4,79.0,60.0,60.0,37518.463530569585
South Korea,KOR,2022,613.5467,1.39186469730544,1799363116866.52,2.72756456708991,5.08951365062842,82.6804878048781,51672569,97.8181304931641,2.857,74.6,90.5,69.2,60.4,84.5,84.8,55.6,85.2,73.0,60.0,60.0,34822.404840497096
South Korea,KOR,2023,590.365,1.03221435142435,1844800934391.54,1.58301467403629,3.5974562502901,83.4292682926829,51712619,96.2983932495117,2.675,73.7,88.5,76.8,60.1,82.0,84.8,56.2,81.4,72.2,60.0,60.0,35674.095995631935
South Korea,KOR,2024,588.0089,0.685857996519477,1875388209406.8,2.00361101838986,2.32174328643542,83.6292682926829,51751065,96.2539901733398,2.784,73.1,88.3,69.2,59.0,78.9,85.0,57.2,77.3,73.4,60.0,60.0,36238.63990831493
South Korea,KOR,2025,,,1872374961553.15,1.00701840291242,2.12309421458659,,51684564,,2.683,74.0,89.4,68.8,59.6,81.8,90.0,56.4,77.6,73.2,60.0,60.0,36226.96636375127
Spain,ESP,2001,310.5378,4.62197940241983,627798682378.741,3.91908880808811,3.58983413338117,79.3682926829268,40850412,115.331329345703,10.348,68.1,70.0,66.0,53.8,54.4,70.0,,80.7,78.0,70.0,70.0,15368.233798443476
Spain,ESP,2002,328.5903,5.54556177892168,708938227243.923,2.75545611564098,3.06565685902211,79.5682926829268,41431558,115.286270141602,11.146,68.8,70.0,70.0,53.1,52.0,70.0,,84.1,79.6,70.0,70.0,17111.068505894058
Spain,ESP,2003,335.9673,3.41488423629312,907963217057.645,2.9392895953076,3.03888839396661,79.619512195122,42187645,114.452789306641,11.283,68.8,70.0,70.0,52.6,52.2,70.0,,83.3,81.4,70.0,70.0,21522.01709902615
Spain,ESP,2004,352.4974,2.39691740423512,1069829382514.67,3.1145314799161,3.03924881090924,79.8707317073171,42921895,115.084503173828,11.09,68.9,70.0,71.0,52.9,52.7,70.0,,83.6,79.8,70.0,70.0,24925.026784457445
Spain,ESP,2005,367.8339,2.44941913037175,1154667551775.88,3.5512255846125,3.36881409750383,80.1707317073171,43653155,117.570930480957,9.146,67.0,70.0,69.0,55.4,53.0,70.0,48.8,83.9,80.2,70.0,70.0,26450.953013038346
Spain,ESP,2006,358.3338,2.80982337619077,1261846683275.29,4.04343515605099,3.51557576832123,80.8219512195122,44397319,117.273666381836,8.452,68.2,70.0,71.0,55.3,50.5,78.7,50.0,83.9,82.4,70.0,70.0,28421.686527406982
Spain,ESP,2007,371.5076,4.7599135539395,1476746276854.51,3.53350013165972,2.7867974580495,80.8731707317073,45226803,117.488693237305,8.232,69.2,70.0,70.0,55.2,54.8,78.0,49.3,78.5,86.6,70.0,80.0,32652.015594701887
Spain,ESP,2008,340.1206,4.36076294618522,1636115447612.5,0.767165748290694,4.0753433595734,81.1756097560976,45954106,117.210586547852,11.254,69.1,70.0,68.0,54.5,56.2,77.9,50.2,78.1,86.0,70.0,80.0,35603.24832807105
Spain,ESP,2009,300.4025,0.505306851587762,1496587590847.66,-3.76813306940053,-0.287813083535241,81.4756097560976,46362946,117.357116699219,17.857,70.1,70.0,67.0,58.6,55.3,76.8,48.3,78.9,85.8,80.0,80.0,32279.820847615247
Spain,ESP,2010,287.7519,2.51885825626411,1427989078916.67,0.0941223116369514,1.79986457728769,81.6268292682927,46576897,122.622512817383,19.86,69.6,70.0,65.0,58.1,54.8,75.8,47.3,77.7,87.5,80.0,80.0,30658.742228291205
Spain,ESP,2011,289.521,1.73938048405349,1487568659241.25,-0.639920636520344,3.19610188833792,82.4756097560976,46742697,126.152786254883,21.39,70.2,70.0,61.0,61.0,49.3,77.2,53.0,82.4,87.6,80.0,80.0,31824.621913477735
Spain,ESP,2012,284.9722,1.44631700014204,1330994811670.31,-2.86511368637748,2.44612782366809,82.4268292682927,46773055,127.786712646484,24.789,69.1,70.0,61.0,61.3,37.1,81.3,51.8,81.5,87.1,80.0,80.0,28456.44381514763
Spain,ESP,2013,256.3568,3.4608559063245,1362186923157.65,-1.42732224757626,1.40858109183009,83.0780487804878,46604197,126.814498901367,26.094,68.0,70.0,62.0,53.9,43.0,80.3,54.3,79.9,86.8,80.0,70.0,29228.846559842023
Spain,ESP,2014,255.241,2.31642230011085,1380244561361.96,1.52048593647231,-0.151114837527235,83.2292682926829,46460733,125.537757873535,24.441,67.2,70.0,62.6,54.0,38.7,77.3,52.2,79.9,87.8,80.0,70.0,29707.765509467103
Spain,ESP,2015,271.5397,1.97131692755332,1206164777553.12,4.06086672473866,-0.500365709903243,82.8317073170732,46422303,125.170799255371,22.057,67.6,70.0,59.0,53.1,39.8,77.5,52.6,81.3,88.0,85.0,70.0,25982.441619777463
Spain,ESP,2016,263.0479,3.61722479660389,1243015667917.12,2.91515598595787,-0.202598000426358,83.3292682926829,46458139,123.736541748047,19.635,68.5,70.0,60.0,58.3,41.1,76.0,51.7,84.7,88.0,85.0,70.0,26755.606114939732
Spain,ESP,2017,278.3849,2.54039212306223,1321754088818.83,2.89604207865007,1.95607633363954,83.2829268292683,46571232,121.1416015625,17.224,63.6,71.2,57.2,62.5,41.4,66.9,55.3,85.5,87.0,85.0,70.0,28381.342559690715
Spain,ESP,2018,271.7891,4.46748509754483,1431642809327.06,2.39541124478878,1.67498136863799,83.4317073170732,46782011,120.109077453613,15.255,65.1,73.1,51.5,62.0,42.8,66.3,59.0,86.7,86.9,85.0,70.0,30602.421288111364
Spain,ESP,2019,254.3514,2.16052375036307,1403496387686.27,1.96117850841711,0.699518994458648,83.8317073170732,47118501,119.379127502441,14.104,65.7,72.9,51.9,62.3,46.2,66.8,57.8,87.5,86.0,85.0,70.0,29786.524568900655
Spain,ESP,2020,214.4546,2.92165980781023,1289783836971.21,-10.9400706350371,-0.322753017299649,82.2317073170732,47359424,118.338188171387,15.532,66.9,74.9,55.1,62.1,48.3,66.8,57.7,82.0,86.4,85.0,70.0,27233.942646160773
Spain,ESP,2021,233.1927,4.42272902452136,1461244901852.69,6.68314420473001,3.09313511976402,83.1780487804878,47443821,120.135841369629,14.914,69.9,76.4,70.3,61.7,48.1,66.3,57.9,83.5,84.0,85.0,70.0,30799.47759377749
Spain,ESP,2022,238.6544,4.65609043363165,1448850658406.62,6.37031712129601,8.39057634118637,83.1341463414634,47786102,119.646171569824,13.033,68.2,87.7,67.2,59.7,38.3,75.2,61.8,85.4,84.2,85.0,70.0,30319.49871966163
Spain,ESP,2023,220.9934,2.89981565316893,1619481980719.64,2.46085796805582,3.53236133492433,83.9341463414634,48352528,118.361709594727,12.179,65.0,87.2,73.1,58.2,30.2,75.2,62.1,80.6,83.6,85.0,70.0,33493.2225409112
Spain,ESP,2024,220.0839,2.47896679493344,1725671652742.19,3.45525405630191,2.747147886618,83.8878048780488,48848840,118.537803649902,11.4,63.3,87.2,64.0,57.0,26.0,79.7,63.6,74.1,84.2,80.0,70.0,35326.76830692786
Spain,ESP,2025,,,1906453309985.88,2.82495400578509,2.699932857627,,49355143,,10.376,66.3,87.2,64.7,57.7,33.5,83.6,63.1,76.5,84.6,70.0,60.0,38627.247214862284
Sri Lanka,LKA,2001,11.3742,1.09074720867871,15749753804.8344,-1.54540813366026,14.15845579912,71.804,19600362,,7.9,66.0,70.0,50.0,73.4,81.3,70.0,,79.1,70.2,50.0,50.0,803.5440266273857
Sri Lanka,LKA,2002,11.8987,1.1882779089504,16536535647.0834,3.96467568513113,9.55103167007251,72.271,19805752,,8.76,64.0,50.0,50.0,73.3,81.3,70.0,,79.3,72.0,50.0,50.0,834.9360149053366
Sri Lanka,LKA,2003,12.8592,1.21132740876657,18881765437.2151,5.9402690780223,6.31463787051174,72.442,19951521,,8.22,62.5,50.0,50.0,73.4,80.3,70.0,,68.6,70.2,50.0,50.0,946.3822551280726
Sri Lanka,LKA,2004,13.2787,1.12667735136244,20662525941.2985,5.44506127885352,7.57592582995856,68.022,20087605,,8.38,61.6,50.0,37.0,79.9,77.3,70.0,,69.6,70.6,50.0,50.0,1028.6206813255487
Sri Lanka,LKA,2005,14.4301,1.11612854301768,24405791044.7761,6.24174804376447,11.6396860971118,73.073,20216524,,7.67,61.0,50.0,34.0,78.5,80.6,70.0,67.6,72.3,76.6,50.0,30.0,1207.219947641647
Sri Lanka,LKA,2006,13.1944,1.6970072277349,28267410542.5164,7.66829190107919,10.0201836057035,72.825,20352411,,6.5,58.7,50.0,35.0,78.5,83.1,68.2,68.6,72.5,71.4,30.0,30.0,1388.8973911993228
Sri Lanka,LKA,2007,14.124,1.8639738781084,32350238760.4239,6.79682611892866,15.8421114924843,72.983,20492545,,5.97,59.4,50.0,32.0,78.5,83.4,69.2,68.9,70.4,71.6,30.0,40.0,1578.634511253917
Sri Lanka,LKA,2008,13.3044,1.84752962305149,40713826215.0093,5.95008814473897,22.5644955300126,72.556,20629378,,5.22,58.4,50.0,31.0,73.5,81.7,71.6,71.4,65.4,69.6,30.0,40.0,1973.5847690128758
Sri Lanka,LKA,2009,12.7772,0.960390452698523,42066224093.0065,3.53891205317842,3.46496322106074,70.298,20756435,,5.85,56.0,40.0,32.0,73.2,80.5,73.7,70.8,59.4,71.0,20.0,40.0,2026.6593995070205
Sri Lanka,LKA,2010,13.5184,0.814446067583227,58636049581.1712,8.01596737040464,6.2176488930462,74.463,20879089,92.3497085571289,4.784,54.6,40.0,32.0,73.5,83.9,71.8,70.7,56.8,62.2,15.0,40.0,2808.36245207687
Sri Lanka,LKA,2011,15.908,1.41088360151362,67753285882.299,8.66948301160571,6.7167684358854,74.74,21009048,94.108642578125,4.118,57.1,40.0,31.0,73.4,84.7,71.9,61.8,65.8,72.2,30.0,40.0,3224.9574508230457
Sri Lanka,LKA,2012,17.8941,1.33591734742632,70447216891.3366,8.6321813769906,7.54291373239437,75.187,21169458,94.6744689941406,3.88,58.3,40.0,32.0,73.5,81.4,78.0,62.1,68.5,77.1,30.0,40.0,3327.7761240432606
Sri Lanka,LKA,2013,14.837,1.21148000059153,76976204074.978,4.0517463303875,6.90845034828452,75.546,20585000,95.1442636196356,4.186,60.7,40.0,33.0,84.7,86.5,77.0,60.8,69.1,76.2,40.0,40.0,3739.4318229282485
Sri Lanka,LKA,2014,17.8805,1.08277813405104,82531125461.843,6.37797889684965,3.1790022823606,75.757,20778000,93.4926277980089,4.157,60.0,40.0,33.4,84.9,86.3,74.4,59.2,68.0,73.6,40.0,40.0,3972.043770422707
Sri Lanka,LKA,2015,19.7111,0.798746316666859,85090300895.6546,4.20595547501601,3.76836783062096,75.99,20970000,94.4516928962286,4.519,58.6,35.0,37.0,85.0,88.4,72.5,58.7,68.2,71.6,30.0,40.0,4057.715827165217
Sri Lanka,LKA,2016,23.486,1.01937184801285,88000210878.1236,5.05362488993089,3.9588884659307,76.136,21209000,93.9037221276375,4.242,59.9,40.0,38.0,85.1,90.0,70.3,56.5,71.5,72.4,35.0,40.0,4149.191893918789
Sri Lanka,LKA,2017,23.4107,1.45462805110061,94369350439.4732,6.46068127080994,7.70413767850602,76.239,21453000,94.0418660922689,4.046,57.4,48.0,30.0,85.3,90.2,72.8,57.5,76.0,74.5,35.0,40.0,4398.888287860588
Sri Lanka,LKA,2018,21.9829,1.70888696252064,94450015982.806,2.31008425504933,2.135037737132,76.485,21670000,95.9107331693991,4.318,57.8,46.5,30.7,84.9,89.3,76.2,60.1,74.0,74.5,40.0,40.0,4358.560959058883
Sri Lanka,LKA,2019,23.973,0.835367460265196,88998706177.9986,-0.220483886824823,3.52839358231811,76.698,21803000,,4.67,56.4,44.7,28.9,84.9,88.3,75.1,58.8,70.1,76.2,40.0,40.0,4081.947721781342
Sri Lanka,LKA,2020,22.6144,0.514700553944402,84335574372.2997,-4.62451503712715,6.15394508391738,76.928,21919000,,5.364,57.4,47.7,34.7,84.8,88.9,76.5,58.6,71.1,67.6,40.0,40.0,3847.601367411821
Sri Lanka,LKA,2021,22.8196,0.668825708548416,88556699052.2008,4.2074764950026,7.01478071238195,76.278,22156000,89.8339685558794,4.981,55.7,45.4,39.5,85.0,88.4,75.2,59.1,71.6,47.0,40.0,40.0,3996.9624053168804
Sri Lanka,LKA,2022,20.7971,1.19249322162632,74143020303.663,-7.34919311146656,49.7211021114327,77.3,22181000,88.1918156520303,4.528,53.3,51.7,40.1,90.3,87.4,58.3,55.7,71.6,47.0,40.0,40.0,3342.6365043804603
Sri Lanka,LKA,2023,21.5803,0.848017076796717,84080307355.5983,-2.0289296690344,16.5411742279832,77.483,22037000,87.9534065332114,4.528,52.2,51.6,49.7,90.3,88.0,54.4,55.8,70.2,67.2,30.0,30.0,3815.4153176747423
Sri Lanka,LKA,2024,23.3347,0.764077754153862,99616111265.7633,4.99241614398109,-0.42936004906973,77.672,21916000,,4.239,49.2,51.8,36.9,77.5,88.2,53.4,55.1,49.2,69.2,30.0,30.0,4545.360068706119
Sri Lanka,LKA,2025,,,108825231671.196,4.9534339114043,-4.76386036960983,,21756000,,4.005,49.4,51.3,37.4,77.5,88.8,55.8,54.6,54.5,65.0,30.0,30.0,5002.079043537231
Sudan,SDN,2001,6.5484,3.65224475988548,15716361792.1926,6.50036053396883,1.93529572095333,59.264,28516770,32.2981796264648,15.56,,,,,,,,,,,,551.1269962268728
Sudan,SDN,2002,7.9985,3.93215499570306,18137128388.3606,6.0064715363132,22.2247241495905,59.308,29228727,32.1063385009766,15.514,,,,,,,,,,,,620.5240614263016
Sudan,SDN,2003,8.2143,6.31782319761386,21355298459.5955,6.28880816146516,6.48943208673338,58.319,29896035,33.3529090881348,15.515,,,,,,,,,,,,714.3187536272118
Sudan,SDN,2004,9.2338,5.67090591014718,26646007250.7319,5.14088851762675,9.65754628605945,56.773,30556637,36.5913009643555,15.538,,,,,,,,,,,,872.0202832115294
Sudan,SDN,2005,10.8686,4.4387993666553,35182711987.974,5.64351551343631,8.50585075933117,57.226,31262444,36.3686599731445,15.545,,,,,,,,,,,,1125.3986408731832
Sudan,SDN,2006,13.2804,4.06910716037147,45263831634.1497,6.5314117467792,7.19912990114709,60.4,31992435,34.6569290161133,15.542,,,,,,,,,,,,1414.8292130358222
Sudan,SDN,2007,14.4005,2.53091571467554,59440139774.8128,5.73527423664484,14.7542770780084,61.442,32764135,33.9691314697266,15.534,,,,,,,,,,,,1814.183093031841
Sudan,SDN,2008,15.3767,2.54980980762297,64833083257.1431,3.84674473121058,14.2971224481434,61.261,33623980,35.8935012817383,15.566,,,,,,,,,,,,1928.1799256704023
Sudan,SDN,2009,15.9281,3.3441756822644,51621044076.9231,-2.76770436599138,11.256758706301,62.676,34569113,39.4921493530273,13.0,,,,,,,,,,,,1493.2707147251103
Sudan,SDN,2010,16.9129,3.50004539535845,58962978034.4828,3.85824195230107,12.9776663898014,62.979,35414399,39.6667785644531,15.168,,,,,,,,,,,,1664.9436302584947
Sudan,SDN,2011,16.2393,3.15234852962884,55018567210.5263,-3.21353209253371,18.0966171221351,63.181,36140806,35.2129783630371,17.44,,,,,,,,,,,,1522.3392419783415
Sudan,SDN,2012,17.5247,6.14212434699966,37632919966.6667,-17.0046884048945,35.5590574147024,63.427,36923178,38.7272605895996,16.973,,,,,,,,,,,,1019.2221256433209
Sudan,SDN,2013,17.6235,3.92312074519106,43024018082.1918,1.95514463302422,36.5223449139154,63.443,37785849,40.9434089660645,16.273,,,16.0,,89.9,57.4,65.4,64.5,,15.0,,1138.6277990522801
Sudan,SDN,2014,18.516,2.52698516017578,49516748617.9775,4.66137954229873,36.9066427863595,63.99,38823318,42.046989440918,15.41,,,9.8,85.1,90.3,54.5,49.1,55.8,55.6,15.0,,1275.438349137946
Sudan,SDN,2015,21.5583,3.34135261447755,51726758676.7677,1.91017689052751,16.9095706050977,64.375,40024431,42.5230712890625,14.39,,,11.0,86.4,94.5,49.0,43.8,52.8,55.6,15.0,,1292.379613760598
Sudan,SDN,2016,23.9363,2.49532759301928,42630376000.0,3.46764218409288,17.750253831196,64.677,41259892,40.9556007385254,13.656,,,11.0,86.4,94.8,48.8,43.5,46.7,50.6,10.0,,1033.2158891739223
Sudan,SDN,2017,23.6627,2.58043876395005,41283617976.1905,0.70925628476644,32.3516260968437,65.146,42714306,43.0903282165527,13.0,48.8,31.1,18.9,86.5,95.1,53.9,49.7,59.3,50.5,15.0,20.0,966.5056474566272
Sudan,SDN,2018,23.6471,3.51269523880448,32333780383.2924,-2.6809305497999,63.2925073455888,65.501,44230596,42.1366996765137,12.347,49.4,27.8,21.2,85.9,95.3,52.3,58.8,62.2,56.1,5.0,20.0,731.02746305504
Sudan,SDN,2019,23.4708,2.55226968828806,32338079165.2893,-2.17825104530091,50.9940515002965,65.803,45548175,43.5378608703613,11.697,47.7,27.5,26.2,86.3,96.6,52.1,59.0,56.9,45.0,5.0,20.0,709.9752990166851
Sudan,SDN,2020,21.6685,2.65193447042229,27034593750.0,-3.62980082410752,163.257782355458,65.124,46789231,,11.995,45.0,33.7,25.5,86.1,94.5,53.5,60.0,77.0,52.0,5.0,20.0,577.7952142449188
Sudan,SDN,2021,23.6032,1.52754029838982,34229513774.9936,-1.8685204827207,359.093040778999,64.46,48066924,,11.087,39.1,32.6,20.2,84.9,91.9,50.8,60.4,39.2,45.0,5.0,20.0,712.1219942219227
Sudan,SDN,2022,21.4434,1.11000421594226,51666875363.0963,-0.957816591119183,138.80846024176,65.695,49383346,,7.53,32.0,22.2,14.6,84.9,92.9,25.0,44.8,13.7,48.0,5.0,20.0,1046.2408797309176
Sudan,SDN,2023,21.7036,1.37399372870934,39898289820.7951,-29.4332716274387,,66.331,50042791,,,32.8,22.6,5.9,85.2,94.9,25.4,42.0,0.0,48.0,5.0,20.0,797.2834652806455
Sudan,SDN,2024,21.8678,,49672435513.1126,-13.9643378424022,,66.521,50448963,,,33.9,12.5,19.5,85.0,95.1,27.7,41.8,0.0,29.6,5.0,20.0,984.6076620665642
Sudan,SDN,2025,,,60162634574.4689,3.06427942935869,,,51662147,,,35.3,12.0,15.6,84.7,95.7,28.5,39.2,16.3,29.6,5.0,20.0,1164.5399594884993
Suriname,SUR,2001,1.5206,-3.21235324229173,834279357.798165,4.20000042083539,38.5862878872611,64.82,486560,69.0101776123047,12.047,44.3,50.0,10.0,63.8,78.1,55.0,,36.7,25.0,50.0,30.0,1714.6484663724207
Suriname,SUR,2002,1.1182,-6.73022296587416,1093574468.08511,2.80000068850687,15.5273989185702,65.274,496551,70.4287109375,11.187,48.0,50.0,10.0,65.7,65.3,55.0,,39.0,66.8,50.0,30.0,2202.340682196008
Suriname,SUR,2003,1.2348,-5.97242023566089,1274190311.41869,6.29999943314137,23.0022321778219,65.778,506414,,10.336,46.9,50.0,10.0,67.3,48.1,55.0,,45.4,66.8,50.0,30.0,2516.1040402095714
Suriname,SUR,2004,1.3939,-2.51332036478539,1484092538.40527,8.50000018479413,9.98632511974878,66.362,513923,,9.49,47.9,50.0,10.0,61.4,62.2,55.0,,58.1,54.4,50.0,30.0,2887.7721728844012
Suriname,SUR,2005,1.6888,1.56127119820371,1793410397.38738,4.50000021086888,9.89800489561465,66.997,519313,68.3932418823242,9.302,51.9,50.0,10.0,66.6,70.0,55.0,85.8,59.9,61.6,30.0,30.0,3453.428659377639
Suriname,SUR,2006,1.5314,-6.22149014709964,2626380435.17877,5.79354358463304,11.2813043273975,67.643,524997,69.8493118286133,9.142,55.1,50.0,43.0,64.5,76.6,42.0,86.2,67.1,61.6,30.0,30.0,5002.657986957583
Suriname,SUR,2007,1.4148,-8.40083736509118,2936612021.85792,5.11148777773458,6.42627934470524,68.307,531016,70.2995910644531,9.017,54.8,50.0,32.0,67.8,75.6,42.0,86.1,69.1,65.0,30.0,30.0,5530.176156383085
Suriname,SUR,2008,1.4601,-6.54973190348526,3532969034.60838,4.14340681165626,14.6671427437912,68.873,537245,70.8968505859375,8.854,54.3,50.0,30.0,68.0,72.8,41.9,86.3,69.2,65.0,30.0,30.0,6576.08546307249
Suriname,SUR,2009,1.452,-2.41006768189509,3875409836.06557,3.01369898266211,-0.133636646714877,69.323,543568,68.5604400634766,8.72,54.1,40.0,35.0,67.7,75.5,41.5,84.8,72.2,64.2,30.0,30.0,7129.576862629091
Suriname,SUR,2010,1.7497,-5.85344056449596,4368370997.92126,5.16882515225814,6.94108221639996,69.626,549923,70.6480069546381,7.15,52.5,40.0,36.0,66.9,77.8,41.0,84.5,67.8,66.4,15.0,30.0,7943.604828169144
Suriname,SUR,2011,1.9566,3.28538383339053,4422276621.78703,5.84936767173009,17.7117796414558,69.82,556269,68.2217083635148,7.54,53.1,40.0,37.0,68.1,80.3,40.7,81.8,76.4,66.4,10.0,30.0,7949.888672183836
Suriname,SUR,2012,2.4449,3.40245351551791,4980000000.0,2.69034974668847,5.00686319367273,69.957,562633,68.4763406082679,8.1,52.6,40.0,37.0,63.2,67.5,40.7,81.2,74.5,66.3,25.0,30.0,8851.240506689084
Suriname,SUR,2013,2.2883,3.62949532348678,5145757575.75758,2.9334416518612,1.92343604108305,70.11,569020,68.5071438994946,6.6,52.0,40.0,30.0,71.6,72.5,40.2,77.5,66.7,66.3,25.0,30.0,9043.192815292221
Suriname,SUR,2014,2.6212,-1.13866864622319,5240606060.60606,0.255503031645475,3.38341272749477,70.33,575373,67.3043899536133,6.94,54.2,40.0,32.9,69.0,78.3,41.8,81.8,71.8,66.2,30.0,30.0,9108.18905406764
Suriname,SUR,2015,2.7261,3.5828587235507,5126237646.22072,-3.41304268067621,6.89390359168238,70.567,581627,70.1560287475586,7.22,54.2,35.0,36.0,69.3,73.8,42.2,81.9,77.2,66.2,30.0,30.0,8813.617053920674
Suriname,SUR,2016,2.9607,6.9833403838341,3317421648.09918,-4.91166050905851,55.4123879763196,70.979,587757,71.6250318633699,7.917,53.8,30.0,36.0,69.4,70.3,48.8,76.3,78.7,68.4,30.0,30.0,5644.206105753195
Suriname,SUR,2017,2.4504,2.67494793416759,3591679430.99988,1.56603782534897,21.9969430173304,71.247,593713,,7.905,48.0,45.1,31.7,70.1,69.6,48.6,76.1,75.1,68.4,30.0,30.0,6049.521285536749
Suriname,SUR,2018,2.1512,3.27713336345246,3996198866.57453,4.94827108468886,,71.468,599513,74.745979309082,7.817,48.1,39.7,39.9,71.4,76.4,48.3,73.5,50.5,74.8,40.0,30.0,6665.741804722383
Suriname,SUR,2019,2.6613,2.09560541663346,4016040575.08796,1.16758977233877,,71.773,605768,74.4114544472174,7.755,48.1,49.1,35.5,70.9,77.2,48.3,73.5,56.0,64.6,40.0,30.0,6629.667752486034
Suriname,SUR,2020,2.6044,0.0357132024302943,2911807496.20227,-15.9751917148622,34.889784309078,72.321,612317,73.11669921875,8.973,49.5,45.6,36.9,70.5,74.8,48.2,71.9,76.1,69.8,40.0,30.0,4755.39221710694
Suriname,SUR,2021,2.7191,8.23142955004276,3107923197.96954,-2.43538583612838,59.1196626251977,68.943,617896,65.6294708251953,8.706,46.4,45.5,38.5,70.0,68.2,45.8,61.9,73.7,60.2,40.0,30.0,5029.848385439524
Suriname,SUR,2022,2.8628,6.70743268543142,3791603200.0259,2.40622235601218,52.446027276241,73.254,623164,78.0214761948254,7.973,48.1,51.2,37.6,70.2,66.6,52.7,64.2,58.4,60.6,40.0,30.0,6084.43876736445
Suriname,SUR,2023,2.496,13.9440900275142,3472693412.08497,2.41659215006946,51.5873159600861,73.631,628886,76.1109237670898,7.699,46.1,41.9,46.2,70.8,61.4,52.8,64.4,46.0,60.6,40.0,30.0,5521.9760212263745
Suriname,SUR,2024,2.5765,15.0817654468923,4416775112.72266,1.72095749127065,16.2296159130279,73.757,634431,,7.621,46.7,41.9,38.1,70.8,69.8,53.3,63.4,44.1,64.2,40.0,30.0,6961.789560602588
Suriname,SUR,2025,,,4523657796.86421,1.79169153226913,9.2054681878919,,639850,,7.834,50.9,42.1,39.7,69.1,74.0,57.6,69.0,44.1,65.4,20.0,20.0,7069.872308922732
Sweden,SWE,2001,58.0584,7.51256723790645,242497797484.776,1.36080642694121,2.40595834145436,79.7951219512195,8895960,147.903442382812,4.73,66.6,90.0,94.0,33.7,2.5,70.0,,91.4,78.0,70.0,70.0,27259.317430021718
Sweden,SWE,2002,59.3887,6.87493521047709,267371907446.776,2.27772867861897,2.15848213589266,79.8463414634146,8924958,144.218505859375,4.965,70.8,90.0,94.0,31.4,2.5,70.0,,89.7,79.6,90.0,90.0,29957.777666491653
Sweden,SWE,2003,59.6586,1.79831756030611,334072443515.576,1.88102769675844,1.92565534892383,80.0951219512195,8958229,136.474304199219,5.555,70.0,90.0,90.0,29.8,2.9,70.0,,86.4,81.4,90.0,90.0,37292.24197278011
Sweden,SWE,2004,58.0655,4.38300602347958,384545442175.019,4.17958419343711,0.373659828721824,80.4975609756098,8993531,101.425491333008,6.693,70.1,90.0,93.0,32.0,0.0,70.0,,85.8,79.8,90.0,90.0,42758.00485649285
Sweden,SWE,2005,54.5336,5.30592267942897,391688455928.597,2.79313782840156,0.453170852576138,80.5463414634146,9029572,101.482162475586,7.81,69.8,90.0,93.0,33.7,0.0,70.0,65.2,86.0,80.2,90.0,90.0,43378.40773943626
Sweden,SWE,2006,55.0985,5.21921287841886,422528394459.353,4.67607488877992,1.36021468627693,80.7487804878049,9080505,101.204086303711,7.066,70.9,90.0,92.0,33.2,2.2,96.1,65.1,87.7,82.4,90.0,70.0,46531.37622404844
Sweden,SWE,2007,52.8433,9.41612400200535,490047789548.441,3.22486814096095,2.21216883436733,80.9,9148092,100.998710632324,6.161,69.3,90.0,92.0,33.1,3.6,94.2,65.0,83.8,81.4,80.0,70.0,53568.305778783266
Sweden,SWE,2008,51.7125,8.05196630424181,514614100832.941,-0.923113250067971,3.43704910602875,81.1,9219637,101.521087646484,6.235,70.8,90.0,92.0,32.7,3.9,95.6,65.0,82.8,86.0,80.0,80.0,55817.17597264849
Sweden,SWE,2009,46.9207,2.06323507354771,434311714442.499,-4.25561384207619,-0.494460544378051,81.3512195121951,9298515,101.434310913086,8.351,70.5,90.0,93.0,35.0,7.3,95.9,55.5,82.1,85.8,80.0,80.0,46707.64250447507
Sweden,SWE,2010,52.8835,0.126859666003955,492750897239.447,5.75076477579255,1.15798802715626,81.4512195121951,9378126,102.25106048584,8.61,72.4,95.0,93.0,36.7,17.3,95.5,54.9,79.5,87.5,85.0,80.0,52542.57590902991
Sweden,SWE,2011,48.4621,1.22329216394859,570538581144.45,3.16388567406926,2.9611507382214,81.8024390243903,9449213,102.14037322998,7.804,71.9,90.0,92.0,37.6,17.3,95.0,54.0,80.1,87.6,85.0,80.0,60379.48145993216
Sweden,SWE,2012,45.7287,0.777373680569339,549739674655.127,-0.414397702454409,0.888377506923735,81.7048780487805,9519374,103.106872558594,7.976,71.7,90.0,92.0,39.1,8.8,94.6,54.6,80.9,87.1,90.0,80.0,57749.56154208533
Sweden,SWE,2013,43.9685,0.2546975094246,584125353119.18,1.13766671801426,-0.044292970148682,81.9560975609756,9600379,132.713500976562,8.052,72.9,90.0,93.0,39.6,21.0,93.2,53.6,82.1,86.8,90.0,80.0,60843.98887993694
Sweden,SWE,2014,42.7792,-1.0454392642501,577727767303.596,2.29577238758284,-0.179638494114635,82.2536585365854,9696110,133.660247802734,7.954,73.1,90.0,92.3,42.9,21.4,91.1,52.9,82.5,87.8,90.0,80.0,59583.45844917146
Sweden,SWE,2015,42.9009,1.94926707461038,501602351911.6,4.38824673608589,-0.0467847449832812,82.2048780487805,9799186,137.462966918945,7.432,72.7,90.0,89.0,43.0,19.2,87.9,54.0,85.5,88.0,90.0,80.0,51188.16521204924
Sweden,SWE,2016,42.49,3.01534061830454,513058312950.939,2.13117914731151,0.984269244577992,82.3073170731707,9923085,137.561157226562,6.99,72.0,90.0,87.0,44.4,14.9,89.7,53.5,87.1,88.0,85.0,80.0,51703.508833285116
Sweden,SWE,2017,41.8362,4.54156677126576,535172356784.769,1.88282184966646,1.79449904665599,82.409756097561,10057698,142.641586303711,6.718,74.9,88.6,87.4,44.4,21.7,90.8,53.2,85.3,87.0,85.0,80.0,53210.22333189652
Sweden,SWE,2018,39.6483,-0.129928906336359,549649344043.182,1.7702553546772,1.95353530127028,82.5585365853659,10175214,140.821746826172,6.365,76.3,92.6,92.9,43.9,23.2,89.3,53.7,83.8,86.9,85.0,80.0,54018.455439186044
Sweden,SWE,2019,39.4951,2.9559286166832,530894124494.418,2.60823012869524,1.78415097403835,83.109756097561,10278887,136.641006469727,6.833,75.2,89.5,88.0,43.2,26.7,88.0,53.9,82.0,86.0,85.0,80.0,51648.98928205146
Sweden,SWE,2020,38.0388,3.36375559523307,544265668451.678,-1.93379704032216,0.497367318853572,82.3560975609756,10353442,136.426132202148,8.291,74.9,88.8,91.4,43.6,25.8,85.3,53.8,81.2,86.4,85.0,80.0,52568.57269801463
Sweden,SWE,2021,40.4785,9.17868162234424,631693331300.776,5.2258643028773,2.16319736447143,83.0560975609756,10415811,138.688186645508,8.803,74.7,86.6,92.5,43.6,29.5,83.2,53.9,81.5,84.0,85.0,80.0,60647.54163653469
Sweden,SWE,2022,37.7526,9.35228228785513,575071237640.921,1.25543620445816,8.36929098869189,83.0585365853659,10486941,139.406524658203,7.417,77.9,97.3,95.7,44.9,26.4,84.6,65.4,83.6,79.2,85.0,80.0,54836.89072351232
Sweden,SWE,2023,36.6683,3.22512369002956,578990915246.07,-0.204061304891439,8.5486248974891,83.309756097561,10536632,134.244293212891,7.611,77.5,96.6,95.6,45.1,26.2,84.6,65.9,80.9,78.6,85.0,80.0,54950.283472562194
Sweden,SWE,2024,37.7742,5.0794723229992,604827393488.582,1.01779633304398,2.83581658224034,84.0634146341463,10569709,131.96354675293,8.4,77.5,96.2,93.2,50.6,28.5,84.9,65.9,74.4,79.2,85.0,80.0,57222.71005650033
Sweden,SWE,2025,,,668998664082.081,1.54316373266217,0.679869285243995,,10596620,,8.694,77.9,96.5,92.3,51.6,31.5,84.6,66.1,74.3,79.6,85.0,80.0,63133.212673671514
Switzerland,CHE,2001,46.1887,3.36538740800036,290160142213.795,1.59219781357001,0.989020329832545,80.1804878048781,7229854,94.758171081543,2.49,76.0,90.0,89.0,80.1,22.0,70.0,,90.2,83.0,70.0,90.0,40133.6101965261
Switzerland,CHE,2002,44.5779,2.63053078099282,313930961760.554,0.380410134195273,0.642711506543278,80.3853658536585,7284753,93.588623046875,2.924,79.3,90.0,86.0,80.0,56.7,70.0,,88.1,83.0,70.0,90.0,43094.24928484933
Switzerland,CHE,2003,45.8584,5.37997633214374,366563952624.935,-0.284222357857615,0.63827293088719,80.5365853658537,7339001,93.3511962890625,4.117,79.0,90.0,84.0,80.4,55.3,70.0,,88.3,83.0,70.0,90.0,49947.39101751519
Switzerland,CHE,2004,46.4029,1.73644742922473,409012909529.554,2.58692895529093,0.802908730955226,81.0878048780488,7389625,93.2228698730469,4.316,79.5,90.0,85.0,80.6,55.8,70.0,,89.4,85.0,70.0,90.0,55349.61645950289
Switzerland,CHE,2005,47.0336,0.627760062642509,424511048024.414,2.95208487460334,1.17195420333703,81.2365853658537,7437115,93.8099594116211,4.437,79.3,90.0,88.0,73.0,61.1,70.0,77.2,90.0,83.4,70.0,90.0,57080.070433819295
Switzerland,CHE,2006,46.607,11.9904120847301,448364681767.427,4.13432251467916,1.05950928324805,81.490243902439,7483934,94.1694793701172,3.995,78.9,90.0,91.0,73.4,61.1,85.0,77.1,89.6,82.0,70.0,70.0,59910.29340550398
Switzerland,CHE,2007,44.6163,9.75729400131519,498993845384.872,3.98319384807056,0.732350603122236,81.7414634146342,7551117,95.0716171264648,3.641,78.0,90.0,91.0,67.9,59.8,84.1,77.0,83.5,87.0,70.0,70.0,66082.12339775321
Switzerland,CHE,2008,45.9807,0.5204308601517,574703945157.419,2.53159615417233,2.42604117060157,81.9926829268293,7647675,95.5135726928711,3.35,79.5,90.0,91.0,68.0,61.6,83.9,79.9,83.6,87.2,70.0,80.0,75147.53767091554
Switzerland,CHE,2009,44.618,8.45520486310627,563659557945.042,-1.93490944903913,-0.480481936423305,82.0439024390244,7743831,95.8478317260742,4.109,79.4,90.0,90.0,67.5,65.3,82.9,79.2,83.9,85.4,70.0,80.0,72788.20495243788
Switzerland,CHE,2010,46.3246,2.8968438323572,609999593541.9,3.26063082122047,0.688238707219975,82.2463414634147,7824909,96.6068572998047,4.808,81.1,90.0,90.0,68.2,68.9,81.2,81.8,81.3,90.0,80.0,80.0,77956.1262043942
Switzerland,CHE,2011,42.2875,2.85527784754459,727231637101.778,1.40766067483813,0.2313492076509,82.6951219512195,7912398,97.1951599121094,4.409,81.9,90.0,90.0,68.4,69.3,80.2,87.8,83.8,90.0,80.0,80.0,91910.39645652026
Switzerland,CHE,2012,43.6002,5.72352684333341,697882536676.898,1.12413575027705,-0.692552018105163,82.6975609756098,7996861,98.3727416992188,4.491,81.1,90.0,87.0,67.9,65.8,77.9,87.9,84.4,90.0,80.0,80.0,87269.55947801242
Switzerland,CHE,2013,44.6067,-3.46803774147053,718748402259.576,1.83612392927999,-0.217323155115673,82.7975609756098,8089346,101.221382141113,4.747,81.0,90.0,88.0,68.1,63.8,75.8,87.9,86.2,90.0,80.0,80.0,88851.2374497983
Switzerland,CHE,2014,40.8955,2.83378237216102,741168119616.628,2.54342347675991,-0.0132025387515946,83.1975609756098,8188649,,4.826,81.6,90.0,88.1,68.9,65.7,75.4,87.4,85.2,90.0,85.0,80.0,90511.64845588425
Switzerland,CHE,2015,40.2217,17.0946761521558,706199008878.656,1.45450336491099,-1.14390867228178,82.8975609756098,8282396,103.913391113281,4.801,80.5,90.0,85.0,70.3,65.1,78.1,75.3,86.3,90.0,85.0,80.0,85265.0620519299
Switzerland,CHE,2016,40.7885,24.4555901017489,698607778794.566,1.91159094214852,-0.434618664285815,83.6024390243903,8373338,104.09513092041,4.918,81.0,90.0,86.0,70.9,66.3,82.2,72.1,87.8,90.0,85.0,80.0,83432.41115963145
Switzerland,CHE,2017,39.8183,20.7708262545671,706660443624.485,1.42034612231261,0.533787839825876,83.5512195121951,8451840,103.900062561035,4.797,81.5,86.9,80.3,70.9,67.5,76.8,72.2,84.4,90.0,85.0,90.0,83610.248611484
Switzerland,CHE,2018,38.5179,-21.8417322340093,740766531453.991,3.32743256101493,0.936335464113572,83.7536585365854,8514329,104.188026428223,4.713,81.7,84.2,82.8,70.5,65.4,75.7,73.9,85.2,90.0,85.0,90.0,87002.33822935325
Switzerland,CHE,2019,38.3954,3.03579308743079,736384764156.877,1.11532187197474,0.362886179940674,83.9048780487805,8575280,104.071113586426,4.394,81.9,85.3,88.0,70.5,64.8,75.4,72.5,85.2,87.4,85.0,90.0,85872.97023034547
Switzerland,CHE,2020,35.9401,-31.5520454460584,756096180222.082,-2.2552579425106,-0.725874933313403,83.0,8638167,104.211616516113,4.817,82.0,87.4,90.1,70.1,65.3,74.2,72.4,84.4,86.6,85.0,90.0,87529.70163948926
Switzerland,CHE,2021,37.6301,-14.366241892487,840710023481.35,6.17622836050151,0.581814168489856,83.7512195121951,8704546,103.605186462402,5.013,81.9,85.4,87.9,70.4,67.6,73.6,72.5,85.4,86.0,85.0,90.0,96582.86870806932
Switzerland,CHE,2022,34.4805,-1.44605128264693,858479038993.75,3.53430286842426,2.83502798644451,83.6048780487805,8777088,103.392356872559,4.122,84.2,95.2,92.3,70.1,67.2,84.3,60.0,84.9,86.6,85.0,90.0,97809.09556720292
Switzerland,CHE,2023,33.6661,-12.43582733744,928435275851.707,0.825560934124624,2.13540088016387,84.1560975609756,8888822,102.965591430664,4.043,83.8,94.2,97.8,70.6,63.9,84.3,60.5,85.1,86.6,85.0,90.0,104449.75451771979
Switzerland,CHE,2024,33.7321,-11.1757250603926,969919786394.884,1.39033363875791,1.06234041976595,84.4073170731707,9005582,101.4287109375,4.343,83.0,94.2,91.3,70.4,64.6,89.3,60.7,80.8,86.4,85.0,80.0,107702.06594031169
Switzerland,CHE,2025,,,1043529899250.92,1.30007790958307,0.154376978290185,,9092436,,4.873,83.7,94.5,92.3,70.9,68.0,88.8,60.5,80.7,86.6,85.0,80.0,114769.0123142929
Syria,SYR,2001,46.0132,0.547846971645817,20078599626.0129,3.79340343988601,2.99999999999995,71.296,17051338,44.8389511108398,11.63,36.6,30.0,10.0,39.2,65.3,55.0,,74.9,15.0,30.0,10.0,1177.538069212686
Syria,SYR,2002,45.8279,0.553230741540677,20786986579.9105,7.85855098148016,-0.130505282417402,71.742,17468332,46.175178527832,10.94,36.3,30.0,10.0,40.4,63.3,55.0,,73.0,15.0,30.0,10.0,1189.9811945359465
Syria,SYR,2003,45.9819,0.732998623113997,21828144686.0394,0.590781711933914,5.79682944905841,72.188,17889296,60.3702812194824,10.28,41.3,30.0,10.0,75.8,71.0,55.0,,75.1,15.0,30.0,10.0,1220.179077255997
Syria,SYR,2004,48.0318,1.09618918826235,25086910447.9968,6.9025333036284,4.43314136719839,72.494,18336875,63.2146301269531,9.513,40.6,30.0,10.0,62.7,72.1,55.0,,80.5,15.0,30.0,10.0,1368.112639040011
Syria,SYR,2005,58.8097,1.73256551809714,28858937499.1801,6.21550444795768,7.24034939348535,72.797,18814091,66.2456588745117,8.81,46.3,30.0,34.0,82.5,70.4,55.0,63.7,72.6,15.0,30.0,10.0,1533.9001761594593
Syria,SYR,2006,61.5688,1.95248771023816,33751812958.6391,5.04600280095076,10.0241105377571,73.04,19637022,67.4928436279297,8.17,51.2,30.0,34.0,80.1,67.1,58.9,56.3,72.1,54.0,30.0,30.0,1718.7846995659067
Syria,SYR,2007,65.0228,3.06919301979067,40465331020.308,5.6747382107833,3.90770950443607,73.256,20884125,68.0717620849609,8.42,48.3,30.0,34.0,82.4,58.3,58.4,57.0,69.0,54.0,30.0,10.0,1937.61199094087
Syria,SYR,2008,66.6794,2.78858746768108,52557913397.4638,4.47662154277957,15.7453252219709,73.368,21636564,68.490966796875,10.94,47.2,30.0,29.0,86.2,60.3,53.8,52.1,66.2,54.0,30.0,10.0,2429.1247629459003
Syria,SYR,2009,62.4091,4.74859831098406,54111721043.8087,5.91229460524147,2.92089711805367,73.496,21976969,69.7070083618164,8.14,51.3,30.0,24.0,87.0,74.9,61.4,54.9,67.2,54.0,40.0,20.0,2462.2012727873757
Syria,SYR,2010,62.6918,2.39318605915641,61390833272.6687,5.19150915015936,4.3974138315007,73.542,22482421,70.8321380615234,8.61,49.4,25.0,21.0,87.0,80.2,59.2,64.7,63.3,54.0,20.0,20.0,2730.614877849174
Syria,SYR,2011,58.6181,1.19065647696386,67539433544.3077,2.8502205980333,4.7531638888563,72.259,22878098,72.3000030517578,8.626,51.3,30.0,26.0,84.6,85.3,55.9,55.8,69.7,65.4,20.0,20.0,2952.1437290944245
Syria,SYR,2012,46.2477,,43190318032.5627,-26.338904668983,36.7022953364139,66.206,22759763,73.1369705200195,13.8,51.2,30.0,25.0,84.4,78.5,60.1,50.0,70.9,72.8,20.0,20.0,1897.6611501869636
Syria,SYR,2013,31.195,,21361254634.9336,-26.3002577493205,40.0318378290723,65.146,21666917,47.5814208984375,14.5,,20.0,26.0,86.2,,59.3,48.9,71.5,72.8,10.0,20.0,985.8926692216342
Syria,SYR,2014,30.9873,,21502061466.067,-10.3103412087823,10.9271141804297,65.492,20273659,,14.782,,10.0,23.3,,,60.4,55.1,,,0.0,20.0,1060.5910588743257
Syria,SYR,2015,28.1357,,16466861435.0236,-4.17969204561759,38.4611429599733,63.265,19424618,,14.244,,10.0,17.0,,,57.3,49.1,,,0.0,20.0,847.731545352583
Syria,SYR,2016,25.8772,,12597854088.3602,-6.40568496867387,47.7051615298923,65.19,19193834,,13.798,,10.0,20.0,,,62.4,46.9,42.7,56.6,0.0,20.0,656.3490175209497
Syria,SYR,2017,31.0807,,16369842725.4718,-0.723346297115341,18.0752696281771,65.651,19224668,,13.603,,37.3,30.0,,,66.4,55.7,,56.6,,,851.5019726463833
Syria,SYR,2018,34.0047,,21497779247.9835,1.39323324059961,0.940983843906769,67.371,19577845,,13.505,,36.7,23.1,,,61.8,59.2,44.2,56.6,0.0,,1098.0666793502298
Syria,SYR,2019,33.3171,,22583046644.6891,1.22072818348491,13.4175653228571,70.97,20353534,,13.369,,37.0,20.3,,,49.6,58.2,48.3,47.0,0.0,,1109.5393382146362
Syria,SYR,2020,31.7492,,12501503673.2425,0.954914586675713,,71.944,21049429,39.0727806091309,15.179,,45.6,21.9,,,48.9,59.3,58.8,51.6,0.0,,593.9117718225278
Syria,SYR,2021,32.0363,,14892885528.1402,1.7896919997567,,72.418,21628839,39.4595794677734,14.887,,42.5,25.9,,,49.7,57.8,60.6,47.0,0.0,,688.5661097269344
Syria,SYR,2022,31.1656,,23737634644.3994,-0.20247264200475,,72.79,22462173,39.6268081665039,13.245,,,,,,,,,,,,1056.7826471819712
Syria,SYR,2023,31.3571,,,,,72.12,23594623,39.4672088623047,13.27,,3.0,4.4,,,35.0,46.5,,,,,
Syria,SYR,2024,31.4498,,,,,72.56,24672760,38.736930847168,13.359,,,,,,,,,,,,
Syria,SYR,2025,,,,,,,25620427,,13.569,,2.6,3.3,,,,,,,,,
São Tomé and Príncipe,STP,2001,0.0558,3.94990814037949,75951133.3777948,3.06448295788719,9.22203707560889,61.5,146375,,15.73,,,,,,,,,,,,518.8805013000499
São Tomé and Príncipe,STP,2002,0.0644,4.22678714274198,85171073.8777498,3.360188168222,10.128724672229,61.826,149922,,17.63,,,,,,,,,,,,568.1025725227105
São Tomé and Príncipe,STP,2003,0.073,3.3305327757187,102085769.123419,8.29151946119818,9.79241974934509,62.158,153814,36.1393585205078,16.36,,,,,,,,,,,,663.696211810492
São Tomé and Príncipe,STP,2004,0.0826,3.05544616526837,114582283.916382,3.5379059435684,13.2858860871796,62.56,157705,39.6760902404785,16.12,,,,,,,,,,,,726.5608821304461
São Tomé and Príncipe,STP,2005,0.0893,11.4796071529221,136450662.390592,6.61462475033599,17.1522049354354,62.434,161639,43.0029182434082,16.47,,,,,,,,,,,,844.169181884273
São Tomé and Príncipe,STP,2006,0.0952,26.6263783885012,142775104.081626,8.86610935944026,23.0770373451381,63.041,165638,,16.65,,,,,,,,,,,,861.970707697666
São Tomé and Príncipe,STP,2007,0.0978,24.156401012097,149146918.888611,3.64147185166024,18.5485136325779,63.336,169700,46.4745101928711,16.021,,,,,,,,,,,,878.8857919187448
São Tomé and Príncipe,STP,2008,0.1047,42.0928084101522,188021165.00338,6.2287850696102,31.9901039492573,63.448,173793,43.6149482727051,15.421,,,,,,,,,,,,1081.868458472896
São Tomé and Príncipe,STP,2009,0.1146,7.72419866486855,200668065.03175,3.30239966645061,16.9574758025945,63.669,177853,49.2131805419922,15.136,43.8,30.0,27.0,75.0,22.0,45.1,48.0,61.4,60.0,40.0,30.0,1128.2804621330536
São Tomé and Príncipe,STP,2010,0.1236,26.6286088078235,190021192.489536,1.44845522890635,13.34005235378,63.867,181802,50.2788581848145,14.628,48.8,30.0,27.0,87.1,52.5,43.5,47.6,59.0,66.6,45.0,30.0,1045.2095823452767
São Tomé and Príncipe,STP,2011,0.1273,14.1981181119688,226455001.243083,1.99943210333259,14.3271667616801,64.122,185649,48.8370208740234,14.229,49.5,30.0,28.0,87.2,67.5,32.0,46.4,62.2,66.6,45.0,30.0,1219.8018908967083
São Tomé and Príncipe,STP,2012,0.1328,9.79700698442145,229371348.441006,2.94294277416023,10.6379353431628,64.505,189439,56.3386497497559,13.59,50.2,30.0,30.0,87.0,49.1,53.2,46.1,64.6,66.6,45.0,30.0,1210.7926479817038
São Tomé and Príncipe,STP,2013,0.1334,4.55447319839345,267041747.584354,5.11967735428513,8.10583270875476,64.93,193148,63.3046607971191,12.476,48.0,20.0,30.0,86.9,45.3,53.5,38.6,66.0,60.0,50.0,30.0,1382.5757842916003
São Tomé and Príncipe,STP,2014,0.1316,9.03727468460171,293119143.246825,4.90621048664867,6.99849943966421,65.478,196767,74.2815475463867,11.428,48.8,20.0,32.5,86.9,27.9,52.6,44.7,68.3,75.3,50.0,30.0,1489.6763341760814
São Tomé and Príncipe,STP,2015,0.1407,10.7400374911446,259999643.047388,1.5397042826735,5.24587835022454,66.023,200291,82.4009170532227,10.591,53.3,25.0,42.0,87.8,41.4,65.1,45.8,70.7,75.2,50.0,30.0,1298.1094659639623
São Tomé and Príncipe,STP,2016,0.1464,7.98279155418215,292267272.196925,5.17682468684113,5.43051966119156,66.563,203689,83.8791198730469,9.684,56.7,25.0,42.0,87.4,70.1,65.9,46.1,67.6,73.0,60.0,30.0,1434.8701805052065
São Tomé and Príncipe,STP,2017,0.1491,10.6236604862763,322002845.229335,4.11297966281954,5.6902961992902,67.074,206970,90.4435729980469,8.808,55.4,37.7,39.7,87.8,67.9,65.0,47.2,69.6,71.8,65.0,30.0,1555.7947781288835
São Tomé and Príncipe,STP,2018,0.1525,6.17598418618007,383717327.830508,4.37812808264972,7.86859628873909,67.602,210187,,8.712,53.6,38.0,39.4,82.0,69.5,65.9,42.7,70.1,71.8,60.0,30.0,1825.5997175396576
São Tomé and Príncipe,STP,2019,0.1591,5.85791781434652,412976082.620705,2.01431672129407,7.72024525213248,68.043,213392,,8.835,54.0,37.4,35.5,87.2,67.0,65.1,42.7,70.5,64.2,60.0,30.0,1935.2931816595983
São Tomé and Príncipe,STP,2020,0.1541,9.99771582880853,471229484.607144,2.62485949543812,9.81932791540146,67.979,217435,,9.679,56.2,41.0,37.4,88.3,77.1,64.8,43.4,68.1,64.2,60.0,30.0,2167.2200179692504
São Tomé and Príncipe,STP,2021,0.1583,11.250926099997,524402455.54816,1.89929891337832,8.13777038378732,68.026,221961,,9.563,55.9,36.8,39.5,88.4,79.7,62.8,43.2,67.0,65.2,60.0,30.0,2362.5882724810217
São Tomé and Príncipe,STP,2022,0.1412,10.2819916432401,540809499.189348,0.168698492216564,18.0056351122841,69.237,226305,,8.964,60.3,44.1,48.7,88.2,83.1,49.0,41.6,65.9,65.0,60.0,30.0,2389.7372978473654
São Tomé and Príncipe,STP,2023,0.1456,-3.73659884967941,690456806.696406,0.372252775001456,21.2589138473,69.718,230871,,9.032,61.5,52.1,61.8,88.0,83.0,52.6,41.7,66.5,65.0,60.0,30.0,2990.660614353496
São Tomé and Príncipe,STP,2024,0.1477,-2.02206346182182,824992558.045383,1.47888850952698,14.3519273571008,69.905,235536,,9.057,60.5,51.6,46.6,88.0,80.5,52.5,41.5,60.6,65.0,60.0,30.0,3502.6176807171005
São Tomé and Príncipe,STP,2025,,,981293586.906408,1.02847453097097,11.0474362281814,,240254,,9.132,60.4,53.0,47.7,88.6,81.5,52.8,45.2,57.2,65.0,50.0,30.0,4084.4006214523292
Tajikistan,TJK,2001,2.7419,0.878575236633123,1080772551.29433,9.58083617842951,38.59188944886,64.197,6407377,73.8529586791992,3.75,46.8,30.0,10.0,58.0,92.3,55.0,,46.6,69.0,30.0,30.0,168.6762853651861
Tajikistan,TJK,2002,2.7554,2.95358416825764,1221106220.2868,10.8000037591665,12.2499847845885,64.898,6531669,75.8080596923828,3.95,47.3,30.0,10.0,61.6,91.3,55.0,,48.9,69.0,30.0,30.0,186.95163828522234
Tajikistan,TJK,2003,2.8163,2.03493399294115,1555318261.4172,10.9999990780572,16.3034912049491,65.874,6658575,78.0805816650391,3.85,46.5,30.0,10.0,74.0,94.0,55.0,,46.9,69.0,30.0,10.0,233.5812484528897
Tajikistan,TJK,2004,3.3521,13.1022122444311,2076176869.41089,10.2999989410117,7.14196508692253,66.604,6790547,79.29443359375,3.45,48.7,30.0,10.0,85.0,93.0,55.0,,56.3,69.0,30.0,10.0,305.7451585875026
Tajikistan,TJK,2005,3.1911,2.35601238535648,2312352020.6689,6.69999851655409,7.09193244083773,66.531,6924720,79.9551315307617,3.45,50.4,30.0,18.0,84.8,88.9,55.0,60.3,58.6,68.4,30.0,10.0,333.92715094168426
Tajikistan,TJK,2006,3.4897,11.9647283955266,2830213848.6203,7.00000321108996,10.0108651886461,66.997,7057566,80.7600173950195,3.65,52.6,30.0,20.0,91.1,89.1,39.2,60.3,65.1,70.8,30.0,30.0,401.01840331642666
Tajikistan,TJK,2007,4.0503,9.67777994325544,3719524540.86193,7.80000011872161,13.1491247062982,67.405,7194477,81.424560546875,2.874,53.6,30.0,21.0,89.7,87.6,39.2,60.1,67.0,71.0,30.0,40.0,516.9972106189136
Tajikistan,TJK,2008,3.7908,9.42813566158299,5161299725.27673,7.89999827154939,20.4705219109964,67.924,7338403,82.2941436767578,4.942,54.4,30.0,22.0,89.3,84.1,44.4,60.2,65.8,77.8,30.0,40.0,703.327375898643
Tajikistan,TJK,2009,3.05,2.993500899093,4979472364.4534,3.90000114826496,6.44823481066697,68.248,7490230,83.1336364746094,7.028,54.6,30.0,21.0,89.3,85.9,45.1,58.7,63.2,82.6,30.0,40.0,664.795655734657
Tajikistan,TJK,2010,3.071,1.6649590356128,5642221099.17704,6.49999908585235,6.44531440780658,68.37,7652141,83.9114990234375,7.037,53.0,25.0,20.0,88.9,78.0,57.4,54.4,58.4,82.5,25.0,40.0,737.3388832193552
Tajikistan,TJK,2011,3.0824,2.23653413214552,6522756255.012,7.40000059956711,12.4315490430406,68.698,7824785,85.0206298828125,7.04,53.5,25.0,20.0,88.6,77.3,60.7,56.4,64.5,82.5,20.0,40.0,833.6019782028516
Tajikistan,TJK,2012,3.5021,3.16697499395782,7633036903.07634,7.49999946321525,5.83116601031462,69.13,8014084,86.3469314575195,7.022,53.4,20.0,21.0,89.0,75.5,61.6,56.8,67.4,82.5,20.0,40.0,952.4528196954686
Tajikistan,TJK,2013,3.5939,3.351407966942,8448411318.25417,7.39999974700379,5.00964645344951,69.579,8216724,86.9873504638672,7.019,53.4,20.0,23.0,92.8,78.1,61.7,55.5,64.6,78.2,20.0,40.0,1028.1970427939616
Tajikistan,TJK,2014,4.7682,3.58397838530001,9112605459.32845,6.70000069016253,6.10442765129667,69.697,8425552,,7.024,52.0,20.0,19.4,92.3,78.1,58.4,45.5,67.7,73.2,25.0,40.0,1081.5440293203874
Tajikistan,TJK,2015,5.0917,5.48892076080458,8271431485.07484,6.01930331771186,5.7145594964971,69.665,8643840,,7.033,52.7,20.0,22.0,92.1,81.9,65.4,46.4,69.6,74.6,25.0,30.0,956.9163109306558
Tajikistan,TJK,2016,5.7155,3.45540459636672,6992416096.89018,6.89999999999999,6.00458082322139,69.982,8865631,,7.036,51.3,20.0,23.0,91.6,76.9,61.1,47.3,69.8,68.6,25.0,30.0,788.7104817344845
Tajikistan,TJK,2017,6.934,2.46572647891723,7536402852.85802,7.10000041864309,,70.524,9085946,,7.035,58.2,45.5,32.7,90.9,74.1,65.6,49.2,69.8,73.9,25.0,30.0,829.45714764957
Tajikistan,TJK,2018,8.2044,2.84433010113639,7764999999.45362,7.5999988895536,,70.737,9307333,,7.028,58.3,46.8,38.2,91.8,71.4,63.4,52.2,69.6,70.6,25.0,30.0,834.2884045788004
Tajikistan,TJK,2019,9.0405,2.5637213527723,8300813599.3084,7.40000016310556,,70.962,9529966,,7.026,55.6,47.8,36.4,91.8,64.6,67.3,49.2,68.5,73.6,25.0,30.0,871.0223729348457
Tajikistan,TJK,2020,9.3881,1.30975252279444,8133963550.65742,4.40000111553493,,68.605,9749310,90.9012072790342,7.576,52.2,49.1,32.0,91.8,62.3,65.9,47.7,71.0,75.0,25.0,30.0,834.3117154606244
Tajikistan,TJK,2021,9.4268,0.94025522151091,8937805347.13963,9.39999955037523,,69.594,9966908,91.2751683038557,7.687,55.2,41.6,35.2,91.9,68.6,62.3,46.2,68.5,69.6,25.0,30.0,896.7480533721822
Tajikistan,TJK,2022,9.5606,1.62432287476597,10713525200.3998,8.00000033846364,,71.562,10182222,90.888637681585,7.051,49.7,29.5,17.8,95.3,72.4,56.9,43.1,67.1,69.6,25.0,30.0,1052.1794948489435
Tajikistan,TJK,2023,9.3204,1.14813698883392,12244169292.7998,8.29999921651935,,71.79,10389799,88.4022015902249,7.037,50.6,29.2,11.7,92.0,75.2,56.8,43.6,66.3,72.2,25.0,30.0,1178.4799006024853
Tajikistan,TJK,2024,9.7699,2.01948198566107,14425113699.7925,8.39999980983981,,71.927,10590927,86.9035257819264,7.041,51.3,29.4,17.3,92.6,76.1,56.2,43.7,67.8,72.2,25.0,30.0,1362.025599816947
Tajikistan,TJK,2025,,,17660626562.4832,8.40000053390075,,,10786734,,6.931,51.5,28.8,15.7,92.3,75.0,56.2,43.6,71.0,72.2,25.0,30.0,1637.254294254702
Tanzania,TZA,2001,3.287,4.04947475303632,13563990022.3641,6.07080828734129,5.14746800222618,54.124,35198299,,2.994,54.9,30.0,19.0,80.9,94.1,55.0,,70.1,45.0,50.0,50.0,385.3592476830798
Tanzania,TZA,2002,3.7394,2.79955328638088,14129651895.6911,7.09319498355502,5.31783366118203,54.94,36121304,,3.023,58.3,30.0,25.0,81.0,94.1,55.0,,73.2,46.0,70.0,50.0,391.17225379491003
Tanzania,TZA,2003,3.9553,2.09316343526651,15211487708.7684,6.67278983053497,5.30356621509782,55.929,37089555,,3.053,56.9,30.0,22.0,80.9,92.2,55.0,,75.1,56.6,50.0,50.0,410.1286119169777
Tanzania,TZA,2004,5.4435,2.65421873789577,16673062473.3981,7.50381465859829,4.73580143949058,56.836,38109668,,3.105,60.1,30.0,27.0,80.9,92.0,55.0,,80.1,56.0,50.0,70.0,437.50217066698406
Tanzania,TZA,2005,6.1729,5.08562696835774,18395383647.4975,7.47631925974784,5.03457009267163,57.675,39182076,,3.193,56.3,30.0,25.0,80.8,90.8,55.0,47.9,79.0,54.2,30.0,70.0,469.4846604732608
Tanzania,TZA,2006,6.6034,2.16456512450246,18619859795.2852,6.53222138847813,7.25097262082546,58.512,40294902,,3.299,58.5,30.0,28.0,80.6,88.1,44.5,47.8,77.9,68.6,50.0,70.0,462.08971535121736
Tanzania,TZA,2007,6.2424,2.66011088834969,21860434823.4808,6.76853520293716,7.02551436974771,59.26,41435512,,3.023,56.8,30.0,29.0,80.6,85.2,45.8,47.2,77.0,73.6,50.0,50.0,527.5772825850638
Tanzania,TZA,2008,6.2794,4.94943766923668,27947821397.9272,5.68641685905224,10.2783937621135,59.896,42570728,,2.775,56.5,30.0,29.0,80.5,79.9,48.2,48.4,75.4,73.2,50.0,50.0,656.503252608863
Tanzania,TZA,2009,6.0772,3.24017488387777,29400573553.6075,5.26910524873463,12.1422278742988,60.494,43633982,,2.5,58.3,30.0,32.0,80.6,83.4,48.1,49.9,73.4,75.6,60.0,50.0,673.7999193749381
Tanzania,TZA,2010,7.3333,5.66396796617806,32012892919.37,6.33652342666889,6.20015595647403,61.127,44758488,31.8920497894287,3.03,58.3,30.0,30.0,80.3,82.6,45.5,58.4,70.8,70.5,65.0,50.0,715.236245678585
Tanzania,TZA,2011,8.8864,3.54720849735785,34657140096.4836,7.67215543486064,12.6909694699162,61.618,46029367,,3.47,57.0,30.0,26.0,79.8,80.5,46.0,59.0,68.8,69.6,60.0,50.0,752.93540527037
Tanzania,TZA,2012,10.6021,4.53878496380622,39650394362.9287,4.50015356010131,16.0010938506338,62.286,47374260,,3.223,57.0,30.0,27.0,79.7,80.2,45.2,60.1,69.4,73.5,55.0,50.0,836.9607116381069
Tanzania,TZA,2013,11.5936,4.57242839319348,45648857242.315,6.78158560065316,7.87072364573959,62.788,48824128,32.3857446198788,2.93,57.9,30.0,30.0,79.9,77.9,48.6,61.9,71.8,73.5,55.0,50.0,934.9651312219033
Tanzania,TZA,2014,11.257,2.8329281892962,49986726460.6805,6.73246186832483,6.13161432988012,63.364,50351512,29.6310806274414,2.125,57.8,30.0,28.8,79.7,78.3,47.0,61.1,66.0,76.8,60.0,50.0,992.7552217434999
Tanzania,TZA,2015,13.2034,3.17633492826527,47413919817.124,6.16062877406682,5.58816952959298,63.928,52020962,26.090669631958,2.009,57.5,30.0,33.0,79.9,79.3,45.0,61.4,69.7,67.0,60.0,50.0,911.4387353529526
Tanzania,TZA,2016,14.1367,1.73591210997565,49774409374.4538,6.86711619644551,5.17476629301493,64.404,53824013,25.6429992626308,1.931,58.5,25.0,31.0,79.2,88.4,47.5,62.6,67.7,73.2,60.0,50.0,924.7621386843414
Tanzania,TZA,2017,14.1975,1.76011643802415,53274884532.7886,6.72726996832438,5.31871605228931,64.963,55652890,26.3711632016128,1.854,58.6,33.8,29.2,80.3,89.5,50.1,64.3,69.6,76.0,55.0,50.0,957.2707640661356
Tanzania,TZA,2018,14.9211,1.70440979499363,57003712892.0858,5.50267599384966,3.49445848856181,65.488,57437145,28.5933897410534,1.792,59.9,38.0,31.8,79.8,89.8,50.0,63.9,70.3,76.9,55.0,50.0,992.4538013176979
Tanzania,TZA,2019,17.0037,1.99459353959393,61026731925.9213,5.79999999996723,3.46428057999021,66.007,59174891,30.1824263288684,1.735,60.2,35.4,33.2,80.5,90.3,46.6,66.2,70.4,67.8,55.0,50.0,1031.2943698691613
Tanzania,TZA,2020,16.677,1.42845965174632,66068737786.0639,1.99196460647855,3.29029062798325,66.771,60972798,30.9205938581875,1.792,61.7,41.9,32.5,80.6,91.6,45.9,66.4,72.2,67.8,55.0,50.0,1083.5772664732215
Tanzania,TZA,2021,18.9418,1.68494347865961,70655628147.8986,4.32138429480482,3.69091958802199,66.131,62830412,28.231330871582,1.876,61.3,41.3,34.5,80.7,91.8,45.7,67.7,72.9,64.4,55.0,50.0,1124.545039556618
Tanzania,TZA,2022,20.9124,1.89781100350604,75749121846.9703,4.56600576430955,4.35027204269101,66.879,64711821,,1.573,59.5,36.9,36.9,80.6,91.9,46.3,62.0,73.8,59.8,55.0,50.0,1170.560813718568
Tanzania,TZA,2023,21.5734,2.08641570922927,79030935638.1317,5.06952353203394,3.79923291384916,66.995,66617606,,1.565,60.0,44.8,28.3,80.6,91.3,50.1,62.4,73.0,60.6,55.0,50.0,1186.3370718865476
Tanzania,TZA,2024,21.3363,2.16767805172059,79235713444.9777,5.5263138305945,3.05694676312373,67.212,68560157,,1.557,59.1,45.4,36.8,80.6,90.7,47.4,62.2,72.2,60.6,55.0,50.0,1155.7107934419944
Tanzania,TZA,2025,,,90143496090.4411,5.85286828692739,3.32697361316105,,70545865,,1.572,59.3,46.7,39.8,80.4,89.4,48.9,62.1,72.5,61.8,55.0,50.0,1277.7998553202387
Thailand,THA,2001,183.5255,4.21223509530842,120296476180.402,3.44424900968372,1.62690887314091,71.52,63651141,64.0281982421875,2.6,68.9,70.0,32.0,75.4,90.3,70.0,,84.6,77.6,70.0,50.0,1889.9343246714461
Thailand,THA,2002,195.0715,2.48815301889834,134300904400.022,6.14903605210036,0.697308976625449,71.775,64266437,65.5458221435547,1.82,69.1,70.0,32.0,75.3,90.3,70.0,,86.4,77.8,70.0,50.0,2089.751831115548
Thailand,THA,2003,202.9305,3.43593984811892,152280615245.887,7.18924330340971,1.80434994635718,72.101,64868166,,1.54,65.8,70.0,32.0,75.2,93.1,70.0,,87.3,64.8,50.0,50.0,2347.5400128606534
Thailand,THA,2004,221.1427,3.38947495269123,172895685154.658,6.28934214285795,2.75914926231082,72.1,65452047,67.444221496582,1.51,63.7,50.0,32.0,75.5,91.1,70.0,,88.9,65.6,50.0,50.0,2641.562687178569
Thailand,THA,2005,229.2248,4.33958708070528,189318408468.595,4.18763842884337,4.54036919634536,72.894,66017420,71.8262786865234,1.35,62.5,50.0,33.0,75.2,90.1,70.0,76.8,82.3,67.6,30.0,50.0,2867.7038343606127
Thailand,THA,2006,232.8491,4.0212567065949,221758296021.621,4.96781089246107,4.63747436011764,73.341,66567687,71.6298599243164,1.22,63.3,50.0,36.0,74.9,92.1,73.8,77.0,80.3,68.4,30.0,50.0,3331.3204351177324
Thailand,THA,2007,237.863,3.28356939351343,262942621455.053,5.43515169050809,2.24154095286802,73.779,67102394,75.7808074951172,1.18,63.5,50.0,38.0,74.8,91.3,73.0,76.4,77.6,74.2,30.0,50.0,3918.5281743458067
Thailand,THA,2008,238.9694,2.93824905393328,291382982430.951,1.72569884866334,5.46848949649846,74.221,67619830,75.2078475952148,1.18,62.3,50.0,36.0,74.7,90.7,72.2,77.7,66.7,75.2,30.0,50.0,4309.135092929855
Thailand,THA,2009,232.0176,2.27590224065624,281710630187.319,-0.690618232300579,-0.845716092316721,74.669,68121080,76.6007080078125,1.49,63.0,50.0,33.0,74.4,90.6,71.1,76.5,69.0,75.6,30.0,60.0,4135.439869528183
Thailand,THA,2010,246.3596,4.32320928209171,341104766329.17,7.51339053261624,3.24758842443725,75.012,68579447,78.3943786621094,0.622,64.1,45.0,35.0,74.7,89.8,70.7,73.6,66.4,75.9,40.0,70.0,4973.862888237783
Thailand,THA,2011,246.7462,0.667087644548593,370818739623.622,0.840132083053334,3.81191694558332,75.302,69007208,86.9894790649414,0.66,64.7,45.0,34.0,74.8,90.6,69.9,76.3,70.8,75.9,40.0,70.0,5373.623283289798
Thailand,THA,2012,264.8041,3.24456444314608,397558325278.579,7.24279620249642,3.00948610403357,75.59,69436098,85.5365295410156,0.58,64.9,45.0,35.0,75.1,87.5,72.5,79.0,69.3,75.2,40.0,70.0,5725.528028354632
Thailand,THA,2013,275.9576,3.79126450872817,420333654592.547,2.68749556320556,2.18617704418967,75.96,69845114,83.854850769043,0.249,64.1,45.0,34.0,78.9,83.7,73.2,72.9,68.3,75.2,40.0,70.0,6018.082447292548
Thailand,THA,2014,272.5228,1.22145318013998,407339040197.651,0.984468863619426,1.89455652481545,76.279,70216367,123.525459289551,0.576,63.3,45.0,33.6,79.7,83.6,71.4,61.6,68.6,75.0,45.0,70.0,5801.197891620496
Thailand,THA,2015,281.4677,2.22468548959784,401296238228.084,3.13404724911635,-0.898143410569433,76.563,70540795,124.330596923828,0.597,62.4,40.0,35.0,81.5,81.4,72.5,63.5,69.9,75.4,45.0,60.0,5688.853353978843
Thailand,THA,2016,277.7638,0.843364340718618,413366349747.508,3.43515771692182,0.186235191075453,76.769,70859841,122.563217163086,0.688,63.9,40.0,38.0,81.1,82.2,76.3,62.5,70.9,77.6,50.0,60.0,5833.577156170983
Thailand,THA,2017,281.081,1.81550260101987,456356813536.764,4.1776810321001,0.664415139830893,76.989,71160187,79.5062371844027,0.83,66.2,51.3,40.7,81.0,85.3,69.9,62.8,72.9,82.8,50.0,60.0,6413.091825303438
Thailand,THA,2018,276.6537,2.71279835138662,506754208404.485,4.22287028746071,1.06683487370758,77.19,71376079,80.6045305135668,0.765,67.1,48.6,34.7,81.3,85.5,77.2,62.6,75.5,83.1,55.0,60.0,7099.77650081458
Thailand,THA,2019,286.4704,1.01734877580041,543976691793.886,2.11455779628278,0.705524801910317,77.197,71522271,81.7206425877734,0.716,68.3,53.7,36.4,81.3,85.8,82.5,63.9,75.2,83.0,55.0,60.0,7605.696577977592
Thailand,THA,2020,275.6334,-0.858310188764945,500274927778.532,-6.09306312966953,-0.846087518861799,77.331,71641484,82.3668560969625,1.099,69.4,59.5,43.4,80.7,85.9,83.0,63.7,74.0,83.0,55.0,60.0,6983.034128362444
Thailand,THA,2021,268.5767,3.04112326260094,506049783824.94,1.55858232076893,1.23104516549814,77.606,71727332,84.6644528199547,1.215,69.7,60.0,45.1,81.5,86.0,85.3,64.3,74.4,80.0,55.0,60.0,7055.18760721422
Thailand,THA,2022,284.314,2.39157096115532,495691837308.033,2.63784213566305,6.07589952842433,75.291,71735329,88.0661686868399,0.94,63.2,44.2,38.5,81.3,84.4,63.4,59.6,74.2,71.6,55.0,60.0,6910.009952112062
Thailand,THA,2023,275.0344,1.9975474592024,517013369475.121,2.24883437970568,1.22908986612448,76.412,71702435,93.3356315272258,0.733,60.6,44.2,35.1,81.0,81.5,66.6,56.6,73.4,70.8,55.0,60.0,7210.54130832685
Thailand,THA,2024,283.8091,2.70165281834265,529385520941.539,2.94859986593323,0.398333333333422,76.564,71668011,92.507325535959,0.781,59.0,45.0,38.1,81.1,80.3,70.3,56.3,66.7,72.8,55.0,60.0,7386.636151260554
Thailand,THA,2025,,,577009981112.015,2.44247444990198,-0.133634356480207,,71619863,92.0872315506486,0.781,60.6,45.1,38.4,81.3,81.7,70.9,56.4,70.2,72.4,55.0,60.0,8056.563597615581
The Bahamas,BHS,2001,0.9927,1.23072964943982,8317830000.0,2.62600982683425,2.04498977505121,72.765,327836,,6.87,74.8,90.0,70.0,97.3,89.2,100.0,,87.3,19.4,50.0,70.0,25371.92376676143
The Bahamas,BHS,2002,1.0869,1.72038337334312,8881160000.0,2.70495624731029,2.17357792508093,73.023,331614,93.4659576416016,9.05,74.4,90.0,70.0,97.0,89.2,100.0,,88.1,15.0,50.0,70.0,26781.619593865158
The Bahamas,BHS,2003,0.8096,2.14428489451629,8870090000.0,-1.26491667612372,3.02504526252236,73.213,335618,,10.84,73.5,90.0,70.0,96.9,88.8,100.0,,80.4,15.0,50.0,70.0,26429.124778766334
The Bahamas,BHS,2004,0.874,3.02143829739302,9055290000.0,0.882373744518318,0.981914036757662,73.235,339782,85.4551467895508,10.2,72.1,90.0,70.0,97.1,87.1,85.0,,82.5,17.0,50.0,70.0,26650.293423430317
The Bahamas,BHS,2005,0.8606,5.72797116772737,9836200000.0,3.39608420536011,1.59160618079802,73.413,343894,86.3187637329102,10.2,72.6,90.0,70.0,96.7,88.0,85.0,80.0,79.5,17.0,50.0,70.0,28602.418186999483
The Bahamas,BHS,2006,1.0954,6.94760136713467,10167250000.0,2.51659221712706,2.38982627439254,73.456,348375,86.5019989013672,7.54,72.3,90.0,70.0,96.8,87.1,80.0,80.0,82.2,17.0,50.0,70.0,29184.786508790814
The Bahamas,BHS,2007,1.3138,6.71809341196458,10618340000.0,1.44609991235758,2.49257794939396,73.463,353334,89.3580932617188,7.88,72.0,80.0,70.0,96.6,88.7,80.0,80.0,76.1,38.8,40.0,70.0,30051.84895877555
The Bahamas,BHS,2008,1.3616,8.17172902365571,10526000000.0,-2.32364807041851,4.4895599537506,73.445,358120,89.3178863525391,8.18,71.1,80.0,70.0,96.2,86.4,80.0,80.0,76.3,32.0,40.0,70.0,29392.382441639675
The Bahamas,BHS,2009,1.1324,6.65159948547179,9981960000.0,-4.17542805647342,2.06273473452682,73.455,362810,89.0210571289062,14.25,70.3,75.0,50.0,96.5,84.4,74.7,80.4,75.5,56.0,40.0,70.0,27512.913095008407
The Bahamas,BHS,2010,1.283,8.63699216304667,10095760000.0,1.53866248693835,1.34402738392836,73.449,367478,91.0886370856719,14.435,67.3,70.0,55.0,95.2,83.6,73.4,81.0,72.7,42.2,30.0,70.0,27473.100430501963
The Bahamas,BHS,2011,0.8542,6.61957509346653,10070450000.0,0.613170735890648,3.1987814166032,73.571,371729,89.2416368950958,14.52,68.0,70.0,55.0,97.2,86.9,72.5,81.3,74.6,42.2,30.0,70.0,27090.83768013795
The Bahamas,BHS,2012,1.0171,4.90812842804373,10720400000.0,4.52003886739061,1.97336755976254,73.707,375469,92.1807628524046,14.02,68.0,70.0,55.0,97.7,85.2,70.9,82.7,76.0,42.2,30.0,70.0,28552.024268315094
The Bahamas,BHS,2013,1.0911,3.64907926264642,10475300000.0,-2.86320081549439,0.722414784530551,73.93,378953,84.6595407759303,16.18,70.1,70.0,73.0,97.0,84.9,71.3,81.6,75.8,47.0,30.0,70.0,27642.74197591786
The Bahamas,BHS,2014,1.1363,2.25581446274834,11139100000.0,1.8469701294558,1.51375643050831,74.029,382298,91.6218404766036,13.8,69.8,70.0,66.6,97.3,84.1,70.7,81.5,75.1,52.2,30.0,70.0,29137.217563262166
The Bahamas,BHS,2015,1.1204,0.642663417838075,11837600000.0,0.997411675486745,1.86148302863371,73.805,385346,76.0440338812974,12.0,68.7,70.0,71.0,97.8,83.2,68.9,75.3,78.8,52.2,30.0,60.0,30719.405417468977
The Bahamas,BHS,2016,1.2455,3.28594665732394,11880900000.0,-1.15650811269629,-0.346376929989397,74.042,388055,85.0686327399149,12.7,70.9,70.0,71.0,97.9,84.3,70.7,72.8,78.5,64.0,40.0,60.0,30616.53631572844
The Bahamas,BHS,2017,1.3738,2.4470958481014,12446900000.0,3.3713988456489,1.51820700736147,74.031,390485,92.6182585115999,9.8,61.1,45.3,38.2,97.1,83.8,68.5,71.5,77.0,50.6,50.0,60.0,31875.488174961905
The Bahamas,BHS,2018,1.2106,3.83334911094036,12819200000.0,2.39795510823548,2.26586346678736,74.062,392717,80.8808929269834,10.0,63.3,46.5,50.9,96.5,82.9,68.3,64.6,79.2,52.7,45.0,60.0,32642.335320345184
The Bahamas,BHS,2019,1.4505,3.63206527371394,13277000000.0,-0.838585871193203,2.49123527368046,71.408,394675,78.566734376867,9.336,62.9,42.2,43.7,97.3,86.8,68.5,67.5,78.1,47.8,50.0,60.0,33640.336986127826
The Bahamas,BHS,2020,1.1733,4.19368341635396,10363200000.0,-20.0893664891399,0.0385210980054558,72.994,395863,,12.016,64.5,54.9,46.0,96.8,87.4,69.0,70.0,76.3,47.8,50.0,60.0,26178.75376077077
The Bahamas,BHS,2021,1.4488,3.18239411083404,12037000000.0,17.5861390037409,2.90491262928478,70.752,396373,72.6381880061026,11.078,64.6,48.1,47.5,97.1,87.6,70.4,70.0,77.0,49.0,50.0,60.0,30367.860575770803
The Bahamas,BHS,2022,1.4055,3.82040434055862,13896800000.0,10.8779009410268,5.60540633583044,74.491,397538,,9.25,68.7,61.1,64.3,96.5,85.8,63.3,69.3,79.2,49.0,50.0,60.0,34957.16132797368
The Bahamas,BHS,2023,1.4098,2.11151935376225,15271300000.0,3.04824180553773,3.05291578969743,74.552,399440,87.1455240465819,8.645,62.6,60.5,78.3,96.5,79.3,67.0,68.6,75.7,49.6,50.0,60.0,38231.77448427799
The Bahamas,BHS,2024,1.4592,1.51932088638775,15832800000.0,3.37866553336166,0.409162489083286,74.71,401283,79.4858750299258,9.049,62.5,60.9,65.5,96.5,76.1,67.2,70.2,71.7,49.6,50.0,60.0,39455.44665485455
The Bahamas,BHS,2025,,,,,,,403033,,9.207,63.2,61.8,66.2,97.2,77.2,70.0,68.8,72.9,49.0,50.0,60.0,
The Gambia,GMB,2001,0.2982,5.16139810385096,687410645.063943,5.80000024323377,4.49259609239754,57.283,1495011,,9.64,56.6,50.0,10.0,72.7,90.3,55.0,,73.9,57.4,50.0,50.0,459.80306838139853
The Gambia,GMB,2002,0.3097,7.4065003138309,578235309.327198,-3.25000014970206,8.60912474386327,57.736,1535691,,10.039,57.7,50.0,10.0,73.0,84.1,55.0,,81.9,65.6,50.0,50.0,376.5310269625843
The Gambia,GMB,2003,0.3156,3.75180060709964,487038685.045496,6.86999962173842,17.0328665431988,58.223,1577611,,9.991,56.3,50.0,10.0,72.9,85.3,55.0,,78.1,55.4,50.0,50.0,308.7191234375876
The Gambia,GMB,2004,0.3268,5.77256282742027,961900651.423441,7.05000000064635,14.2067432845569,58.749,1621312,,9.948,55.3,50.0,10.0,73.8,79.7,55.0,,73.4,56.2,50.0,50.0,593.2853463265806
The Gambia,GMB,2005,0.3318,5.22041688120703,1027701067.55688,-2.35172936176019,4.83862177543157,59.11,1667037,,9.92,56.5,30.0,25.0,73.5,80.6,55.0,75.1,66.5,59.6,50.0,50.0,616.4836578653503
The Gambia,GMB,2006,0.3678,7.79879790286452,1054112487.74083,-0.555580977246521,2.0565034236599,59.667,1715275,,10.241,57.3,30.0,28.0,71.0,84.3,59.4,75.0,66.0,59.6,50.0,50.0,614.5443079044643
The Gambia,GMB,2007,0.3873,6.10257365099724,1279703047.0221,3.04324950829739,5.36913473801957,60.001,1765774,,10.425,57.7,30.0,27.0,72.0,70.8,59.4,74.7,68.1,64.6,50.0,60.0,724.7264072424331
The Gambia,GMB,2008,0.391,4.53283904240458,1561766955.73024,6.25590553394287,4.4436549094501,60.473,1817852,45.2912902832031,10.065,56.9,30.0,25.0,72.5,72.8,57.5,74.8,73.9,62.6,50.0,50.0,859.1276714112261
The Gambia,GMB,2009,0.4342,2.72023911271176,1450142508.57808,6.6657243078367,4.56150687670983,60.735,1871422,46.214469909668,9.778,55.8,30.0,23.0,71.9,74.4,59.9,67.0,71.9,59.6,50.0,50.0,774.8880309080902
The Gambia,GMB,2010,0.4408,2.40659689644853,1543294926.87301,5.90833580968288,5.04968075857402,61.167,1926630,45.5351409912109,9.673,55.1,25.0,19.0,71.9,75.3,58.5,63.8,71.6,60.6,55.0,50.0,801.0333727145378
The Gambia,GMB,2011,0.4636,2.55921826982754,1409693596.93594,-8.13044422315659,4.7958826618311,61.561,1983784,,10.276,57.4,30.0,29.0,73.2,79.7,57.8,67.2,71.4,60.4,55.0,50.0,710.6084114681538
The Gambia,GMB,2012,0.4444,2.91048196914862,1415004738.26621,5.24156924630741,4.25432199813899,61.9,2043094,,10.346,58.8,30.0,32.0,75.0,85.5,56.3,67.2,71.0,60.5,60.0,50.0,692.5793616281043
The Gambia,GMB,2013,0.4463,4.96800325180048,1375609453.43746,2.872768790327,5.69912989637382,62.252,2103820,,9.454,58.8,30.0,35.0,75.1,82.7,59.5,59.3,71.1,60.5,65.0,50.0,653.862713272742
The Gambia,GMB,2014,0.4838,1.8718835765044,1229461721.40861,-1.40738249510954,5.94799935696626,62.576,2164528,,8.191,59.5,30.0,31.7,79.0,79.8,57.4,65.8,71.3,65.0,65.0,50.0,568.004535588641
The Gambia,GMB,2015,0.509,5.22255647330922,1378176608.93204,4.0580738039996,6.8084549457961,62.971,2224529,,7.226,57.5,25.0,28.0,75.4,73.4,55.7,66.7,70.8,65.0,65.0,50.0,619.5363642964601
The Gambia,GMB,2016,0.5138,4.70370236790454,1484578885.97132,1.94335965478776,7.22879272057922,63.386,2283769,,6.244,57.1,25.0,29.0,75.5,78.0,53.4,65.8,64.7,65.0,65.0,50.0,650.0565013236102
The Gambia,GMB,2017,0.5236,4.27524164277035,1504909462.69521,4.8226112492757,8.03418974545911,63.708,2342189,,5.097,53.4,39.1,38.2,74.9,74.3,52.8,65.6,63.8,65.0,75.0,50.0,642.52264129633
The Gambia,GMB,2018,0.4603,4.89653501762191,1670671327.81651,7.23489033258579,6.52096823946573,64.034,2399632,,4.055,52.3,34.4,36.8,71.9,74.0,54.2,64.0,63.2,64.7,75.0,50.0,696.2198069606131
The Gambia,GMB,2019,0.465,3.9194379121789,1813609692.49994,6.22205315994859,7.11567625631192,64.427,2456844,,4.481,52.4,39.9,41.2,74.3,70.7,54.0,67.4,62.4,61.6,65.0,50.0,738.1867519874847
The Gambia,GMB,2020,0.422,10.4612755737217,1812170891.19069,0.591487287873974,5.93127636562441,64.418,2515733,,5.84,56.3,43.9,39.2,74.6,85.6,53.5,67.4,63.3,64.6,65.0,50.0,720.3351433521324
The Gambia,GMB,2021,0.4776,12.5026201279668,2014158842.14596,5.25596878816744,7.37034758876618,63.847,2576010,107.027125590442,6.213,58.8,41.8,35.2,76.9,84.1,56.0,67.4,63.2,66.6,65.0,50.0,781.8909251695296
The Gambia,GMB,2022,0.4949,10.4995860985808,2204734527.88096,5.49299823010114,11.5131198380505,64.859,2636470,,6.067,58.0,47.6,38.1,79.3,84.1,50.5,47.3,64.1,63.8,65.0,50.0,836.2448758684757
The Gambia,GMB,2023,0.4738,8.62799548450681,2382262185.38179,5.91679576551141,16.9742129632327,65.86,2697845,,6.479,57.9,47.2,36.4,79.3,83.5,50.5,47.4,63.3,64.4,65.0,50.0,883.0241119789276
The Gambia,GMB,2024,0.4923,9.66186336562045,2404888737.54853,5.55126065805138,11.5610532897511,66.057,2759988,,6.48,58.2,55.3,36.2,79.3,84.3,49.0,47.6,60.0,64.4,65.0,50.0,871.3402875478191
The Gambia,GMB,2025,,,2593673987.53306,5.89309208233146,,,2822093,,6.521,56.8,55.0,39.5,79.3,84.8,50.6,48.0,55.7,66.8,50.0,50.0,919.0604234279523
The Philippines,PHL,2001,71.6919,0.96298544393499,78921234457.5487,3.04923134463486,5.34550195567142,67.829,81401488,70.5786285400391,3.698,60.9,50.0,36.0,77.3,88.0,55.0,,73.6,68.4,50.0,50.0,969.5306117444525
The Philippines,PHL,2002,72.9411,2.09827504516588,84307345887.543,3.71625500158383,2.72277227722765,67.886,83068889,74.9138336181641,3.616,60.7,50.0,28.0,77.4,88.0,55.0,,75.9,71.6,50.0,50.0,1014.9087932010623
The Philippines,PHL,2003,74.7742,0.565263243432102,87039092974.2272,5.08691113513073,2.28915662650607,68.049,84731835,76.8219680786133,3.527,61.3,50.0,29.0,77.6,88.6,55.0,,74.5,77.4,50.0,50.0,1027.230119284295
The Philippines,PHL,2004,75.6877,0.623144777963454,95001999685.3314,6.56922851180626,4.82921083627795,68.301,86394504,78.5408630371094,3.554,59.1,30.0,26.0,77.7,88.8,55.0,,77.3,77.0,50.0,50.0,1099.6301302375832
The Philippines,PHL,2005,78.8843,1.54906009249231,107419977318.166,4.94250511877678,6.51685393258433,68.423,88015962,78.3063812255859,3.795,54.7,30.0,25.0,78.0,88.5,55.0,53.4,77.9,79.4,30.0,30.0,1220.460185598676
The Philippines,PHL,2006,70.973,2.12091886479217,127652926368.069,5.31641682136939,5.4852320675105,68.172,89508986,76.9573211669922,4.052,56.3,30.0,26.0,75.9,88.9,53.9,53.1,75.7,79.8,30.0,50.0,1426.1464917954606
The Philippines,PHL,2007,76.9611,1.87121245887706,155980408673.403,6.51929155018938,2.90000000000003,68.549,91075184,77.0709991455078,3.434,56.0,30.0,25.0,76.0,89.5,53.4,52.6,73.4,79.8,30.0,50.0,1712.6554328279262
The Philippines,PHL,2008,77.7622,0.737800589215242,181624626327.361,4.34448730509183,8.26044703595725,68.643,92699095,78.008903503418,3.72,56.0,30.0,25.0,75.8,90.2,53.1,52.9,73.8,78.8,30.0,50.0,1959.2923353497788
The Philippines,PHL,2009,78.6456,1.17324821246427,175974755881.372,1.44832306275669,4.21903052064628,68.631,94384250,80.1762771606445,3.858,56.8,30.0,25.0,75.4,90.8,49.3,51.4,77.2,78.6,40.0,50.0,1864.450434064709
The Philippines,PHL,2010,84.9688,0.513698049517659,208368893151.144,7.33449996034538,3.78983634797591,68.883,96337125,,3.605,56.3,30.0,23.0,78.8,91.2,48.1,51.9,72.7,77.8,40.0,50.0,2162.913758856142
The Philippines,PHL,2011,84.5875,0.856963002985963,234216730291.32,3.85823282795663,4.7184170471842,69.096,98248614,,3.592,56.2,30.0,24.0,78.8,91.0,43.4,50.7,76.3,77.8,40.0,50.0,2383.918925220869
The Philippines,PHL,2012,89.5021,1.22763000703119,261920540962.63,6.89695171050985,3.02696391124796,69.237,100175512,,3.504,57.1,30.0,24.0,79.1,89.7,54.3,51.7,77.1,75.5,40.0,50.0,2614.6164440130838
The Philippines,PHL,2013,97.4869,1.31642638378197,283902828588.718,6.75053130142255,2.58268766141795,69.283,102076336,,3.497,58.2,30.0,26.0,79.3,90.2,53.1,51.0,76.6,75.5,50.0,50.0,2781.2795767739744
The Philippines,PHL,2014,104.0134,1.92937522802216,297483555338.044,6.34798748260867,3.59782343864211,69.311,103767130,81.5640314318642,3.6,60.1,30.0,26.1,79.2,92.3,59.9,49.7,78.0,75.5,60.0,50.0,2866.838037614069
The Philippines,PHL,2015,113.1874,1.84018010717942,306445871242.322,6.34830971672761,0.674192536845408,69.45,105312992,82.0085254812081,3.068,62.2,30.0,36.0,79.1,89.3,55.3,58.2,78.8,75.4,60.0,60.0,2909.8581801030023
The Philippines,PHL,2016,121.2972,2.59850803494211,318627003016.731,7.14945675000752,1.25369880080982,69.49,106735719,82.7837574272484,2.695,63.1,30.0,38.0,79.0,89.6,63.0,57.1,77.7,76.4,60.0,60.0,2985.1956402404617
The Philippines,PHL,2017,135.646,3.12238778404896,328480736802.76,6.9309883258402,2.85318772590947,69.966,108119693,80.9227600097656,2.552,65.6,49.2,38.7,78.9,89.4,62.6,57.2,80.6,76.4,60.0,60.0,3038.1212495928935
The Philippines,PHL,2018,141.3358,2.86833826070497,346841896587.313,6.34148557153473,5.30934661627707,69.761,109465287,79.3622469757001,2.338,65.0,45.0,34.4,78.9,89.3,62.6,57.6,76.3,80.7,60.0,60.0,3168.5103660972723
The Philippines,PHL,2019,147.9244,2.30117498598294,376823402239.136,6.11852566221303,2.39206534422404,69.68,110804683,85.3821865979599,2.237,63.8,48.7,30.9,76.9,88.7,61.3,57.9,69.6,78.2,60.0,60.0,3400.7894976707435
The Philippines,PHL,2020,136.3845,1.88586363211171,361751145451.597,-9.51829474045297,2.3931623931624,70.097,112081264,87.9419879481158,2.522,64.5,54.6,38.7,76.7,87.9,59.5,57.4,66.9,81.6,60.0,60.0,3227.579102351995
The Philippines,PHL,2021,145.6114,3.04078855310045,394087359848.11,5.71473313185116,3.92718022100332,66.675,113100950,85.8666475631511,3.398,64.1,57.0,40.6,76.8,87.4,58.2,57.7,68.7,74.2,60.0,60.0,3484.3859388281885
The Philippines,PHL,2022,151.7004,2.3475097233369,404353369604.631,7.58098212785563,5.82115811213955,69.472,113964338,92.291271176651,2.598,61.1,47.1,34.7,76.8,84.2,61.5,58.0,69.4,73.8,60.0,60.0,3548.0693057211543
The Philippines,PHL,2023,162.4527,2.04210354820336,437055627245.138,5.51894967856043,5.97802515541409,69.833,114891199,91.5493424610693,2.2,59.3,46.4,25.8,78.3,81.3,66.1,57.5,68.3,74.4,60.0,60.0,3804.0827413171833
The Philippines,PHL,2024,174.1143,2.03571882251572,461671157904.74,5.71474526128652,3.21260487006347,69.946,115843670,85.2945085684493,2.202,59.0,46.1,33.8,78.2,79.2,69.7,57.8,65.8,74.4,60.0,60.0,3985.294646697053
The Philippines,PHL,2025,,,487086123720.417,4.40240158710621,1.6587364525509,,116786962,,2.235,60.6,47.4,35.3,79.1,79.9,69.1,57.7,69.8,79.2,60.0,60.0,4170.723472714505
Timor-Leste,TLS,2001,0.2656,,477359300.0,16.3476940466477,,58.772,812249,41.3206901550293,3.386,,,,,,,,,,,,587.7006927678582
Timor-Leste,TLS,2002,0.2492,,469455500.0,-6.70069541098115,,59.477,879159,44.7095603942871,3.371,,,,,,,,,,,,533.9824764348656
Timor-Leste,TLS,2003,0.2639,0.921419193534936,490439100.0,-2.18226413236545,7.16515891441839,60.13,916878,46.5835189819336,3.54,,,,,,,,,,,,534.9011536976566
Timor-Leste,TLS,2004,0.5158,,440772000.0,0.400003981151968,3.23751394003321,60.743,929074,57.962100982666,3.668,,,,,,,,,,,,474.42076734468947
Timor-Leste,TLS,2005,0.3496,0.196422854275009,462268000.0,2.98457963807486,1.11167400387198,61.272,948311,59.4707984924316,3.611,,,,,,,,,,,,487.46455540429247
Timor-Leste,TLS,2006,0.3409,1.86827378816856,453792400.0,-4.11609268942114,3.93616259929866,61.881,976597,,3.634,,,,,,,,,,,,464.66700184415885
Timor-Leste,TLS,2007,0.3133,1.60190408547442,542795400.0,10.2653884542201,10.3009020174895,62.396,1004889,,3.523,,,,,,,,,,,,540.1545842376621
Timor-Leste,TLS,2008,0.3109,6.1212839058885,648523600.0,11.3948048266465,9.06423621948942,62.858,1032429,57.0646095275879,3.434,,,,,,,,,,,,628.1532192528493
Timor-Leste,TLS,2009,0.3372,6.5968162145372,726937800.0,10.1469544183475,0.669681185965433,63.265,1058782,67.0938568115234,3.289,50.5,20.0,26.0,64.7,84.0,47.0,66.0,74.1,73.0,30.0,20.0,686.579295832381
Timor-Leste,TLS,2010,0.3344,3.43944743183908,881909300.0,9.33149490201264,6.76597680236481,63.66,1084679,68.3026309590313,3.301,45.8,20.0,22.0,64.7,54.1,46.2,65.6,72.5,73.0,20.0,20.0,813.0601772505967
Timor-Leste,TLS,2011,0.3708,4.70566334584962,1042534600.0,5.95855605611087,13.499840238577,64.022,1110207,70.1640602638495,3.385,42.8,20.0,22.0,64.7,0.0,44.2,76.5,78.1,73.0,30.0,20.0,939.0452411126934
Timor-Leste,TLS,2012,0.6288,3.47958036025867,1160555000.0,4.86062186827468,11.8003096701544,64.384,1134885,70.0278421982138,3.47,43.3,20.0,25.0,64.7,0.0,43.1,75.1,77.4,73.0,35.0,20.0,1022.6190318842878
Timor-Leste,TLS,2013,0.7585,4.00200681164531,1395727400.0,3.10436683211147,11.0849085109954,64.719,1158695,67.8276665960217,3.57,43.7,20.0,24.0,64.7,0.0,44.8,81.2,69.3,73.0,40.0,20.0,1204.5684153293143
Timor-Leste,TLS,2014,0.7441,2.3422913323763,1447535200.0,4.47249846569638,0.726275016139465,65.027,1181903,69.3739464182596,3.618,43.2,20.0,25.4,64.7,0.0,45.4,79.2,68.3,64.4,45.0,20.0,1224.7495775880084
Timor-Leste,TLS,2015,0.6952,2.70363930330864,1590282400.0,2.48004040218397,0.552796026277853,65.326,1205131,72.9840325557506,3.678,45.5,20.0,30.0,64.7,0.0,59.8,72.0,68.7,79.6,40.0,20.0,1319.592973709912
Timor-Leste,TLS,2016,0.6609,0.33397246121617,1640464600.0,3.00993062553351,-1.33853876185163,65.61,1228312,77.3856943732818,4.657,45.8,20.0,28.0,64.7,0.0,68.0,66.0,70.9,80.0,40.0,20.0,1335.5439008981432
Timor-Leste,TLS,2017,0.6218,0.42375096203898,1584878400.0,-3.18241522489195,0.557215537430361,65.898,1251703,81.1665700933061,4.254,46.3,6.8,29.2,64.7,65.6,72.2,63.9,77.5,80.0,45.0,20.0,1266.177679529409
Timor-Leste,TLS,2018,0.6666,3.08007812980224,1555988600.0,-0.466502170658785,2.63647201015892,66.204,1275959,83.0952419040915,3.765,48.1,29.9,32.0,97.4,30.9,66.9,62.7,78.4,80.0,45.0,20.0,1219.4659859760384
Timor-Leste,TLS,2019,0.7283,-7.79447350305257,2032550400.0,24.2128840085001,0.958812739703141,66.496,1300945,85.1248242560832,3.148,44.2,29.7,32.1,96.3,0.9,60.5,58.8,79.5,75.0,45.0,20.0,1562.3645888181284
Timor-Leste,TLS,2020,0.6794,-16.2053007941191,2162619200.0,31.7257416721413,0.495499215459571,66.919,1326053,84.7410404382553,2.808,45.9,45.2,32.5,96.3,5.3,64.0,58.9,76.5,75.0,45.0,20.0,1630.8693543923207
Timor-Leste,TLS,2021,0.7107,-6.5936436488535,3625024300.0,5.36980119392668,3.69792094666786,66.199,1350139,,2.344,44.7,37.2,37.4,91.7,0.0,62.2,53.4,79.7,75.0,45.0,20.0,2684.9267371729875
Timor-Leste,TLS,2022,0.6946,1.67248574731989,3208599900.0,-20.5224802314812,7.00530945399787,67.368,1369295,,1.537,46.3,30.8,38.2,97.6,0.0,57.9,56.2,79.5,75.0,45.0,20.0,2343.249555428158
Timor-Leste,TLS,2023,0.6644,5.87499260731956,2079767200.0,-18.1359049134472,8.42035103310377,67.689,1384286,,1.525,47.2,38.2,36.3,97.5,0.0,58.4,56.5,74.6,79.9,45.0,20.0,1502.4114958903
Timor-Leste,TLS,2024,0.6994,12.0853687045097,1865608515.41321,-9.10069289810397,2.06284153005468,67.904,1400638,,1.523,50.2,39.9,44.3,97.9,29.5,63.8,56.4,70.0,80.0,45.0,20.0,1331.970513018503
Timor-Leste,TLS,2025,,,1902180257.82737,6.97538939119629,0.428322848346937,,1418517,,1.592,47.9,41.5,44.1,97.3,0.0,65.6,57.2,67.5,80.0,45.0,20.0,1340.964019343702
Togo,TGO,2001,1.1264,3.46872208576776,2093498674.49678,0.823438752111855,3.91959133653146,54.757,4904144,34.4402694702148,4.108,45.3,30.0,10.0,54.2,93.3,40.0,,78.9,61.0,30.0,10.0,426.8836058844887
Togo,TGO,2002,1.199,2.39840389095673,2410199032.43102,3.82662257675142,3.05981857535884,55.044,5027130,38.4870300292969,4.087,45.2,30.0,10.0,54.3,89.2,40.0,,82.7,61.0,30.0,10.0,479.43837386958756
Togo,TGO,2003,1.4374,1.53192291487705,2987984050.99318,6.72017142336034,-0.930000884072214,55.312,5154112,40.5968894958496,3.957,46.8,30.0,10.0,52.3,88.9,40.0,,78.9,61.0,30.0,30.0,579.7281958547234
Togo,TGO,2004,1.378,2.50559738999836,3191561508.69088,-0.978665332738743,0.393078681031669,55.608,5281320,41.9863700866699,3.992,47.0,30.0,10.0,52.4,92.0,40.0,,78.7,59.8,30.0,30.0,604.311329116751
Togo,TGO,2005,1.3112,2.97971035930976,3221910408.46516,-4.66629938413338,6.78292893028314,55.931,5413154,44.2280082702637,4.149,48.2,30.0,10.0,52.2,94.9,40.0,46.9,85.8,62.0,30.0,30.0,595.2002120141344
Togo,TGO,2006,1.2217,2.75216144371014,3320907721.74508,2.65013209943473,2.22897779414027,56.154,5569664,46.0299682617188,4.229,47.3,30.0,10.0,49.7,94.4,37.3,48.3,86.5,57.0,30.0,30.0,596.249203137762
Togo,TGO,2007,1.2179,1.65977178667302,3759962853.26476,-1.1751368996605,0.945673271705214,56.395,5748443,42.7597885131836,3.822,49.7,30.0,30.0,54.7,92.0,37.5,47.8,76.5,68.4,30.0,30.0,654.0836976664394
Togo,TGO,2008,1.5891,1.11146694137374,4578847112.70688,4.03561315398862,8.69482814363902,56.663,5936138,,3.279,48.9,30.0,24.0,53.9,88.8,36.4,48.3,78.2,69.2,30.0,30.0,771.3511904047513
Togo,TGO,2009,2.7107,0.980635149082811,4721888275.26937,5.45381096920332,3.71360592035809,56.94,6130946,,2.847,48.7,30.0,23.0,53.7,86.6,36.6,44.7,81.5,70.6,30.0,30.0,770.172869777253
Togo,TGO,2010,2.525,2.63493273204289,4746386893.22553,5.85433399076879,1.44594517430864,57.24,6325788,,2.379,47.1,30.0,27.0,56.2,86.0,36.8,43.3,74.5,62.8,25.0,30.0,750.3234210861208
Togo,TGO,2011,2.3171,13.4388023170829,5422439152.10906,5.82325622135289,3.5635147290396,57.624,6500582,52.7706298828125,1.982,49.1,30.0,28.0,68.1,88.6,36.8,43.7,78.1,62.2,25.0,30.0,834.14671980279
Togo,TGO,2012,2.2462,2.24458540176674,5413541649.14901,6.30271426865185,2.57718174055848,57.953,6653718,,2.029,48.3,30.0,24.0,68.6,85.6,34.8,45.2,78.3,61.7,25.0,30.0,813.6115250374316
Togo,TGO,2013,1.9314,3.04894540679557,6021729629.82454,5.82425069283059,1.82539475909162,58.356,6798848,,2.084,48.8,30.0,24.0,68.5,81.6,39.9,44.2,78.5,56.7,35.0,30.0,885.6985227239292
Togo,TGO,2014,1.7347,0.844950465027458,6393314707.85456,5.63323739145223,0.19087507624975,58.776,6937644,,2.141,49.9,30.0,23.8,69.7,82.4,43.3,42.8,79.3,62.8,35.0,30.0,921.5397486314605
Togo,TGO,2015,1.546,4.48026975109969,5755457836.01866,5.4680413807304,2.58500390801595,59.23,7071502,,2.204,53.0,30.0,29.0,69.7,78.1,51.9,43.4,80.4,67.8,50.0,30.0,813.8946769750838
Togo,TGO,2016,2.1279,-0.76275824996834,6071167584.1951,4.21490387414525,1.28544847051417,59.677,7200884,,2.968,53.6,30.0,29.0,68.7,80.4,51.4,46.2,79.5,71.2,50.0,30.0,843.1142043386756
Togo,TGO,2017,1.6554,1.38645400988561,6387424239.8801,4.00791259566937,-0.981889868943119,60.145,7324386,60.769472220228,3.744,53.2,33.8,36.8,68.2,79.8,50.3,46.2,77.5,71.3,60.0,30.0,872.0764088457518
Togo,TGO,2018,1.9363,-2.57457902571647,7029215766.46367,4.79518333086139,0.927755426457183,60.608,7458206,,2.9,47.8,32.7,31.4,64.3,73.3,49.7,45.2,78.5,67.2,65.0,30.0,942.4807743931543
Togo,TGO,2019,2.1053,4.94352054229764,6992942458.99419,4.91949260488683,0.674652770077525,61.061,7619925,,2.036,50.3,35.5,28.1,67.8,77.0,50.4,46.7,79.1,69.4,65.0,30.0,917.7180167776179
Togo,TGO,2020,2.4218,-0.79089727996859,7486031561.86885,2.15900131150536,1.69928463299399,61.14,7788054,,2.231,54.1,41.6,31.2,67.5,78.6,55.0,46.9,79.5,63.2,65.0,30.0,961.2197812019343
Togo,TGO,2021,2.534,-1.59478801736582,8541668141.26198,5.13562929064506,4.1862150652352,61.337,7936176,63.0669365853803,2.344,57.5,44.5,32.2,68.0,84.8,60.6,47.1,79.7,65.4,60.0,30.0,1076.2952007694864
Togo,TGO,2022,2.6044,-2.00429827129667,8646453099.4124,6.29443692019429,7.96757361617945,62.292,8068616,,1.965,57.2,36.8,28.8,68.7,88.9,51.5,54.5,77.3,65.6,60.0,30.0,1071.6153922075855
Togo,TGO,2023,2.5313,0.820060116117922,9723300576.72675,6.19762969378132,5.48928568141131,62.74,8223850,63.4192515229188,1.942,55.3,35.8,36.8,70.2,87.1,51.2,51.9,73.4,67.2,60.0,30.0,1182.3295143669632
Togo,TGO,2024,2.6276,0.786914262545951,10643440332.2445,6.52651376797853,2.86262074089801,62.935,8406558,,1.948,50.9,36.6,27.5,69.6,83.0,51.2,51.9,69.1,65.0,60.0,40.0,1266.0877772144675
Togo,TGO,2025,,,11889949067.4697,6.31032671625633,0.433183451279109,,8591626,,1.995,52.3,37.0,31.6,70.5,81.6,59.9,51.9,69.8,66.8,60.0,40.0,1383.8997492988753
Tonga,TON,2001,0.0947,4.21200124520251,181117230.406546,1.49248125545273,8.29028318850332,69.8,103288,97.5217514038086,4.368,,,,,,,,,,,,1753.5166757662653
Tonga,TON,2002,0.1046,2.56728501801885,182764280.828501,4.4292235994526,10.3590607918507,70.03,103874,101.04744720459,4.683,,,,,,,,,,,,1759.4805324576023
Tonga,TON,2003,0.1255,0.0901243029612134,202246591.215502,0.0518054450729011,11.6386219580734,70.228,104464,109.53938293457,5.18,,,,,,,,,,,,1936.0410401238896
Tonga,TON,2004,0.1118,2.39886931834874,230678011.42199,-1.96794740326561,10.9734053679554,70.433,105071,97.9341201782227,3.878,,,,,,,,,,,,2195.448900476725
Tonga,TON,2005,0.1212,2.29371409620501,261823805.433238,-0.657650703495165,8.66569221131751,70.56,105671,,2.542,,,,,,,,,,,,2477.72620144825
Tonga,TON,2006,0.1331,3.75983551599556,292232703.306768,-2.16566342680382,6.14911606456568,70.71,106253,97.8654708862305,1.09,,,,,,,,,,,,2750.3477860085645
Tonga,TON,2007,0.1142,5.89035555053906,298519623.342085,-2.46430779100223,5.8422487490138,70.887,106726,102.244041442871,1.21,,,,,,,,,,,,2797.06560109144
Tonga,TON,2008,0.1237,6.24719241143554,344438844.333518,4.86284132376997,10.4469875128223,71.041,107020,103.846702575684,1.279,,,,,,,,,,,,3218.453039931957
Tonga,TON,2009,0.1308,0.0790635732994994,312415028.446113,-5.12917819150532,1.42685972070539,70.949,107203,104.440650939941,1.419,54.1,20.0,17.0,82.5,58.0,79.0,99.4,68.9,56.0,40.0,20.0,2914.237740045642
Tonga,TON,2010,0.1262,1.27041874988286,366887374.989696,0.824396914081831,3.53491239189831,71.319,107400,105.640548706055,1.501,53.4,20.0,24.0,82.8,70.8,78.2,93.7,63.5,56.2,25.0,20.0,3416.0835660120674
Tonga,TON,2011,0.12,1.8451444721178,414143828.494419,6.70369746238768,6.27075302995692,71.437,107570,107.053398132324,1.594,55.8,25.0,30.0,83.1,73.2,77.4,92.1,71.1,56.2,30.0,20.0,3849.9937575013387
Tonga,TON,2012,0.1182,-0.178618753397925,471122971.305043,0.919761024923076,1.14753853706055,71.546,107460,94.5147705078125,1.638,57.0,25.0,30.0,85.9,62.2,77.5,92.1,72.1,75.3,30.0,20.0,4384.170587242164
Tonga,TON,2013,0.1194,1.38770980540009,451788498.263614,0.393922530137331,0.77562932236742,71.65,107078,95.4586410522461,1.75,56.0,20.0,31.0,87.1,64.7,76.6,84.4,71.1,75.6,30.0,20.0,4219.246701130148
Tonga,TON,2014,0.1318,3.00261122409292,440997734.928723,1.99053769890816,2.51087633253696,71.721,106609,96.7714748784441,1.914,58.2,20.0,28.6,86.7,74.8,74.6,91.2,71.3,79.5,35.0,20.0,4136.590108984447
Tonga,TON,2015,0.1347,3.37347751536217,437525538.903019,1.11374402398066,-1.05399831971283,71.851,106095,103.261224756552,2.022,59.3,20.0,28.6,87.2,79.0,74.1,92.1,73.5,78.4,40.0,20.0,4123.903472388133
Tonga,TON,2016,0.1432,3.95057720592388,420828254.541601,6.59869879417958,2.57815515245081,71.951,105524,,2.048,59.6,25.0,28.6,86.9,76.3,76.4,86.1,77.4,79.6,40.0,20.0,3987.9861883704275
Tonga,TON,2017,0.1549,-3.40708332363142,459976847.108128,3.20231976224244,7.51706283551116,72.066,105356,,2.137,63.0,65.5,47.6,86.9,74.4,76.1,86.0,80.6,79.7,40.0,20.0,4365.9292978864805
Tonga,TON,2018,0.1474,4.70301153504077,493530766.930564,0.527828083180253,5.03209691984883,72.169,105567,,2.248,63.1,62.1,40.5,85.4,68.7,75.5,86.4,78.3,78.6,40.0,20.0,4675.047760479733
Tonga,TON,2019,0.1655,-1.20711455147001,506031247.606648,-0.285210784299821,1.17954334821801,72.292,105669,96.0933090863485,2.165,57.7,59.2,38.1,85.5,40.9,75.3,69.9,69.4,73.6,40.0,20.0,4788.83350468584
Tonga,TON,2020,0.1865,0.75496647808531,506571486.576395,1.80618715298932,-0.349737696727419,72.379,105704,90.4639980016237,2.712,58.8,60.9,44.2,85.2,42.8,75.0,69.8,71.4,74.0,40.0,20.0,4792.358724139058
Tonga,TON,2021,0.2065,0.0497755463114463,519306339.3498,-0.934919892094683,5.64051140636743,72.13,105490,106.143896523848,2.111,57.5,48.1,44.6,84.8,53.7,70.0,69.9,66.4,73.4,40.0,20.0,4922.801586404398
Tonga,TON,2022,0.1614,0.523176247000647,556514556.392844,-2.12854876486114,10.9713652903022,72.635,105042,96.996718063038,2.002,60.8,64.2,40.5,85.4,54.6,58.7,55.8,71.9,73.4,40.0,20.0,5298.019424542982
Tonga,TON,2023,0.1618,0.44357393519288,591139733.623755,2.79014715494606,6.35112980255182,72.895,104597,91.8606656320055,1.652,60.0,64.6,68.8,85.4,46.5,55.7,56.1,72.7,71.9,40.0,20.0,5651.59357939286
Tonga,TON,2024,0.1698,-1.86561431411564,647488243.847291,1.71653807667747,3.18188924237472,73.07,104175,92.4258049730721,1.965,59.2,63.0,44.9,85.4,40.1,59.7,56.4,64.4,71.8,40.0,20.0,6215.389909741214
Tonga,TON,2025,,,679218218.578017,2.79999999999998,5.59276642101027,,103742,,2.008,58.5,67.9,45.8,84.9,28.9,59.5,56.6,61.0,75.4,40.0,20.0,6547.186468142286
Trinidad and Tobago,TTO,2001,21.731,9.46078540845564,8824849191.03571,4.16852398185424,5.536653263223,68.874,1325567,,10.88,71.8,70.0,50.0,70.9,76.5,70.0,,82.4,66.8,90.0,70.0,6657.414669372208
Trinidad and Tobago,TTO,2002,23.4966,11.1874626530467,9008298228.60273,7.93670968715332,4.1500586166472,69.232,1332011,,10.39,70.1,70.0,53.0,71.6,76.5,70.0,,82.8,66.8,70.0,70.0,6762.9308080809615
Trinidad and Tobago,TTO,2003,27.1427,7.14964286416839,11305459802.0683,14.4409895389734,3.8111062439687,69.454,1338709,,10.48,68.8,70.0,53.0,72.4,81.8,70.0,,81.1,51.0,70.0,70.0,8445.046535183
Trinidad and Tobago,TTO,2004,28.9004,7.51564800520554,13280291989.5755,7.95005151069972,3.72154938995965,69.879,1345380,84.2731094360352,8.33,71.3,70.0,49.0,71.7,83.1,70.0,,81.7,75.8,70.0,70.0,9871.034198200881
Trinidad and Tobago,TTO,2005,35.0199,5.87959659171048,15982389018.4041,6.20893787954175,6.87453459583516,70.185,1294494,,7.95,71.5,70.0,46.0,73.7,80.2,70.0,79.0,77.3,79.2,70.0,70.0,12346.43730940746
Trinidad and Tobago,TTO,2006,38.5543,4.80528416565147,18369361094.3886,13.2080586051735,8.32960351465347,70.437,1297944,,6.27,70.4,70.0,42.0,76.5,81.1,62.7,79.2,77.7,75.2,70.0,70.0,14152.66074221122
Trinidad and Tobago,TTO,2007,39.4233,3.83520271627024,21641620049.9352,4.75420970092722,7.89438834757299,70.797,1303188,,5.54,70.6,70.0,38.0,82.0,80.6,62.7,78.9,74.7,79.0,70.0,70.0,16606.675360681038
Trinidad and Tobago,TTO,2008,38.6523,10.0489432656806,27871587349.5413,3.39173707807387,12.0303445477177,71.117,1308587,,4.63,69.5,65.0,32.0,81.0,81.7,65.0,79.1,72.6,79.0,70.0,70.0,21298.99452580631
Trinidad and Tobago,TTO,2009,37.4346,3.69859111717232,19172165225.5015,-4.3917292474614,6.97808725251547,71.404,1310106,,5.28,68.0,60.0,34.0,79.7,75.6,60.1,78.3,72.2,79.8,70.0,70.0,14634.056500391189
Trinidad and Tobago,TTO,2010,41.0228,2.47947454143897,22157920592.3669,3.32322471027371,10.5492003179988,71.809,1317714,,4.033,65.7,50.0,36.0,80.8,72.3,59.0,78.0,69.3,81.7,60.0,70.0,16815.42473736099
Trinidad and Tobago,TTO,2011,41.2563,0.161394418487235,25433007437.1605,-0.294354409043763,5.1071328926456,72.232,1328019,,3.425,66.5,50.0,36.0,83.7,75.8,58.4,77.1,71.8,81.7,60.0,70.0,19151.087022972188
Trinidad and Tobago,TTO,2012,38.0759,-7.01485652796411,27147349937.4689,6.71074625448722,9.26028137068292,72.513,1335194,,3.718,64.4,50.0,36.0,85.5,65.1,60.1,77.3,70.1,69.9,60.0,70.0,20332.138953192494
Trinidad and Tobago,TTO,2013,37.331,-3.95638927717075,28560537057.1548,3.36819291689019,5.19981740465611,72.785,1340557,,2.683,62.3,50.0,32.0,84.9,60.4,55.1,76.7,73.7,69.9,60.0,60.0,21304.977749662863
Trinidad and Tobago,TTO,2014,37.2008,2.24404378789224,29474180005.1333,3.67086851032413,5.68441814595659,72.898,1345343,,2.477,62.7,50.0,34.0,84.8,62.5,59.4,76.4,71.7,78.6,60.0,50.0,21908.301455564342
Trinidad and Tobago,TTO,2015,36.7586,0.658801127950337,26841141793.2143,-0.406283288730492,4.66121598098264,72.882,1349667,,2.428,64.1,50.0,38.0,79.0,69.3,65.3,76.6,74.3,78.6,60.0,50.0,19887.232771649822
Trinidad and Tobago,TTO,2016,33.7186,-0.0998893521188151,23624322192.6274,-7.53636305379372,3.07066742464024,72.935,1353895,,3.207,62.9,50.0,38.0,79.4,62.3,69.5,72.8,68.5,78.6,60.0,50.0,17449.153880195583
Trinidad and Tobago,TTO,2017,32.5451,-1.97594519661626,23830750900.6899,-4.87274946918724,1.88038440183532,72.984,1356633,,3.389,61.2,54.7,36.8,81.4,57.7,67.7,71.4,75.9,78.6,60.0,50.0,17566.099970065523
Trinidad and Tobago,TTO,2018,32.6228,-2.93172548825317,23883058083.2171,-0.945449700943314,1.01856930188822,72.658,1359193,,3.497,57.7,54.9,33.1,83.5,54.4,68.3,74.5,77.4,73.5,60.0,50.0,17571.498737278
Trinidad and Tobago,TTO,2019,33.2231,0.783604895019003,23477745791.6977,0.467734528855885,1.00054293027237,72.836,1363985,,3.523,57.0,52.3,32.9,82.3,61.9,67.8,75.6,75.1,68.4,60.0,50.0,17212.612889216303
Trinidad and Tobago,TTO,2020,29.8017,5.0552618910961,20888515184.2239,-8.78879817831519,0.598986330824643,72.645,1366725,,4.206,58.3,56.6,37.4,82.6,66.5,67.3,76.0,77.4,67.8,60.0,50.0,15283.627053155462
Trinidad and Tobago,TTO,2021,28.6842,-3.85907284846354,24222963262.7213,-0.716740625909793,2.05922746915458,71.111,1367558,,4.446,59.0,52.4,36.4,79.5,70.9,66.5,76.8,83.4,68.8,60.0,50.0,17712.567410465443
Trinidad and Tobago,TTO,2022,28.4989,4.1369722626234,28341164301.126,0.86126082651883,5.82838638517959,73.331,1365805,,4.383,58.8,58.8,44.2,79.1,69.0,60.9,57.4,84.6,68.8,60.0,50.0,20750.52024346521
Trinidad and Tobago,TTO,2023,26.9495,-5.98486458707791,25036993423.3664,1.46645947294053,4.62930242419968,73.49,1367510,92.9377899169922,3.361,59.5,58.1,59.9,80.3,68.5,64.5,64.8,83.0,66.9,60.0,50.0,18308.45362985748
Trinidad and Tobago,TTO,2024,26.7934,-1.76782828873977,25633544529.4849,2.50920813979569,0.526884625776839,73.617,1368333,95.6815649255588,3.318,60.4,58.1,44.8,79.9,69.6,76.0,60.4,76.7,68.6,60.0,50.0,18733.41104064939
Trinidad and Tobago,TTO,2025,,,25942749718.4685,-0.787768572727643,0.994489987904821,,1367764,,3.329,63.6,58.3,44.7,79.5,74.5,72.6,60.4,76.3,67.6,50.0,40.0,18967.270463668072
Tunisia,TUN,2001,22.0123,2.04621697501891,22065832448.8623,3.79627166202512,1.98333333333337,72.822,9869677,74.8093338012695,14.4,60.8,50.0,50.0,68.7,58.9,70.0,,84.2,45.2,70.0,50.0,2235.7198162475124
Tunisia,TUN,2002,21.7773,3.41507220577273,23141616604.5242,1.32255714828946,2.72103284850455,73.07,9971515,76.4910736083984,14.55,60.2,50.0,52.0,68.8,69.3,70.0,,84.3,27.2,70.0,50.0,2320.772380578498
Tunisia,TUN,2003,21.5652,1.96504647635127,27453902261.4629,4.70239953285241,2.71259247474352,73.304,10071632,76.0593566894531,14.51,58.1,50.0,53.0,68.8,67.9,70.0,,85.4,27.4,50.0,50.0,2725.864314885899
Tunisia,TUN,2004,22.8155,1.89888949723214,31183885241.4396,6.23579072222647,3.63228004956625,73.519,10166163,80.0033264160156,14.23,58.4,50.0,48.0,70.8,69.3,70.0,,84.9,32.4,50.0,50.0,3067.4193637697526
Tunisia,TUN,2005,23.4473,2.20844919497596,32272186694.8043,3.4865455430439,2.01778641357144,73.712,10255472,83.4392318725586,12.872,55.4,50.0,49.0,70.9,76.8,70.0,62.7,84.7,30.2,30.0,30.0,3146.8260743927044
Tunisia,TUN,2006,24.238,9.42473369729129,34376664600.5898,5.24409983246916,3.22525337438917,73.888,10346410,85.9542694091797,12.51,57.5,50.0,50.0,73.3,77.8,80.3,61.7,83.5,38.6,30.0,30.0,3322.5693357009627
Tunisia,TUN,2007,24.9827,3.89395159860218,38915353866.757,6.70952097453554,2.96694432477349,74.039,10441702,89.6093063354492,12.365,60.3,50.0,49.0,73.3,78.5,78.9,61.0,80.1,71.8,30.0,30.0,3726.91672935667
Tunisia,TUN,2008,25.4277,5.79738619600755,44859439902.2191,4.23778147502819,4.34502807623045,74.192,10542635,91.0540390014648,12.444,60.1,50.0,46.0,76.4,77.1,80.1,62.3,77.6,71.8,30.0,30.0,4255.050080195236
Tunisia,TUN,2009,25.3652,3.50988118042442,43455740497.3061,3.04345012371552,3.66490330642919,74.32,10650681,88.8368377685547,13.29,58.0,50.0,42.0,76.5,78.3,81.6,60.1,78.4,53.0,30.0,30.0,4080.090324487805
Tunisia,TUN,2010,27.731,2.88814231758981,46206091937.9628,2.97113275066512,3.33897963601069,74.438,10765980,88.1112289428711,13.049,58.9,50.0,44.0,74.4,78.5,80.2,67.4,76.5,53.5,35.0,30.0,4291.861208915751
Tunisia,TUN,2011,26.2639,0.899077534980039,48123325825.0739,-2.04663389535644,3.24002842009531,74.471,10886035,89.3414688110352,18.334,58.5,50.0,42.0,73.7,77.6,80.2,65.7,77.3,53.5,35.0,30.0,4420.6477220653705
Tunisia,TUN,2012,28.2414,3.28518933963283,47311401812.6733,4.21667711535632,4.6118443220664,74.599,11009647,,17.63,58.6,40.0,43.0,74.8,71.5,82.9,74.1,76.9,58.1,35.0,30.0,4297.267824542721
Tunisia,TUN,2013,28.219,2.1744128074392,48685446413.953,2.42993096446429,5.31623531326689,74.674,11141361,87.2357025146484,15.934,57.0,40.0,38.0,74.5,63.7,82.8,70.1,77.8,58.1,35.0,30.0,4369.793458263583
Tunisia,TUN,2014,30.2046,2.03842746868013,50271812920.612,3.09032803070775,4.62555099534031,74.784,11274288,84.9663467407227,14.259,57.3,40.0,39.2,74.3,63.8,80.7,72.6,75.9,61.8,35.0,30.0,4458.978954645473
Tunisia,TUN,2015,30.7211,2.11999260597179,45779494041.9295,0.967834205635981,4.437371273215,74.875,11402264,85.7816009521484,15.159,57.7,40.0,41.0,74.3,70.8,81.2,69.1,74.8,61.2,35.0,30.0,4014.947736864319
Tunisia,TUN,2016,29.8618,1.40344558640993,44360072680.4476,1.117231963992,3.62939937384381,75.007,11528674,90.3264236450195,15.557,57.6,40.0,40.0,74.0,73.4,81.3,64.0,75.6,62.2,35.0,30.0,3847.8035444880825
Tunisia,TUN,2017,30.2963,1.9233125677007,42163530590.9462,2.25261437620587,5.30884839565844,75.177,11650498,,15.33,55.7,49.6,37.3,73.7,73.4,80.6,56.1,75.9,63.8,35.0,30.0,3619.0324731995315
Tunisia,TUN,2018,30.1881,2.32248034984414,42686504459.801,2.60696965356362,7.30759176031652,75.37,11765514,,15.459,58.9,49.4,36.8,73.0,75.5,81.4,52.9,77.2,82.1,45.0,30.0,3628.103664642361
Tunisia,TUN,2019,30.2451,1.94487649950903,41905642418.825,1.55009304966742,6.72007532863799,75.599,11875081,,17.153,55.4,49.2,36.6,74.4,74.4,76.7,50.3,76.0,71.4,45.0,30.0,3528.8721330679764
Tunisia,TUN,2020,28.7185,1.46634304906862,42491780918.361,-8.97512622934723,5.63415115897625,75.004,11974057,,17.651,55.8,56.4,39.7,74.2,73.1,78.1,49.8,73.9,66.4,45.0,30.0,3548.653636638025
Tunisia,TUN,2021,31.0178,1.16289301361367,47073234359.1819,4.73603648206102,5.706350208307,72.893,12048622,,16.632,56.6,53.9,42.0,71.7,71.1,80.7,49.7,73.6,66.8,45.0,30.0,3906.939263193907
Tunisia,TUN,2022,30.3588,1.43159199894021,44929920092.7955,2.75228761004381,8.30646124447623,76.05,12119334,,15.3,54.2,60.9,47.3,75.2,67.0,57.7,56.0,74.4,66.2,45.0,30.0,3707.2928341438155
Tunisia,TUN,2023,31.2092,1.46351333844229,48205328303.3398,0.184015548469745,9.32899597507865,76.508,12200431,,15.106,52.9,61.8,49.0,73.7,68.4,54.4,55.8,74.8,66.3,40.0,30.0,3951.1168337692166
Tunisia,TUN,2024,32.1799,1.47747574805229,51412122479.8468,1.61444564976986,7.20661657168794,76.711,12277109,,15.341,48.8,60.8,42.4,74.9,64.7,52.9,55.9,72.7,53.2,30.0,30.0,4187.640793923619
Tunisia,TUN,2025,,,57502836548.0878,2.49311010666248,5.15100197572676,,12348573,,15.108,49.1,59.3,41.3,79.4,63.1,56.8,56.0,71.3,56.2,30.0,30.0,4656.6381838685165
Turkmenistan,TKM,2001,40.2879,4.80936153099431,3534772732.39746,4.34384545203714,,65.325,4675409,,10.898,41.8,30.0,10.0,84.6,79.7,55.0,,51.9,25.0,30.0,10.0,756.0349762763985
Turkmenistan,TKM,2002,43.2202,6.18552665782493,4462029108.72349,0.257179997445405,,65.593,4769465,,10.141,43.2,30.0,10.0,85.1,81.3,55.0,,62.5,25.0,30.0,10.0,935.5408014784656
Turkmenistan,TKM,2003,48.1523,3.78088241730494,5977440582.80171,3.2688286670479,,65.854,4863865,,9.289,51.3,30.0,10.0,90.1,88.7,55.0,,63.3,85.0,30.0,10.0,1228.948702894038
Turkmenistan,TKM,2004,51.3238,5.17229951232728,6838351088.46688,5.00040735874585,,66.055,4958093,,8.419,50.7,30.0,10.0,89.9,80.8,55.0,,65.6,85.0,30.0,10.0,1379.2300968269212
Turkmenistan,TKM,2005,52.8983,5.16047701696434,8103901996.37024,13.0340347988606,,66.275,5052257,,7.495,47.6,10.0,10.0,89.9,90.8,55.0,30.0,68.3,81.6,30.0,10.0,1604.016184523123
Turkmenistan,TKM,2006,54.9589,7.11222302125938,10276674364.8961,10.9733082952862,,66.574,5147105,,6.601,43.8,10.0,20.0,90.8,88.7,30.0,30.0,69.4,79.2,10.0,10.0,1996.5931071730806
Turkmenistan,TKM,2007,60.7872,6.75922962962963,12664165103.1895,11.0592995865825,,67.02,5244046,,5.719,43.0,10.0,18.0,91.7,85.3,30.0,30.0,65.9,79.2,10.0,10.0,2414.960719869639
Turkmenistan,TKM,2008,61.9382,6.62635738831615,19271523178.8079,14.7000000144534,,67.584,5345029,,4.852,43.4,10.0,22.0,90.6,85.3,30.0,30.0,66.4,79.2,10.0,10.0,3605.5039512054846
Turkmenistan,TKM,2009,54.6299,22.5235632084151,20214385964.9123,6.10000001746145,,68.155,5451592,,4.0,44.2,10.0,20.0,90.9,93.6,30.0,30.0,68.0,79.2,10.0,10.0,3707.9785069961767
Turkmenistan,TKM,2010,61.6532,16.0841101892421,22583157894.7368,9.20000007329543,,68.608,5564356,,4.0,42.5,10.0,18.0,90.2,94.7,30.0,30.0,62.8,79.2,0.0,10.0,4058.539370007383
Turkmenistan,TKM,2011,66.14,11.6000011402509,29233333333.3333,14.7183120474814,,68.87,5683417,,4.003,43.6,10.0,18.0,93.6,95.5,30.0,30.0,69.6,79.2,0.0,10.0,5143.619293346468
Turkmenistan,TKM,2012,68.2977,8.90000000898042,35164210526.3158,11.0508311776258,,68.961,5808546,,3.994,43.8,10.0,16.0,98.4,93.5,30.0,30.0,71.0,79.2,0.0,10.0,6053.874846874898
Turkmenistan,TKM,2013,65.2746,7.30000002103605,39197543859.6491,10.1628450365084,,68.968,5939341,,3.993,42.6,5.0,16.0,94.0,91.7,30.0,30.0,70.6,79.2,0.0,10.0,6599.645290554811
Turkmenistan,TKM,2014,63.2168,8.8000010883235,43524210526.3158,10.3497353947965,,69.001,6075283,,4.005,42.2,5.0,13.4,95.2,93.0,30.0,30.0,65.9,79.2,0.0,10.0,7164.1453618400665
Turkmenistan,TKM,2015,67.9108,8.49997845154391,35799714285.7143,6.45254918531575,,69.061,6215770,,4.016,41.4,5.0,17.0,94.0,93.5,30.0,20.0,64.2,80.0,0.0,10.0,5759.497903834006
Turkmenistan,TKM,2016,67.2897,6.73339600135868,33313947368.4211,6.22909997062793,,69.142,6360041,,4.026,41.9,5.0,17.0,95.3,92.2,30.0,20.0,69.4,80.0,0.0,10.0,5238.008272025463
Turkmenistan,TKM,2017,72.1708,6.25428099410887,33352261306.5327,6.45138358820188,,69.19,6507061,,4.035,47.4,32.4,29.6,95.3,92.3,30.0,20.0,74.8,80.0,0.0,10.0,5125.549200558086
Turkmenistan,TKM,2018,74.2318,6.17076671493352,26036313868.6131,6.20602363832646,,69.272,6655524,,4.036,47.1,29.8,27.3,95.9,92.2,30.0,20.0,76.3,80.0,0.0,10.0,3911.9855729786414
Turkmenistan,TKM,2019,73.2506,6.24118562289562,29700000000.0,6.33169567608873,,69.405,6803944,84.1078318050495,4.035,48.4,31.6,20.3,95.9,92.0,30.0,20.0,73.4,76.0,10.0,10.0,4365.1152919541955
Turkmenistan,TKM,2020,76.8253,5.25123989729465,27350527267.6636,5.87065623130427,,68.846,6949912,86.8120225282998,4.489,46.5,20.1,21.4,95.9,93.1,30.0,20.0,68.7,74.2,10.0,10.0,3935.3774936522364
Turkmenistan,TKM,2021,95.4323,4.8884551850333,26334182093.7903,6.15115785574542,,69.353,7092043,89.9339065551758,4.458,47.4,27.7,22.0,92.6,93.2,30.0,20.0,72.8,74.2,10.0,10.0,3713.2011317176584
Turkmenistan,TKM,2022,101.2613,2.49053286789766,37583913148.2791,6.23491365071671,,69.913,7230193,92.451789855957,4.017,46.2,19.0,7.4,92.6,94.5,37.5,30.7,72.7,74.2,10.0,10.0,5198.189474095519
Turkmenistan,TKM,2023,94.7287,3.53230296866931,39020211239.6728,6.31879850268643,,70.073,7364438,102.546752929688,4.007,46.5,19.1,9.7,94.3,96.2,37.3,31.4,67.8,74.2,10.0,10.0,5298.4642194927565
Turkmenistan,TKM,2024,81.408,3.71704110413,44249447717.2312,6.28235647996578,,70.201,7494498,94.6464126735365,4.02,46.3,18.1,7.8,94.3,96.7,37.3,30.3,67.4,74.2,10.0,10.0,5904.257725765115
Turkmenistan,TKM,2025,,,49828621355.6516,6.30000003697894,,,7618847,,4.267,47.1,17.7,7.3,94.2,96.7,37.4,33.9,75.1,74.2,10.0,10.0,6540.1787640113525
Türkiye,TUR,2001,206.7299,1.65780492583561,202195080239.036,-5.45940838563062,54.4001887619074,72.271,66245128,85.3136215209961,8.381,60.6,70.0,36.0,66.9,73.0,70.0,,36.4,73.0,70.0,50.0,3052.225670679299
Türkiye,TUR,2002,217.3779,0.449376588359619,240778008473.845,6.43550883793114,44.964120947985,72.605,67048795,90.1109924316406,10.358,54.2,50.0,38.0,65.2,58.9,55.0,,41.0,79.6,50.0,50.0,3591.0862898258647
Türkiye,TUR,2003,229.6955,0.539644361182156,315392899922.379,5.79909321038525,21.6024384490573,72.906,67831730,91.8227310180664,10.542,51.9,50.0,36.0,64.6,45.0,55.0,,42.9,73.6,50.0,50.0,4649.636680685853
Türkiye,TUR,2004,235.8827,0.679008638958041,410156784495.948,9.92540551918624,8.59826168115262,73.223,68592617,88.3136901855469,10.838,52.8,50.0,32.0,60.8,56.9,55.0,,46.1,74.2,50.0,50.0,5979.605421614808
Türkiye,TUR,2005,246.0895,1.97338571270823,508314210212.544,9.11157745861635,8.17916036802008,73.51,69329557,84.943717956543,10.636,50.6,50.0,31.0,65.3,54.4,55.0,40.7,53.8,76.0,50.0,30.0,7331.854294302559
Türkiye,TUR,2006,274.0011,3.60660172381881,559668118237.002,7.06762607623939,9.59724212288446,73.804,70045349,88.5527877807617,10.227,57.0,50.0,32.0,68.0,68.1,66.7,39.1,64.7,81.0,50.0,50.0,7990.082514072446
Türkiye,TUR,2007,300.3324,3.21746696332257,685228481017.03,5.10818513903604,8.75618090972632,74.129,70158112,90.7344512939453,10.285,57.4,50.0,35.0,69.1,62.4,67.4,38.8,70.1,81.0,50.0,50.0,9766.91734545294
Türkiye,TUR,2008,299.5496,2.56004537243285,775415944332.866,0.920118221365883,10.4441283764885,74.38,71051678,89.0569686889648,10.965,59.9,50.0,38.0,77.7,68.3,68.3,39.5,70.8,86.8,50.0,50.0,10913.407904776943
Türkiye,TUR,2009,301.377,1.31290302296241,653894449921.288,-4.88269401706633,6.25097663090626,74.679,72039206,80.1907424926758,14.026,61.6,50.0,41.0,73.2,83.4,69.9,40.3,71.1,86.6,50.0,50.0,9076.92472236976
Türkiye,TUR,2010,312.1721,1.16274364749147,782545664268.333,8.54219848467686,8.56644420552976,74.964,73142150,84.2024002075195,11.879,63.8,50.0,46.0,78.1,82.9,68.9,41.1,70.0,86.4,65.0,50.0,10698.969940975661
Türkiye,TUR,2011,332.7685,1.91686136260632,844192507380.795,10.9799625273598,6.471879671151,74.823,74223629,87.80322265625,9.789,64.2,50.0,44.0,78.2,83.6,68.7,39.6,72.7,85.4,70.0,50.0,11373.635576088513
Türkiye,TUR,2012,344.1578,1.55241965245755,885327622479.052,4.80762696633448,8.89156996512163,75.552,75175827,85.0204315185547,9.21,62.5,50.0,44.0,77.7,58.5,67.1,40.0,71.9,85.4,70.0,60.0,11776.759336203271
Türkiye,TUR,2013,333.874,1.40962960980578,962167643588.925,8.48825689298511,7.49309030547693,76.171,76147624,102.209701538086,9.713,62.9,50.0,42.0,77.0,64.9,68.2,43.1,73.3,85.2,65.0,60.0,12635.55700160684
Türkiye,TUR,2014,355.3809,1.41530142282668,942343431928.654,4.60079447270559,8.85457271364316,76.452,77181884,105.97550201416,9.901,64.9,50.0,44.0,77.5,63.5,67.6,59.7,71.8,84.5,70.0,60.0,12209.386232767447
Türkiye,TUR,2015,367.843,2.225752648523,865460050683.656,5.80557386628684,7.67085364845885,76.539,78218479,107.243186950684,10.304,63.2,45.0,50.0,76.1,57.6,61.0,50.2,72.4,84.6,75.0,60.0,11064.649450466251
Türkiye,TUR,2016,391.2631,1.58873607703875,870818016909.84,3.32366508200445,7.7751341532833,76.595,79277962,108.547561645508,10.899,62.1,40.0,45.0,75.2,55.6,65.4,48.6,71.5,84.4,75.0,60.0,10984.364316906129
Türkiye,TUR,2017,433.2199,1.29532700760314,863874522365.276,7.82585730002594,11.1443110840764,77.037,80312698,112.977333068848,10.919,65.2,61.3,40.7,75.5,57.7,64.3,48.5,72.2,79.4,75.0,60.0,10756.387767788301
Türkiye,TUR,2018,429.3432,1.57923380202967,788356985773.667,3.46815306092219,16.3324638988929,77.454,81407204,112.115409851074,10.956,65.4,54.7,42.0,74.7,68.1,63.3,47.6,72.3,78.6,75.0,60.0,9684.118198847205
Türkiye,TUR,2019,414.4775,1.22536076199392,775853144222.613,1.30162365464503,15.1768215720022,77.737,82579440,111.910400390625,13.73,64.6,55.8,41.2,76.4,65.1,66.0,49.2,70.0,79.6,70.0,60.0,9395.233780013681
Türkiye,TUR,2020,423.0905,1.02531493703228,733628247119.077,1.80306247087255,12.2789574462574,76.525,83384680,112.527458190918,13.148,64.4,57.4,44.6,76.7,64.1,67.0,49.2,66.1,78.0,70.0,60.0,8798.117917093128
Türkiye,TUR,2021,460.7071,1.50891969619413,839938668172.134,11.811094450607,19.5964926913324,75.722,84147318,114.147331237793,11.969,64.0,61.5,45.4,73.2,64.5,68.5,48.8,65.4,76.0,70.0,60.0,9981.763984113362
Türkiye,TUR,2022,444.4077,1.48839623728753,926097476913.818,5.44122511322401,72.3088359891207,77.591,84979913,116.040176391602,10.465,56.9,42.0,39.4,74.7,63.8,63.4,47.1,61.9,75.6,70.0,60.0,10897.839786136496
Türkiye,TUR,2023,446.4386,0.933806495534912,1141242864657.45,5.04512369812289,53.8594087593315,77.156,85325965,118.411979675293,9.388,56.9,40.8,24.2,73.0,66.1,59.7,54.9,58.6,75.8,70.0,60.0,13375.094728286402
Türkiye,TUR,2024,460.0275,0.860701598247461,1359123768774.12,3.3276230893799,58.5064507300342,77.421,85518661,,8.8,56.2,40.6,35.0,72.5,71.0,59.2,54.6,38.5,70.8,70.0,60.0,15892.715728724052
Türkiye,TUR,2025,,,1597293229287.0,3.60462514082589,34.8811629820306,,85878556,,8.52,56.1,40.6,34.3,72.2,71.9,58.5,48.4,37.9,72.8,70.0,60.0,18599.442092237787
Uganda,UGA,2001,1.4377,2.59388837097761,5840503868.51573,5.18366112490236,1.86512524084773,50.576,24745676,,3.522,60.4,50.0,22.0,81.0,92.3,70.0,,75.8,72.2,50.0,30.0,236.02118885399332
Uganda,UGA,2002,1.6383,2.98852729237692,6178563591.12051,8.73268576440127,-0.287508511765196,51.443,25532870,,3.5,61.0,50.0,23.0,80.7,90.3,70.0,,83.2,72.2,50.0,30.0,241.98468840833445
Uganda,UGA,2003,1.731,3.06033199910157,6606884275.23087,6.47325867166543,8.68047651566884,52.414,26352124,,3.6,60.1,50.0,19.0,80.9,78.5,55.0,,84.8,72.8,50.0,50.0,250.7154366468096
Uganda,UGA,2004,1.8123,3.72085072270846,7939487547.77384,6.80723334361883,3.72128743978228,53.699,27154515,19.1225490570068,2.699,64.1,50.0,21.0,80.7,88.2,55.0,,90.3,71.2,50.0,70.0,292.3818579626202
Uganda,UGA,2005,2.2217,4.11082611076276,9239221763.05793,6.33256511623156,8.44872642299532,54.926,27963289,,1.9,62.9,30.0,22.0,80.7,81.1,55.0,87.9,80.4,71.4,50.0,70.0,330.40540270702525
Uganda,UGA,2006,2.5786,6.45705802026041,9977647682.96954,10.7847443857453,7.31067613561864,56.118,28794003,,2.264,63.9,30.0,26.0,80.6,83.7,55.9,87.9,80.6,74.0,50.0,70.0,346.51825531064713
Uganda,UGA,2007,3.1093,6.65659725038112,11902564494.8833,8.41242596551071,6.1385108328505,57.248,29653430,24.0911102294922,2.667,63.1,30.0,25.0,80.6,83.0,57.5,87.8,78.0,68.8,50.0,70.0,401.3891308655795
Uganda,UGA,2008,3.4804,5.04737190164171,14440404132.2047,8.70875190154499,12.0508555482886,58.253,30539553,,3.035,63.8,30.0,27.0,80.5,86.0,56.5,87.8,78.5,72.0,50.0,70.0,472.8426814958523
Uganda,UGA,2009,3.8307,3.3491615513943,25127805566.6584,6.80151734860395,13.0172561889185,59.157,31451151,,3.6,63.5,30.0,28.0,80.4,86.9,58.7,87.9,78.4,75.2,50.0,60.0,798.9470899382475
Uganda,UGA,2010,3.7998,2.03900471067451,26673441430.7857,5.63761163749757,3.97655288478168,59.959,32390802,,3.623,62.2,30.0,26.0,80.5,85.5,57.0,88.1,78.1,72.1,45.0,60.0,823.4881442820002
Uganda,UGA,2011,4.2628,3.2086060344385,27871725241.4723,9.3916554927176,16.5643496174515,60.791,33354543,,3.523,61.7,30.0,25.0,80.6,90.5,50.3,87.8,73.2,74.8,45.0,60.0,835.620060555838
Uganda,UGA,2012,4.329,4.41438584859015,27305915910.7877,3.83745560605229,12.6790377224659,61.579,34337438,,3.551,61.9,30.0,25.0,80.4,93.0,49.1,87.9,74.6,73.6,45.0,60.0,795.2228675531268
Uganda,UGA,2013,4.4114,3.79031709675384,28915786516.6123,3.58690582623025,4.90520875694557,62.353,35337042,,1.91,61.1,30.0,24.0,80.6,84.3,48.4,87.9,77.2,73.6,55.0,50.0,818.285427416712
Uganda,UGA,2014,4.8524,3.24589612959273,32612397257.4458,5.10630732539796,3.07570668958641,63.057,36395539,,2.357,59.9,30.0,23.8,79.1,87.3,45.1,87.4,71.0,75.4,60.0,40.0,896.0547955463937
Uganda,UGA,2015,5.5954,2.27760507458345,32387183730.1002,5.18785986002466,5.58968606251725,63.831,37531446,,2.681,59.7,25.0,26.0,73.3,89.0,43.3,87.5,76.3,76.6,60.0,40.0,862.9346103558121
Uganda,UGA,2016,6.0018,2.1425304891559,29203988696.2626,4.78100029254482,5.70637504616212,64.494,38799152,,3.002,59.3,25.0,26.0,73.2,91.5,40.3,83.7,80.1,72.8,60.0,40.0,752.6965717256552
Uganda,UGA,2017,6.2539,2.61088918011351,30744473841.424,3.13140551723596,5.20971705914209,65.174,40177388,,3.428,60.9,39.3,28.7,73.7,91.0,42.4,84.6,80.3,78.3,60.0,40.0,765.2183322973609
Uganda,UGA,2018,6.8571,3.20512810607337,32927025619.6795,6.30392378262997,2.61601190952274,65.775,41565831,,3.249,62.0,43.5,28.3,73.0,90.9,45.4,83.9,80.5,78.1,60.0,40.0,792.1657002281394
Uganda,UGA,2019,7.0646,3.68569218154174,35353061003.4359,6.43874503276439,2.867588034469,66.354,42999637,,3.057,59.7,42.2,25.4,73.3,88.7,46.3,83.2,80.1,75.4,55.0,40.0,822.1711500363573
Uganda,UGA,2020,7.1198,3.16881317773755,37600368241.6657,2.95130642218098,3.31332289544502,66.41,44457152,,3.819,59.5,45.6,21.4,80.3,88.4,46.0,83.1,78.0,75.4,55.0,40.0,845.7664638901228
Uganda,UGA,2021,8.1105,4.06673785760736,40529788748.6737,3.53658034070898,2.20457204757414,66.45,45910930,,3.416,58.6,44.8,25.0,73.2,91.6,44.9,83.2,78.9,67.4,55.0,40.0,882.7917175425046
Uganda,UGA,2022,7.9541,6.48067616265599,45565333210.9108,4.58802192181773,7.1957888597581,67.675,47312719,,2.885,54.2,48.3,24.0,73.6,89.8,46.5,54.7,78.2,57.8,55.0,40.0,963.0673141171784
Uganda,UGA,2023,8.1166,6.13816501913594,48768955863.3175,5.33697295511469,5.35094804280395,68.252,48656601,,2.754,51.4,47.7,29.2,73.5,87.4,46.1,54.7,80.3,55.4,55.0,40.0,1002.309139171425
Uganda,UGA,2024,8.2549,6.04170465908871,53911907079.0485,6.05558075875589,3.32338033691819,68.487,50015092,,2.74,50.7,47.3,23.9,73.5,86.8,49.0,54.9,75.1,55.8,55.0,40.0,1077.9127843861309
Uganda,UGA,2025,,,61985829288.1496,6.33181157677313,3.58082784438067,,51384894,,2.746,51.3,47.4,24.1,73.6,87.7,50.3,54.8,75.1,57.4,40.0,40.0,1206.3045082500237
Ukraine,UKR,2001,360.1685,2.01477599147626,39309580983.2282,8.80000000367222,11.9588085390459,67.675,49106855,99.4165725708008,11.061,48.5,30.0,26.0,63.8,49.6,55.0,,62.3,70.0,50.0,30.0,800.4907050803437
Ukraine,UKR,2002,360.5556,1.57657070830023,43956163612.0433,5.33964720719075,0.75742084639286,67.699,48677281,100.038528442383,10.136,48.2,30.0,15.0,66.1,58.9,55.0,,58.2,71.0,50.0,30.0,903.0118919757103
Ukraine,UKR,2003,392.9829,2.73791628490563,52010355753.0461,9.51660986436364,5.17967781908315,67.638,48315136,101.250122070312,9.057,51.1,30.0,21.0,67.1,68.1,55.0,,64.0,74.6,30.0,50.0,1076.4816175420906
Ukraine,UKR,2004,368.8172,2.55131815944331,67220154164.3166,11.7953525281136,9.04806786050888,67.472,47979507,98.8390197753906,8.59,53.7,30.0,24.0,67.5,77.8,55.0,,74.5,74.4,30.0,50.0,1401.0180255565485
Ukraine,UKR,2005,357.0932,8.7495509827803,89238865118.5263,3.07123039245209,13.5695764909248,67.517,47585556,95.1181106567383,7.18,55.8,30.0,23.0,83.0,78.6,55.0,55.8,76.2,76.2,30.0,50.0,1875.3351356980322
Ukraine,UKR,2006,356.3792,5.00872538573992,111884752475.248,7.57142076322967,9.05252491133248,67.49,47278694,97.1627883911133,6.81,54.4,30.0,22.0,90.2,75.8,43.1,53.2,72.9,77.2,30.0,50.0,2366.4941437521097
Ukraine,UKR,2007,367.7024,6.8531805098082,148733861386.139,8.21584445165715,12.8387796190181,67.715,47062798,97.6914291381836,6.351,51.5,30.0,26.0,83.6,53.2,43.6,52.8,68.4,77.2,30.0,50.0,3160.327641083707
Ukraine,UKR,2008,352.2333,5.68814936936009,188110390659.515,2.24349159628288,25.226461707384,68.262,46819175,97.740348815918,6.363,51.0,30.0,28.0,79.0,43.0,44.4,53.1,69.9,82.2,30.0,50.0,4017.80660721841
Ukraine,UKR,2009,292.2332,3.9234187670663,121552153444.124,-15.1364679101502,15.8811924594476,69.159,46623731,97.3778762817383,8.84,48.8,30.0,27.0,77.0,39.0,40.5,52.4,68.1,84.0,30.0,40.0,2607.087653369568
Ukraine,UKR,2010,315.9087,4.56840018285092,141209170427.233,4.09200436668087,9.37293105078978,70.188,46456003,98.1416817681323,8.1,46.4,30.0,25.0,77.9,41.1,38.7,57.7,61.2,82.6,20.0,30.0,3039.632368441878
Ukraine,UKR,2011,333.3052,4.256089748054,169333835201.554,5.44528081048476,7.95572466274652,70.711,46307853,96.1171826388401,7.851,45.8,30.0,22.0,77.3,32.9,47.1,50.0,63.2,85.2,20.0,30.0,3656.6980378372104
Ukraine,UKR,2012,324.9176,4.47720109403357,182591753827.949,0.152314967200653,0.568727971803862,71.09,46210056,99.4775493061556,7.529,46.1,30.0,24.0,78.2,29.4,46.2,51.2,67.7,84.4,20.0,30.0,3951.3424053835597
Ukraine,UKR,2013,315.2748,2.36694390135139,190498811460.028,0.045439094492707,-0.238948626045407,71.474,46126770,99.4303801060075,7.17,46.3,30.0,23.0,78.2,29.4,47.6,49.9,71.0,84.4,20.0,30.0,4129.897052406402
Ukraine,UKR,2014,269.3299,0.634438528402592,133503871861.723,-10.0788949840953,12.0718562874251,71.803,45972380,98.2963249258606,9.27,49.3,30.0,21.9,79.1,37.5,59.8,49.8,78.7,86.2,20.0,30.0,2904.001747608521
Ukraine,UKR,2015,226.107,-0.217508398305494,91030967789.0717,-9.7729872128676,48.6998646434424,72.686,45784896,90.502896110392,9.14,46.9,20.0,25.0,78.7,28.0,59.3,48.2,78.6,85.8,15.0,30.0,1988.2313981683326
Ukraine,UKR,2016,227.2461,4.42178946686191,93355869403.9223,2.44098194492067,13.9127101997797,73.389,45616832,88.5457508688536,9.35,46.8,25.0,26.0,78.6,30.6,56.8,47.9,66.9,85.8,20.0,30.0,2046.5224197051277
Ukraine,UKR,2017,205.5813,3.28306130596563,112090505081.739,2.35997228099491,14.4383227488749,73.993,45436041,86.788702271804,9.5,48.1,41.4,29.2,78.6,38.2,62.1,48.8,47.4,85.9,25.0,30.0,2466.995420700034
Ukraine,UKR,2018,218.3029,3.80086991777664,130891088293.55,3.48836234022659,10.9518559353178,73.569,45208907,85.8331876808318,8.799,51.9,41.0,29.0,80.2,45.0,62.7,52.8,60.1,81.1,35.0,30.0,2895.2500066756756
Ukraine,UKR,2019,207.9097,3.76649676088543,153883047509.577,3.19950386354134,7.88671745611133,73.92,44957458,84.4568283620119,8.194,52.3,43.9,29.6,81.8,46.9,66.1,46.7,58.6,75.0,35.0,30.0,3422.859172989207
Ukraine,UKR,2020,198.8972,0.194103193490519,156617722013.342,-3.75281793983162,2.73249209419427,73.283,44680014,84.4283338575221,9.475,54.9,47.5,37.9,81.1,47.2,61.3,48.3,63.0,81.2,35.0,30.0,3505.3194480499046
Ukraine,UKR,2021,194.1363,3.98166133947207,199765859570.935,3.44562065945944,9.36313917695223,71.631,44298640,84.6516335033103,9.834,56.2,48.5,37.9,88.7,48.2,63.5,48.7,65.8,79.2,35.0,30.0,4509.5257906548595
Ukraine,UKR,2022,119.345,0.136428578229067,161989520721.19,-28.7585842155085,20.1836366617478,72.658,41048766,,,54.1,39.7,33.8,89.1,44.5,61.1,60.7,71.2,78.6,35.0,30.0,3946.2701685402676
Ukraine,UKR,2023,121.6952,2.52287921090664,181221517868.744,5.53473354963334,12.8490222828559,73.422,37732836,87.0823822021484,,,,,,,,,,,,,4802.75370419398
Ukraine,UKR,2024,118.4778,2.10549664352154,190833835445.1,3.24811808426423,6.50198464669254,74.692,37860221,86.1695022583008,,,23.0,32.5,,,,,,73.2,,,5040.483927579293
Ukraine,UKR,2025,,,214233312784.397,1.82152376756284,12.7303341026903,,38980376,,,,21.5,35.4,,,,,,73.2,,,5495.927304149067
United Arab Emirates,ARE,2001,101.2593,1.14589226731254,103311631797.329,1.39892161061073,,77.621,3723590,,2.443,74.9,90.0,90.0,99.9,51.3,85.0,,80.7,77.0,50.0,50.0,27745.16845230785
United Arab Emirates,ARE,2002,103.5184,0.0867814534864356,109816091078.603,2.43337487237925,,78.721,3956826,,2.659,73.6,70.0,90.0,99.9,58.3,85.0,,81.9,77.0,50.0,50.0,27753.581046678068
United Arab Emirates,ARE,2003,108.8196,3.42265945986557,124346476180.46,8.80057809996346,,79.6,4192457,,2.903,73.4,70.0,90.0,99.9,68.1,70.0,,85.2,77.0,50.0,50.0,29659.57102969929
United Arab Emirates,ARE,2004,115.0197,6.76715762322028,147824249957.985,9.56652626277928,,80.272,4428967,,2.965,67.2,70.0,70.0,99.9,58.0,70.0,,79.5,77.0,50.0,30.0,33376.688053441125
United Arab Emirates,ARE,2005,122.4613,6.03481604158141,180617467954.23,4.85513657996815,,80.779,4664790,,3.12,65.2,50.0,52.0,99.9,70.2,70.0,74.3,79.0,77.0,50.0,30.0,38719.31382853891
United Arab Emirates,ARE,2006,127.1972,5.76543776330766,222116532963.026,9.83727922860218,,81.155,5009100,,2.964,62.2,50.0,61.0,99.3,76.1,49.0,74.3,76.8,75.0,30.0,30.0,44342.603055045016
United Arab Emirates,ARE,2007,137.1441,5.50043939000967,257916148767.436,3.18441281459761,,81.438,5624635,,2.934,62.6,40.0,62.0,99.9,82.3,49.3,73.9,73.6,75.0,30.0,40.0,45854.73524369777
United Arab Emirates,ARE,2008,164.2519,1.60487460713893,315474615741.223,3.19181235452885,12.2504202448139,81.591,6302664,,2.818,62.6,40.0,62.0,99.9,80.2,48.2,74.1,70.9,80.4,30.0,40.0,50054.17006859687
United Arab Emirates,ARE,2009,165.3369,0.447367365846913,253547358746.804,-5.2429219073683,1.5618131744907,81.679,6707058,,2.932,64.7,40.0,57.0,99.9,86.3,57.4,76.2,69.8,80.8,30.0,50.0,37803.06637378177
United Arab Emirates,ARE,2010,171.9529,2.85854098227163,307736348527.33,1.60285004336325,0.877983288285867,81.886,6869838,,2.798,67.3,50.0,59.0,99.9,80.9,67.4,79.3,68.8,82.8,35.0,50.0,44795.28462349913
United Arab Emirates,ARE,2011,177.2572,1.93886244385384,368881033962.57,6.73651167897515,0.87734659568512,81.898,7104538,,2.587,67.8,50.0,65.0,99.9,79.1,67.3,72.4,76.5,82.6,35.0,50.0,51921.88907464074
United Arab Emirates,ARE,2012,185.0103,2.43554180804761,392793559050.783,4.68325642918792,0.662268900269009,81.913,7391448,,2.323,69.3,55.0,63.0,99.9,80.1,68.0,78.8,80.9,82.6,35.0,50.0,53141.62516610859
United Arab Emirates,ARE,2013,195.0534,2.3838227555723,409632574702.715,4.9184505919085,1.1011183637571,81.95,7693031,,2.125,71.1,55.0,68.0,99.9,85.1,74.0,77.6,83.9,82.6,35.0,50.0,53247.22787451591
United Arab Emirates,ARE,2014,198.1138,2.60546090290076,424935834104.193,4.63291785879667,2.34626865671643,81.99,8059440,,1.999,71.4,55.0,66.4,99.6,83.1,74.4,82.9,84.6,82.5,35.0,50.0,52725.230798193545
United Arab Emirates,ARE,2015,206.8519,2.23861341413826,381973135513.065,7.08766622657654,4.06996608361593,82.076,8505237,,1.793,72.4,55.0,69.0,99.5,85.8,74.7,83.8,83.8,82.4,40.0,50.0,44910.3458860776
United Arab Emirates,ARE,2016,212.4305,2.51620120421066,381717208620.964,5.65790147196586,1.61748808904198,82.195,8935095,,1.64,72.6,55.0,70.0,95.0,76.1,79.6,80.7,81.3,82.8,45.0,60.0,42721.11361109915
United Arab Emirates,ARE,2017,204.4227,2.5669608321193,403365056078.846,-1.06137114472548,1.96682557818842,82.388,9223225,,2.462,76.9,76.7,74.2,96.4,67.4,81.1,80.9,78.4,83.5,40.0,60.0,43733.6242018216
United Arab Emirates,ARE,2018,187.2853,2.35729206588897,440560003161.236,1.53720634021511,3.06863379251997,82.449,9346701,102.184448242188,2.236,77.6,76.3,77.3,98.4,70.9,79.9,81.1,80.2,84.3,40.0,60.0,47135.347879560504
United Arab Emirates,ARE,2019,197.8494,4.11928554446951,433926218686.108,1.27129120536284,-1.93108114782173,82.596,9445785,101.747344264722,2.331,77.6,81.8,78.8,99.2,68.8,79.9,81.1,80.9,84.4,40.0,60.0,45938.60845722277
United Arab Emirates,ARE,2020,195.6742,5.56735667729859,357161776271.328,-8.69343363776639,-2.07940317940944,81.936,9401038,99.1635400791877,4.294,76.2,80.3,64.6,99.2,72.1,78.6,81.3,79.6,80.4,40.0,60.0,37991.73838796609
United Arab Emirates,ARE,2021,199.421,4.89230595097426,422441282436.237,4.55280140106356,0.179935336174431,79.083,9575152,103.210663324826,3.105,76.9,80.8,66.0,100.0,73.0,80.0,81.6,80.6,81.4,40.0,60.0,44118.493621431495
United Arab Emirates,ARE,2022,195.184,4.44591398367961,511403404642.173,7.51452414254605,5.29122604376849,80.487,10074977,102.380981445312,2.872,70.2,63.5,71.8,100.0,71.5,73.2,64.9,80.8,78.2,50.0,60.0,50759.759019020385
United Arab Emirates,ARE,2023,192.6964,5.87183983564899,522622268401.125,4.30113648499413,1.62670837213248,82.909,10483751,101.944972436447,2.151,70.9,65.4,34.5,100.0,71.6,77.0,64.5,84.3,78.0,50.0,60.0,49850.694508208464
United Arab Emirates,ARE,2024,200.559,8.26261604873876,552324919095.872,3.99181200361831,1.66336510224894,83.069,10986400,102.129724902444,2.16,71.1,64.8,64.9,100.0,78.4,80.2,65.3,78.3,78.0,50.0,60.0,50273.512624323885
United Arab Emirates,ARE,2025,,,,,1.250865245598,,11513149,,2.174,71.6,65.4,65.9,96.9,82.3,84.2,62.1,80.5,78.4,50.0,60.0,
United Kingdom,GBR,2001,563.115,3.38678339988188,1656171009068.66,2.39102229602824,1.53234960272418,77.9926829268293,59119673,101.229797363281,4.696,77.6,90.0,86.0,61.7,52.0,85.0,,85.7,78.0,70.0,90.0,28013.872963550726
United Kingdom,GBR,2002,547.1609,5.01305498138785,1790536570743.41,1.70902736258567,1.52040245947455,78.1439024390244,59370479,102.614517211914,5.037,78.5,90.0,87.0,61.5,58.9,85.0,,84.7,79.6,70.0,90.0,30158.70178078587
United Kingdom,GBR,2003,560.7371,1.74707721568844,2061227755102.04,3.21851612669614,1.37650038542013,78.4463414634146,59647577,102.157028198242,4.807,77.5,90.0,83.0,60.9,51.0,85.0,,85.9,81.4,70.0,90.0,34556.772609590495
United Kingdom,GBR,2004,561.1737,3.58303251413023,2429774807762.72,2.32601853325993,1.39039756680422,78.7463414634146,59987905,104.942939758301,4.594,77.7,90.0,87.0,61.2,50.1,85.0,,86.6,79.8,70.0,90.0,40504.41181039278
United Kingdom,GBR,2005,559.5236,9.90268786448172,2551361818181.82,2.7906547174688,2.0891364902507,79.0487804878049,60401206,105.705047607422,4.884,79.2,90.0,87.0,62.3,43.5,85.0,79.0,85.0,80.2,90.0,90.0,42240.2462987547
United Kingdom,GBR,2006,559.9305,7.4878491502754,2719558417663.29,2.18982132415704,2.4556616643929,79.2487804878049,60846820,98.4682769775391,5.472,80.4,90.0,86.0,62.3,43.5,91.5,81.1,86.7,82.4,90.0,90.0,44695.161023423905
United Kingdom,GBR,2007,550.4176,6.74831602886359,3104699879951.98,2.93091133582351,2.38656150773327,79.4487804878049,61322463,97.7785186767578,5.399,79.9,90.0,86.0,62.0,42.7,91.2,79.0,81.3,86.6,90.0,90.0,50629.07991728871
United Kingdom,GBR,2008,533.9109,8.60551599075423,2945251838235.29,-0.0494116727402769,3.52140856342539,79.6,61806995,98.8158798217773,5.748,79.4,90.0,86.0,61.2,40.1,90.8,79.5,80.7,86.0,90.0,90.0,47652.40306918804
United Kingdom,GBR,2009,483.4698,0.598804602454409,2429358155475.93,-4.58740819226323,1.96173173560109,80.0512195121951,62276270,100.634750366211,7.683,79.0,90.0,84.0,61.0,40.3,89.8,78.5,80.4,85.8,90.0,90.0,39009.371554782105
United Kingdom,GBR,2010,500.7484,2.67286674184503,2496740681057.14,2.26054460931586,2.49265472467065,80.4024390243902,62766365,103.461151123047,7.973,76.5,85.0,77.0,61.8,41.9,94.9,72.8,73.7,87.5,90.0,80.0,39778.3220528565
United Kingdom,GBR,2011,459.2066,1.00957357920277,2675590034128.66,0.851437739020326,3.8561124468282,80.9512195121951,63258810,94.1645202636719,8.195,74.5,85.0,77.0,52.0,32.9,94.6,71.2,74.9,87.6,90.0,80.0,42295.927383532195
United Kingdom,GBR,2012,481.3898,1.71895853790766,2719715961539.83,1.52826034721852,2.5732347965453,80.9048780487805,63711000,92.5272903442383,8.279,74.1,90.0,76.0,56.4,21.5,94.7,71.5,73.9,87.1,90.0,80.0,42688.32637283719
United Kingdom,GBR,2013,470.2197,1.94762104828418,2796908333283.39,1.71846961308464,2.29166666666659,81.0048780487805,64138000,126.064338684082,7.752,74.8,90.0,78.0,57.0,27.7,94.1,71.6,72.4,86.8,90.0,80.0,43607.66368273707
United Kingdom,GBR,2014,430.6573,1.90870445734316,3085362169410.29,3.16017351468152,1.45112016293279,81.3048780487805,64619000,128.822494506836,6.398,74.9,90.0,76.4,56.6,29.5,92.0,73.1,73.5,87.8,90.0,80.0,47746.98106455207
United Kingdom,GBR,2015,415.8847,1.53903424150931,2945579890258.46,2.14040560033371,0.36804684232536,80.9560975609756,65087000,126.110870361328,5.552,75.8,90.0,76.0,62.9,30.3,91.1,75.6,74.4,88.0,90.0,80.0,45256.04022705701
United Kingdom,GBR,2016,391.8614,11.9998637298189,2706807606538.73,2.20652020635357,1.0084173681141,81.1560975609756,65606000,,4.909,76.4,90.0,78.0,64.9,39.0,86.0,71.8,76.4,88.0,90.0,80.0,41258.53742856949
United Kingdom,GBR,2017,380.7118,4.64443540147576,2699118387873.1,3.02322219840339,2.55775577557747,81.2560975609756,65964000,125.62979888916,4.501,76.4,93.8,78.3,65.1,41.9,89.9,72.8,85.0,87.0,90.0,80.0,40918.052087094475
United Kingdom,GBR,2018,373.8821,-0.864867036878713,2897028009916.05,1.55133095078786,2.29283990345938,81.2560975609756,66287000,120.088279724121,4.145,78.0,92.2,79.0,65.2,44.4,91.1,74.4,85.2,86.9,90.0,80.0,43704.31622966871
United Kingdom,GBR,2019,359.0131,0.688204352262878,2875710080015.3,1.25629899760824,1.73810460086513,81.3691219512195,66628000,117.156600952148,3.657,78.9,92.3,83.8,64.7,48.2,92.9,73.5,81.2,86.0,90.0,80.0,43160.68439717986
United Kingdom,GBR,2020,319.6964,5.77039185007421,2724001478304.59,-10.047896637362,0.989486703772491,80.331756097561,66740000,114.617248535156,4.472,79.3,92.2,89.9,64.7,49.5,94.7,73.1,80.3,86.4,80.0,80.0,40815.12553647872
United Kingdom,GBR,2021,337.9148,3.20643815254935,3194559188925.93,8.5431118453255,2.51837109614213,80.6473170731707,66978000,113.719017028809,4.864,78.4,87.6,86.5,64.9,54.8,94.4,73.2,81.0,84.0,80.0,80.0,47695.64915234749
United Kingdom,GBR,2022,324.9949,2.91635435189931,3181244350465.41,5.14970388522993,7.92204883147902,81.0112195121951,67636000,113.202857971191,3.768,72.7,96.2,87.1,65.4,46.3,79.1,62.1,83.0,84.2,80.0,80.0,47034.77956214753
United Kingdom,GBR,2023,304.7866,0.403116734836793,3420796653789.08,0.271650048355255,6.79396706793963,81.2380975609756,68526000,112.120048522949,4.025,69.9,95.1,84.8,65.4,41.9,79.1,62.2,80.8,81.8,80.0,80.0,49919.6896621586
United Kingdom,GBR,2024,292.4194,-0.350561573947678,3695539513534.15,1.08027716858781,3.2715729463592,81.3868536585366,69281000,,4.361,68.6,94.6,84.1,62.3,34.3,82.7,63.2,73.6,83.6,80.0,80.0,53341.313109426104
United Kingdom,GBR,2025,,,4002587541846.01,1.38844207858726,3.88306881626,,69487000,,4.746,69.3,95.2,83.4,61.0,40.1,83.4,63.2,67.9,83.4,70.0,80.0,57601.96212019528
United States,USA,2001,5877.6294,1.63009976725416,10581929000000.0,0.955538337599847,2.82617111885407,76.8365853658537,284968955,,4.731,79.1,90.0,75.0,63.5,71.2,85.0,,85.9,81.0,70.0,90.0,37133.620397351704
United States,USA,2002,5726.7267,1.01613965201918,10929108000000.0,1.70044733078285,1.58603162650601,76.9365853658537,287625193,,5.783,78.4,90.0,78.0,63.4,65.3,85.0,,84.1,79.4,70.0,90.0,37997.7424300242
United States,USA,2003,5792.9233,1.0221840098809,11456450000000.0,2.79560596378604,2.27009497336115,77.0365853658537,290107933,,5.989,78.2,90.0,76.0,63.5,63.5,85.0,,84.2,81.4,70.0,90.0,39490.30239031761
United States,USA,2004,5879.9871,1.74869094348654,12217196000000.0,3.84777169267127,2.67723669309172,77.4878048780488,292805298,,5.529,78.7,90.0,77.0,67.2,62.2,85.0,,85.9,81.4,70.0,90.0,41724.64119826138
United States,USA,2005,5888.1657,1.09166231632209,13039197000000.0,3.48354993710312,3.3927468454955,77.4878048780488,295516599,95.0524826049805,5.084,79.9,90.0,75.0,68.6,60.0,85.0,95.4,85.7,79.8,70.0,90.0,44123.39964700257
United States,USA,2006,5790.0078,2.16033590475335,13815583000000.0,2.78453963674239,3.22594410070404,77.6878048780488,298379912,,4.623,81.2,90.0,75.0,68.9,61.1,93.2,97.8,85.0,81.4,70.0,90.0,46301.98764855189
United States,USA,2007,5872.7014,2.39469075656401,14474228000000.0,2.0038583039496,2.85267248150138,77.9878048780488,301231207,,4.622,81.2,90.0,76.0,69.0,60.3,91.4,94.7,83.8,86.6,80.0,80.0,48050.22741219505
United States,USA,2008,5689.2644,2.30937838146355,14769862000000.0,0.113587247501258,3.839100296651,78.0390243902439,304093966,,5.784,81.0,90.0,73.0,68.3,59.8,92.6,95.4,83.7,86.8,80.0,80.0,48570.05942696015
United States,USA,2009,5273.1152,1.11260018343609,14478067000000.0,-2.5765002366652,-0.355546266299747,78.390243902439,306771529,,9.254,80.7,90.0,72.0,67.5,59.6,91.9,95.1,84.0,86.8,80.0,80.0,47194.95008938721
United States,USA,2010,5521.4993,1.75453192115262,15048971000000.0,2.69519258673525,1.6400434423899,78.5414634146342,309378227,,9.633,78.0,85.0,73.0,67.5,58.0,91.3,94.8,78.1,86.9,75.0,70.0,48642.6312088213
United States,USA,2011,5307.6289,1.68911235141732,15599732000000.0,1.56440685205419,3.156841568622,78.6414634146341,311839461,,8.949,77.8,85.0,75.0,68.3,54.6,91.0,95.7,77.4,86.4,75.0,70.0,50024.8812320773
United States,USA,2012,5087.711,1.54020833064168,16253970000000.0,2.28911339009767,2.06933726526067,78.7414634146342,314339099,,8.069,76.3,85.0,71.0,69.8,46.7,91.1,95.8,77.2,86.4,70.0,70.0,51708.39406140819
United States,USA,2013,5224.7089,1.70686814034716,16880683000000.0,2.11783009443471,1.46483265562717,78.7414634146342,316726282,96.1864929199219,7.375,76.0,85.0,71.0,69.3,47.8,90.5,95.5,75.0,86.4,70.0,70.0,53297.38629015953
United States,USA,2014,5243.772,1.43033863092168,17608138000000.0,2.52381981757846,1.62222297740817,78.8414634146341,319257560,96.9245376586914,6.168,75.5,80.0,72.0,65.8,48.1,89.2,97.2,75.4,86.8,70.0,70.0,55153.3940182967
United States,USA,2015,5132.9841,2.79548220201356,18295019000000.0,2.94555045227337,0.118627135552451,78.690243902439,321815121,97.6525497436523,5.28,76.2,80.0,73.0,66.2,51.8,88.8,98.5,76.6,87.0,70.0,70.0,56849.46979231594
United States,USA,2016,5028.952,2.52268117379751,18804913000000.0,1.81945147909089,1.26158320570536,78.5390243902439,324353340,98.7699279785156,4.869,75.4,80.0,74.0,65.6,54.7,84.7,91.4,77.0,87.0,70.0,70.0,57976.62820429104
United States,USA,2017,4959.4579,1.94177554246862,19612102000000.0,2.45762230126449,2.13011000365961,78.5390243902439,326608609,98.9523391723633,4.355,75.1,81.3,78.1,65.3,55.9,84.4,91.0,80.1,87.1,80.0,70.0,60047.71907283069
United States,USA,2018,5118.3744,1.03945408799819,20656516000000.0,2.96650506701943,2.44258329692817,78.6390243902439,328529577,99.2755813598633,3.896,75.7,79.3,71.9,65.1,56.5,82.7,91.4,78.6,86.7,85.0,80.0,62875.66613827284
United States,USA,2019,4967.9122,1.46696501417689,21539982000000.0,2.58382533052225,1.81221007526021,78.7878048780488,330226227,100.063430786133,3.669,76.8,79.3,77.4,75.1,57.1,83.8,89.4,76.6,86.6,85.0,80.0,65227.95659110383
United States,USA,2020,4466.8765,0.641236014628299,21375281000000.0,-2.081375977796,1.23358439630629,76.9804878048781,331578104,100.509819030762,8.055,76.6,81.8,77.2,74.6,56.5,83.3,87.9,75.5,79.8,85.0,80.0,64465.297141574825
United States,USA,2021,4754.3785,2.01451214498067,23725645000000.0,6.15202247867526,4.69785886363742,76.3292682926829,332100166,101.192489624023,5.349,74.8,79.7,76.8,76.0,62.2,82.5,87.1,81.1,80.4,85.0,80.0,71441.23198059468
United States,USA,2022,4815.7665,1.60006208497274,26054614000000.0,2.52421385073222,8.00279982052121,77.4341463414634,333996304,97.4734878540039,3.65,72.1,95.7,75.7,75.9,54.5,87.5,75.8,82.3,75.2,85.0,80.0,78008.6895811877
United States,USA,2023,4618.2675,1.30141768246586,27811517000000.0,2.93436322440155,4.11633838374488,78.3853658536585,336755052,,3.638,70.6,94.7,76.1,75.4,49.3,83.8,76.3,78.0,75.4,85.0,80.0,82586.78477078943
United States,USA,2024,4632.1649,1.01391858895004,29298013000000.0,2.79318715363841,2.94952520485207,78.890243902439,340003797,,4.022,70.1,95.1,76.4,74.8,48.7,84.8,77.7,73.8,75.6,80.0,80.0,86169.66415819174
United States,USA,2025,,,30769700000000.0,2.16138195623856,,,341784857,,4.198,70.2,95.4,77.3,75.6,55.8,88.5,77.0,70.7,75.6,70.0,80.0,90026.51630057443
Uruguay,URY,2001,5.0175,1.48526947201505,20898761742.2386,-3.84412995940374,4.3593406521727,74.987,3274251,100.673240661621,15.052,70.7,70.0,44.0,86.5,71.2,70.0,,76.9,77.8,70.0,70.0,6382.761047408583
Uruguay,URY,2002,4.6084,1.32180928215272,13606515722.5864,-7.73200721540044,13.9724725913515,74.979,3278867,105.918418884277,16.648,68.7,70.0,44.0,86.9,69.3,70.0,,80.1,58.0,70.0,70.0,4149.761403126872
Uruguay,URY,2003,4.5952,3.34326299269857,12045638351.8507,0.805283915893824,19.3797301743995,75.086,3281186,109.803192138672,16.661,69.8,70.0,51.0,87.0,70.2,70.0,,81.4,59.0,70.0,70.0,3671.123292568815
Uruguay,URY,2004,5.755,2.57711736584849,13686329890.1191,5.00416035564457,9.15760507540997,75.319,3283148,108.258857727051,12.98,66.7,70.0,51.0,83.5,60.0,70.0,,74.2,71.8,70.0,50.0,4168.660654383872
Uruguay,URY,2005,5.5678,4.76089085880271,17362857683.8545,7.4601321302473,4.6992773903564,75.829,3285771,102.750953674316,12.009,66.9,70.0,55.0,86.1,51.3,70.0,75.9,69.1,72.0,70.0,50.0,5284.2567798713
Uruguay,URY,2006,6.4885,7.64053554410063,19741420739.8901,4.09857735445401,6.39764974385131,75.888,3289506,102.318283081055,10.844,65.3,70.0,62.0,86.1,45.8,63.9,76.3,73.0,76.4,70.0,30.0,6001.33294783171
Uruguay,URY,2007,6.1176,5.70951115694377,23797773024.3992,6.54151084504817,8.11464561179313,76.15,3295153,92.9150619506836,9.403,68.4,70.0,59.0,86.2,77.8,62.2,73.9,73.1,81.6,70.0,30.0,7222.054036458762
Uruguay,URY,2008,7.9164,6.88302281006264,31119602538.8322,7.17614466455107,7.87707374730888,76.275,3302177,88.0473403930664,8.025,67.9,70.0,64.0,85.9,76.6,60.8,74.4,74.2,83.0,60.0,30.0,9423.965625958936
Uruguay,URY,2009,7.8326,4.89964589428753,32708319077.5179,4.24349419462426,7.06221874388574,76.67,3310091,89.2928771972656,7.74,69.1,70.0,67.0,82.2,76.5,65.6,73.7,72.8,83.4,70.0,30.0,9881.3957312708
Uruguay,URY,2010,6.4579,5.22300143125049,41950361211.9581,7.8034096507169,6.69870886978132,76.691,3318580,98.6642990112305,7.158,69.8,75.0,69.0,81.7,72.6,63.1,76.2,72.3,82.8,75.0,30.0,12641.057684900801
Uruguay,URY,2011,7.7873,5.34359480768242,50342406067.0777,5.16213302463606,8.0928320630299,76.614,3326825,101.560180664062,6.307,70.0,70.0,67.0,84.3,76.5,61.5,74.9,72.8,83.0,80.0,30.0,15132.26757255873
Uruguay,URY,2012,8.8815,11.7901578728278,54232266358.7811,3.53817872056869,8.09776580573602,76.691,3335401,102.977226257324,6.451,69.9,70.0,69.0,81.2,68.7,74.9,74.0,73.4,82.9,75.0,30.0,16259.594081425621
Uruguay,URY,2013,7.6589,1.60901257578737,61337621933.7857,4.63753862902416,8.57513504005397,76.953,3345337,104.664520263672,6.444,69.7,70.0,70.0,84.2,68.3,73.4,70.7,72.5,82.9,75.0,30.0,18335.259477232248
Uruguay,URY,2014,6.7334,6.6430584199945,61496186973.902,3.23879122952364,8.87735333229828,77.194,3356334,106.469367980957,6.547,69.3,70.0,70.6,77.4,68.0,74.5,68.1,72.1,82.5,80.0,30.0,18322.427676715728
Uruguay,URY,2015,6.8951,4.6342339444993,57680327998.6689,0.370741257681345,8.66626987079328,77.285,3368017,108.043296813965,7.488,68.6,70.0,73.0,77.1,65.1,72.6,64.3,71.6,81.8,80.0,30.0,17125.90168002979
Uruguay,URY,2016,6.8292,-0.897082488190792,57480787465.2716,1.68979822971775,9.6394134763508,77.351,3379283,112.032577514648,7.841,68.8,70.0,73.0,77.2,67.6,75.3,62.5,71.3,80.6,80.0,30.0,17009.75842072759
Uruguay,URY,2017,6.4073,4.13270730118374,65006039809.739,1.74037649141989,6.2180938256186,77.618,3388438,116.472846984863,7.89,69.7,70.2,70.3,77.5,69.4,74.8,62.9,71.3,80.6,85.0,30.0,19184.662611427153
Uruguay,URY,2018,6.871,2.64222389301977,65344577415.7535,0.164777608846705,7.60653360377047,77.527,3394534,117.769058227539,8.336,69.2,69.3,71.6,78.0,68.6,74.4,64.4,70.7,80.4,85.0,30.0,19249.940467750064
Uruguay,URY,2019,7.1561,2.35703298196688,62222324964.633,0.928351027546341,7.88198870879619,77.503,3397206,119.848533190039,8.836,68.6,68.3,69.2,77.2,67.5,74.3,71.9,72.9,78.6,85.0,30.0,18315.735037743663
Uruguay,URY,2020,6.9135,1.81750761000671,53559354501.4278,-7.35732706897301,9.75640636078194,78.381,3398968,116.991828918457,10.413,69.1,72.0,73.5,75.2,66.5,73.6,71.0,72.7,77.4,85.0,30.0,15757.53419903565
Uruguay,URY,2021,8.5518,8.50404500730576,60739061281.1628,5.84427325018082,7.74791402314762,75.434,3396695,119.826342137062,9.328,69.3,68.1,75.7,72.6,66.9,72.3,70.5,72.5,70.8,85.0,30.0,17881.811961675336
Uruguay,URY,2022,8.093,12.367138051104,71240669088.0587,4.60623000920732,9.10437983075437,76.468,3390913,121.137930191204,7.877,70.0,84.0,75.2,72.4,70.2,75.7,60.3,70.9,70.4,75.0,30.0,21009.28837987253
Uruguay,URY,2023,8.1908,-6.62564746176161,79208725899.5531,0.761749241321681,5.86910359896119,78.138,3388081,119.105005958635,8.355,70.2,84.3,80.6,73.7,70.1,80.1,60.8,71.8,70.8,70.0,30.0,23378.639973351612
Uruguay,URY,2024,8.6953,-4.78198682520397,82322859144.2816,3.32575905957381,4.84914366613156,78.287,3386588,,8.209,69.8,84.8,78.1,73.8,71.6,83.9,61.0,66.2,71.2,60.0,30.0,24308.49549584467
Uruguay,URY,2025,,,85347696277.6859,1.78471117082752,4.65032720433324,,3384688,,7.516,70.2,86.0,77.5,77.3,72.3,84.0,61.8,68.5,73.0,50.0,30.0,25215.82381527807
Uzbekistan,UZB,2001,132.6334,0.726225245162731,11401421329.1974,4.16383824998903,,65.853,25090283,,11.279,38.2,30.0,18.0,55.9,65.3,40.0,,44.9,50.0,30.0,10.0,454.4158122567768
Uzbekistan,UZB,2002,136.8801,0.674044441759953,9687788512.80184,3.97348819235708,,66.376,25399980,,10.256,38.5,30.0,24.0,50.9,69.3,40.0,,42.4,50.0,30.0,10.0,381.4092968892826
Uzbekistan,UZB,2003,128.9701,0.815041487200325,10134453435.4603,4.23262738154382,,66.852,25711259,95.4466171264648,9.22,38.3,30.0,27.0,72.0,72.6,40.0,,41.3,22.0,30.0,10.0,394.16402889723526
Uzbekistan,UZB,2004,132.1457,1.46799380148438,12030023547.8807,7.4490006055965,,67.203,26029350,96.2950973510742,8.152,39.1,30.0,29.0,72.2,76.3,40.0,,42.3,22.0,30.0,10.0,462.17149286788566
Uzbekistan,UZB,2005,125.5292,1.49216056466347,14307509838.8053,6.95000719569107,,67.481,26356975,87.8653335571289,7.092,45.8,30.0,24.0,73.2,58.5,40.0,67.1,53.4,71.6,30.0,10.0,542.8358086922077
Uzbekistan,UZB,2006,134.4224,1.19530557570436,17330833852.919,7.45141847621767,,67.905,26699043,88.7272109985352,6.035,48.7,30.0,23.0,77.3,52.2,67.0,67.1,61.8,68.2,30.0,10.0,649.1181670039259
Uzbekistan,UZB,2007,131.3948,2.99176207276698,22311393927.8817,9.47300530544537,,68.483,27076008,89.7682189941406,4.99,51.5,30.0,22.0,85.0,69.3,65.2,66.8,58.6,68.2,30.0,20.0,824.0281923347674
Uzbekistan,UZB,2008,137.2899,1.85438789059302,29549438883.8338,9.02916101784781,,69.035,27494774,88.2303695678711,4.89,51.9,30.0,21.0,88.0,68.3,68.5,66.9,57.5,68.4,30.0,20.0,1074.7292879670078
Uzbekistan,UZB,2009,124.512,1.81985173937585,33689223673.2577,8.05093332733964,,69.517,27939328,89.0436019897461,5.04,50.5,20.0,17.0,88.3,68.1,68.4,64.9,62.6,65.4,30.0,20.0,1205.799354703796
Uzbekistan,UZB,2010,135.8014,2.99355724160322,55544226552.8467,7.5971679610016,,69.836,28385506,89.9835586547852,5.36,47.5,20.0,18.0,88.4,72.6,67.8,61.1,62.4,65.1,10.0,10.0,1956.7812725567303
Uzbekistan,UZB,2011,138.6782,2.39605562355834,67404618404.5392,8.12793681625645,13.7797446476602,70.143,28823196,89.7831726074219,4.96,45.8,15.0,17.0,90.5,71.0,66.8,60.2,61.7,66.2,0.0,10.0,2338.554628173059
Uzbekistan,UZB,2012,123.1859,0.988125260232837,75318846931.3239,7.35682138899483,13.2088026688373,70.411,29261903,92.0473722973161,4.87,45.8,15.0,16.0,94.4,64.9,67.6,60.1,64.2,66.1,0.0,10.0,2573.9558678505596
Uzbekistan,UZB,2013,121.417,0.836508133232868,82674178351.6216,7.9217749261021,11.8414333622049,70.692,29724065,92.0626676426806,4.86,46.0,15.0,16.0,90.2,67.8,71.2,61.0,63.0,66.1,0.0,10.0,2781.3886947031506
Uzbekistan,UZB,2014,113.1595,0.885698410750819,91303765114.0144,7.71373911707978,9.28309356162695,70.973,30222994,91.7418371921357,5.09,46.5,15.0,13.4,90.3,70.4,75.7,60.8,63.1,66.1,0.0,10.0,3021.003316680485
Uzbekistan,UZB,2015,107.5503,1.06718996650784,97564568986.8161,7.94477659311639,8.75188196737508,71.33,30749346,92.2428124917835,5.15,47.0,15.0,17.0,90.2,67.3,73.1,64.2,63.5,69.8,0.0,10.0,3172.8989939108333
Uzbekistan,UZB,2016,114.0078,1.69905310280349,97871364319.3985,6.71108022628,8.130886695236,71.58,31284568,92.8148657883702,5.16,46.0,15.0,18.0,90.4,66.6,67.1,61.9,65.6,65.6,0.0,10.0,3128.42307170099
Uzbekistan,UZB,2017,118.2658,2.4880865313219,72276404057.649,4.70027401956061,13.8757425441635,71.737,31819178,93.8775736591193,5.83,52.3,48.0,27.5,90.7,66.2,64.8,50.4,61.1,66.8,0.0,10.0,2271.4730109511
Uzbekistan,UZB,2018,112.7949,1.01875982438812,61318332402.7908,5.72368380757618,17.5241796514055,71.999,32373490,94.9465096520158,5.392,51.5,48.7,24.2,91.0,65.5,66.9,52.0,61.9,62.5,0.0,10.0,1894.0908874140787
Uzbekistan,UZB,2019,115.1171,3.30121289679898,70170662562.6111,6.79331098484522,14.5257359560687,72.093,32964701,96.2074737548828,4.936,53.3,49.8,25.2,91.3,67.4,72.5,58.7,58.9,62.6,10.0,10.0,2128.660671383341
Uzbekistan,UZB,2020,123.9451,2.46444977604592,70127127133.2164,1.62162281640448,12.8677297362606,71.461,33586372,90.0642970154019,5.293,57.2,59.1,28.2,91.6,74.7,72.6,59.9,59.9,67.6,20.0,20.0,2087.9637471179203
Uzbekistan,UZB,2021,134.3607,2.80927561208071,81170051810.5825,8.20448512353877,10.8492397508122,71.681,34243696,97.2589036917117,5.364,58.3,57.8,30.5,92.4,79.9,73.5,61.2,60.3,55.4,20.0,20.0,2370.3648055566928
Uzbekistan,UZB,2022,128.9082,2.81838908878173,94286355836.1594,6.08592335737373,11.4466436998836,72.147,34938955,97.3779819618405,4.456,55.7,31.6,23.8,90.8,78.1,59.1,48.0,61.6,75.6,50.0,40.0,2698.6026295336937
Uzbekistan,UZB,2023,132.6306,2.0054127330605,107526539716.318,6.31603004201926,9.95659071258018,72.388,35652307,97.3839945834102,4.434,56.5,30.9,13.0,92.8,74.9,58.9,48.1,63.4,76.0,60.0,50.0,3015.9770506945874
Uzbekistan,UZB,2024,148.5388,2.45125129042312,121356065241.228,6.67618796188361,9.62825465956682,72.528,36361859,96.8399222342106,4.439,55.9,32.9,29.1,92.8,70.4,61.0,48.2,63.6,75.6,60.0,50.0,3337.454920586651
Uzbekistan,UZB,2025,,,147038081129.405,7.69962477932913,8.79638847052461,,37053428,98.1198414913864,4.622,58.0,33.5,31.2,92.8,73.6,64.4,47.9,64.6,80.6,60.0,60.0,3968.2720079072037
Vanuatu,VUT,2001,0.0977,6.98039768364935,257926881.72043,-3.39758248938266,3.57755452095074,68.722,191031,34.9720115661621,8.415,,,,,,,,,,,,1350.1833823852148
Vanuatu,VUT,2002,0.0961,5.3932717652808,262596535.549028,-5.19831875936025,1.96356754199195,68.836,195863,38.2522010803223,8.598,,,,,,,,,,,,1340.715375282866
Vanuatu,VUT,2003,0.1122,5.72730354776944,314471413.001776,4.28833511695457,3.01624129930394,68.933,200746,38.7092895507812,8.659,,,,,,,,,,,,1566.513967908581
Vanuatu,VUT,2004,0.0874,5.4358941630547,364996869.129618,3.98739280216959,1.41891891891893,68.985,205711,40.8122901916504,8.432,,,,,,,,,,,,1774.318675858938
Vanuatu,VUT,2005,0.0892,3.35516527658254,394962433.029368,5.30532647259227,1.19920053297801,69.166,210760,,8.121,,,,,,,,,,,,1873.991426406187
Vanuatu,VUT,2006,0.0803,9.88873620776164,439358586.535588,8.46069747205426,2.04081632653062,69.126,215923,,8.006,,,,,,,,,,,,2034.7928962435128
Vanuatu,VUT,2007,0.131,6.61419496414564,516392922.513728,2.87589228775376,3.93548387096774,69.144,221276,,6.855,,,,,,,,,,,,2333.7050674891448
Vanuatu,VUT,2008,0.1287,6.38080367466041,590748429.401902,5.60099182147225,4.84171322160149,69.302,226896,,5.663,,,,,,,,,,,,2603.608831367243
Vanuatu,VUT,2009,0.1443,5.42349577313271,592622319.145664,3.03730354099639,4.29706572955357,69.422,232731,,4.565,58.4,40.0,31.0,95.3,84.0,69.0,52.6,78.7,63.0,30.0,40.0,2546.383245659856
Vanuatu,VUT,2010,0.1549,9.40930036151551,670712979.682038,1.25886720329254,2.76269469477348,69.57,238248,55.240120859084,4.681,56.4,40.0,29.0,94.9,84.3,68.7,55.0,76.8,55.1,20.0,40.0,2815.1882898577865
Vanuatu,VUT,2011,0.1797,7.93578473613464,770153588.218833,3.13980290023437,0.8737931047811,69.729,243474,,4.811,56.7,40.0,32.0,96.1,79.1,68.8,49.8,76.5,55.1,30.0,40.0,3163.1861645138
Vanuatu,VUT,2012,0.1477,8.07506480226511,747839697.746593,1.01004768692017,1.34740362877658,69.898,248883,,4.936,56.6,40.0,36.0,97.0,79.9,59.3,50.7,78.4,55.1,30.0,40.0,3004.7841666429326
Vanuatu,VUT,2013,0.151,6.87779085112741,863347171.906814,0.463390415135436,1.45893371757921,69.986,254482,,5.038,56.6,40.0,35.0,97.3,80.5,56.4,57.7,81.4,48.0,30.0,40.0,3392.5667509168193
Vanuatu,VUT,2014,0.1753,1.50891522206548,879185478.498067,3.10512947273315,0.798863838097023,70.043,260240,,5.137,59.5,40.0,33.5,97.3,81.7,54.8,56.8,82.7,48.0,60.0,40.0,3378.364119651349
Vanuatu,VUT,2015,0.1592,3.62668783714477,855360239.609869,3.50101268962098,2.48326875660439,70.163,266101,57.2510185241699,5.168,61.1,40.0,33.5,97.2,83.8,51.5,46.4,82.9,75.4,60.0,40.0,3214.4194858714136
Vanuatu,VUT,2016,0.1659,4.861596683834,908725512.790966,3.61980830670927,0.842069084035061,70.397,272087,,5.197,60.8,40.0,33.5,97.0,86.1,51.8,47.7,78.3,74.0,60.0,40.0,3339.8343647104275
Vanuatu,VUT,2017,0.1664,3.82787242864458,998536154.882053,4.22332192519966,3.08452624403546,70.5,278507,,5.247,67.4,65.5,70.5,97.0,80.4,51.4,58.1,74.8,73.9,65.0,40.0,3585.3179808121627
Vanuatu,VUT,2018,0.2288,3.63334895201297,1034402941.04298,2.51532789491979,2.33096379566866,70.626,285259,,5.353,69.5,67.9,75.4,97.0,78.5,55.2,59.5,75.7,75.0,65.0,40.0,3626.1886252247255
Vanuatu,VUT,2019,0.219,4.97857435213258,1061547512.69257,3.27677257380314,2.76252019386111,70.783,291985,,5.444,56.4,65.9,51.9,97.3,54.1,52.4,58.8,75.0,64.4,65.0,40.0,3635.623448781855
Vanuatu,VUT,2020,0.2515,4.04549044655896,1017403362.80118,-5.72530282073851,5.32935073101715,70.385,298858,59.1688003540039,4.046,60.7,68.3,37.4,97.1,61.1,51.8,54.6,74.6,63.4,65.0,40.0,3404.3035916762474
Vanuatu,VUT,2021,0.2909,3.93623079389475,1093826088.94269,-1.16332488626091,2.34328358208953,69.952,305868,62.9433097839355,4.776,60.5,53.3,39.5,96.8,61.7,49.4,54.5,75.5,61.6,65.0,40.0,3576.1377095436264
Vanuatu,VUT,2022,0.2709,0.928493742927241,1151863789.76624,5.59195729750803,6.67930581887121,71.302,313046,81.9551276325385,5.077,62.9,57.8,42.4,96.8,60.1,49.1,40.0,74.4,61.6,65.0,40.0,3679.535243274918
Vanuatu,VUT,2023,0.2717,0.780090842324868,1188137265.19047,5.82973013269719,11.1825017088175,71.477,320409,134.670675170038,5.011,62.1,60.3,72.2,98.0,45.5,49.8,40.1,73.8,59.7,65.0,40.0,3708.1894241125246
Vanuatu,VUT,2024,0.2851,2.22365213685823,1297956614.77783,3.76564827114278,1.14348948727412,71.654,327777,,4.988,62.2,63.3,47.9,98.8,45.0,55.1,40.1,69.9,59.6,65.0,40.0,3959.877034623631
Vanuatu,VUT,2025,,,1353658840.63993,3.05357824026483,0.656455142231905,,335169,,5.073,61.8,61.4,48.1,97.6,43.1,55.5,48.8,65.7,59.4,65.0,40.0,4038.7352071341024
Venezuela,VEN,2001,143.2788,3.01356175819466,122911036746.729,3.41463414634147,,71.019,24979922,63.1789817810059,13.04,54.6,30.0,26.0,75.5,88.0,55.0,,55.9,61.4,50.0,50.0,4920.393136004548
Venezuela,VEN,2002,148.0955,0.819216932585212,92893587733.6549,-8.72641509433961,,72.823,25435671,67.2197189331055,16.17,54.7,30.0,27.0,75.0,89.2,55.0,,56.9,58.8,50.0,50.0,3652.0989650186507
Venezuela,VEN,2003,143.0009,1.88111477594963,83620628582.1082,-7.75193798449614,,72.056,25892703,68.4049072265625,16.78,54.8,30.0,28.0,75.0,86.3,55.0,,61.0,58.2,50.0,50.0,3229.5055708207906
Venezuela,VEN,2004,149.704,1.32412757366554,112451400424.964,18.2072829131653,,72.752,26340838,71.0196380615234,15.07,46.7,30.0,25.0,75.6,79.2,55.0,,57.1,58.0,10.0,30.0,4269.089708723922
Venezuela,VEN,2005,155.9378,1.68369269808689,145513489651.872,10.1895734597156,,73.075,26785804,73.3435287475586,10.663,45.2,30.0,24.0,75.8,80.2,55.0,32.3,51.9,62.4,10.0,30.0,5432.485418465393
Venezuela,VEN,2006,158.9841,0.107915126446007,183477522123.894,9.89247311827957,,72.972,27224686,75.8546676635742,8.606,44.6,30.0,23.0,75.6,76.8,48.9,35.0,53.9,63.0,10.0,30.0,6739.380653422192
Venezuela,VEN,2007,155.9702,1.89178854425804,230364012575.687,8.80626223091976,,73.348,27649363,78.2070236206055,7.279,47.9,30.0,23.0,75.6,79.9,50.4,40.9,57.6,61.2,20.0,40.0,8331.62096991844
Venezuela,VEN,2008,164.1035,0.659274461280102,315953388510.678,5.21582733812949,,72.578,28053696,79.8805770874023,6.245,44.7,10.0,23.0,74.5,79.7,51.6,33.0,60.6,54.6,20.0,40.0,11262.451425675888
Venezuela,VEN,2009,165.2485,-0.344767329112459,329787628928.472,-3.07692307692308,27.080941446613,72.785,28438298,80.7918167114258,6.097,39.9,5.0,20.0,70.6,69.3,50.8,30.1,53.7,59.6,10.0,30.0,11596.602192173103
Venezuela,VEN,2010,176.795,0.402601927997842,393192354510.653,-1.5873015873016,28.1874647092039,73.092,28813101,80.7240982055664,7.112,37.1,0.0,19.0,74.0,61.8,50.3,36.2,47.7,57.2,5.0,20.0,13646.304662266411
Venezuela,VEN,2011,172.9615,1.85002511047875,316482190800.364,4.12186379928315,26.0902123160959,73.09,29185212,81.6782836914062,6.902,37.6,5.0,19.0,75.0,65.3,47.8,31.1,47.0,61.2,5.0,20.0,10843.92297031675
Venezuela,VEN,2012,193.7941,1.3408754748511,371846610182.327,5.67986230636832,21.0689956331876,73.086,29553826,83.8216934204102,6.601,38.1,5.0,20.0,74.8,67.3,47.3,36.0,46.4,58.8,5.0,20.0,12582.012568603708
Venezuela,VEN,2013,192.9674,0.829747443727892,258512396297.714,1.30293159609121,40.6394275161589,73.076,29912198,91.4725494384766,7.54,36.1,5.0,19.0,75.6,50.6,45.6,34.5,47.3,58.8,5.0,20.0,8642.373800070258
Venezuela,VEN,2014,191.9224,0.528303191797945,214838755021.964,-3.85852090032154,62.1686499794829,72.837,30254079,90.8081207275391,6.821,36.3,5.0,16.5,75.3,51.8,43.4,33.7,49.7,62.7,5.0,20.0,7101.150063829872
Venezuela,VEN,2015,175.9339,2.36008093597098,125249941853.534,-6.18729096989966,121.738085297503,73.004,30573972,88.8302230834961,6.139,34.3,5.0,20.0,75.0,52.0,41.6,24.2,42.8,62.8,0.0,20.0,4096.6198913747285
Venezuela,VEN,2016,162.9378,1.40507091871539,112948035494.959,-17.1122994652406,254.948534781816,72.002,30765720,85.1329498291016,5.319,33.7,5.0,19.0,74.9,56.7,45.3,29.5,33.8,63.2,0.0,10.0,3671.230040933838
Venezuela,VEN,2017,151.9619,-0.257997767399151,115892475742.789,-15.6989247311828,,71.903,30565323,83.9518280029297,5.045,27.0,6.8,11.6,72.5,51.5,39.7,28.5,16.8,60.7,0.0,10.0,3791.6326204957495
Venezuela,VEN,2018,137.7913,0.609881197528909,101987075928.918,-19.6428571428571,,72.641,29807592,,5.468,25.2,5.2,7.5,72.5,57.3,35.4,24.2,0.0,58.7,0.0,10.0,3421.513416075945
Venezuela,VEN,2019,120.3724,0.77245293562574,73014157107.594,-27.6190476190476,,72.766,28938098,,5.89,25.9,7.6,7.9,74.7,58.1,33.9,28.0,0.0,60.0,0.0,10.0,2523.115275495784
Venezuela,VEN,2020,76.6657,3.51090433021444,42837965906.8675,-29.8245614035088,,72.369,28444077,,7.53,25.2,10.1,14.6,72.8,66.3,30.8,27.7,0.0,58.0,0.0,10.0,1506.0416939128488
Venezuela,VEN,2021,75.873,2.14254073533861,56615026262.6535,0.625000000000014,,71.536,28237826,,7.027,24.7,7.5,15.1,71.1,61.5,33.4,27.5,0.0,54.8,0.0,10.0,2004.93572921136
Venezuela,VEN,2022,92.004,2.63893293757608,89013251020.9831,8.07453416149069,,72.566,28213017,96.7906723022461,5.646,24.8,0.2,7.1,74.1,78.3,30.8,37.6,0.0,54.8,0.0,10.0,3155.0419092358356
Venezuela,VEN,2023,96.3903,0.012698102463344,102377501185.925,4.02298850574712,,72.514,28300854,97.229606628418,5.407,25.8,0.0,3.4,74.8,95.0,30.8,34.3,0.0,42.3,0.0,10.0,3617.4703839652684
Venezuela,VEN,2024,96.4114,1.35409801107577,120566112397.063,5.52486187845305,,72.673,28405543,97.7908172607422,5.321,28.1,0.0,6.4,75.9,96.6,31.0,35.7,0.0,42.2,0.0,10.0,4244.457231360197
Venezuela,VEN,2025,,,99661244155.6306,1.57068062827224,,,28516896,,5.307,27.6,0.7,6.7,75.9,93.8,32.5,35.9,0.0,42.2,0.0,10.0,3494.813887024401
Vietnam,VNM,2001,62.0917,3.97733545270572,32685198808.5549,6.19289331233377,-0.43154451172818,72.984,77969361,,2.76,44.3,10.0,26.0,54.1,86.8,40.0,,71.1,51.0,30.0,30.0,419.2056775809013
Vietnam,VNM,2002,73.0818,3.99268705133996,35064105500.8344,6.32082099160833,3.83082838168468,73.138,78772224,,2.12,45.6,10.0,25.0,54.1,90.3,40.0,,80.4,51.0,30.0,30.0,445.13286181731263
Vietnam,VNM,2003,77.6463,3.66601229989583,39552513231.9169,6.89906349055258,3.23464817293925,73.236,79563777,,2.25,46.2,10.0,26.0,62.5,83.0,40.0,,86.5,47.6,30.0,30.0,497.11708924925597
Vietnam,VNM,2004,91.9274,3.54408107288199,45427854693.2554,7.53641060890386,7.75494748709606,73.062,80338971,,2.14,46.1,10.0,24.0,63.4,82.1,40.0,,80.4,54.8,30.0,30.0,565.4522845862116
Vietnam,VNM,2005,100.5495,3.39040363930871,57633255738.1992,7.54724772895918,8.28457243128667,73.198,81088313,,2.078,48.1,10.0,24.0,74.5,79.1,40.0,64.1,79.1,50.2,30.0,30.0,710.7467599948615
Vietnam,VNM,2006,103.16,3.61600090432522,66371664817.0436,6.97795481056711,7.41801715108469,73.293,82167897,,2.046,50.5,10.0,26.0,74.3,74.8,60.0,67.7,74.2,57.6,30.0,30.0,807.7566451170535
Vietnam,VNM,2007,114.314,8.65471771434805,77414425532.2452,7.12950448605439,8.34444889773847,73.385,83633375,,2.026,49.8,10.0,26.0,74.3,78.6,59.6,66.3,67.5,56.0,30.0,30.0,925.6403383487178
Vietnam,VNM,2008,125.7916,9.6630390545572,99130304099.1274,5.66177120891362,23.1154483474477,73.455,85175788,,1.889,50.4,10.0,26.0,74.3,78.0,60.4,65.2,67.4,62.8,30.0,30.0,1163.8319577287316
Vietnam,VNM,2009,140.8243,7.16881988884276,106014659565.214,5.39789754014181,6.71698269988631,73.525,86460018,,1.737,51.0,10.0,26.0,74.3,77.3,61.7,70.0,67.0,63.4,30.0,30.0,1226.1697605153634
Vietnam,VNM,2010,156.7839,5.4347392933443,147201173196.979,6.42324482239482,9.20746648778413,73.611,87455152,,1.114,49.8,15.0,27.0,76.1,73.4,60.7,68.4,58.1,68.9,20.0,30.0,1683.1618244397882
Vietnam,VNM,2011,156.7664,4.30487434902161,172595049183.925,6.41316889681683,18.6777322770706,73.713,88468314,,0.999,51.6,15.0,27.0,75.9,75.1,61.6,68.2,79.1,68.9,15.0,30.0,1950.9250417491282
Vietnam,VNM,2012,156.2243,4.27832287681174,195590661129.249,5.5045447041189,9.09470339557193,73.762,89510356,,1.027,51.3,15.0,27.0,76.5,66.5,61.1,67.3,75.1,79.6,15.0,30.0,2185.117676542913
Vietnam,VNM,2013,163.1599,4.16454517277325,213708811665.34,5.55351081026072,6.59267475899192,73.821,90573104,,1.316,51.0,15.0,29.0,75.6,72.4,63.8,65.5,65.3,78.6,15.0,30.0,2359.517364728275
Vietnam,VNM,2014,178.9422,3.94086189051961,233451469642.519,6.42224312118567,4.08455446637625,73.886,91679578,,1.256,50.8,15.0,26.9,77.0,71.4,62.0,68.3,63.6,78.7,15.0,30.0,2546.38464459903
Vietnam,VNM,2015,200.8183,4.93190773329022,239258328381.741,6.98715430598611,0.631200905175685,73.955,92823254,89.4548341262217,1.848,51.7,15.0,31.0,79.1,77.1,61.5,62.9,66.8,78.6,15.0,30.0,2577.5688534011206
Vietnam,VNM,2016,223.8051,4.90089302916746,257096001177.982,6.69000892660424,2.66824816969082,73.984,94000117,90.1583347107672,1.848,54.0,15.0,31.0,79.3,75.1,58.3,62.6,70.6,83.0,25.0,40.0,2735.0604380416034
Vietnam,VNM,2017,229.2539,5.01148721749681,281353605986.903,6.94019037359206,3.52025688811618,74.026,95176977,91.0725198149335,1.874,52.4,49.7,24.6,79.6,74.6,61.2,62.2,76.0,83.1,25.0,40.0,2956.109921277527
Vietnam,VNM,2018,282.0973,4.99828319622328,310106478394.659,7.46500685572751,3.53962805942641,74.1,96237319,92.8377710790826,1.161,53.1,46.4,30.4,79.7,74.0,63.2,60.4,75.4,78.7,25.0,40.0,3222.310031253666
Vietnam,VNM,2019,336.5288,4.821074861051,334365270496.667,7.35926270105006,2.79582367452244,74.211,97173776,94.654621676317,1.681,55.3,49.8,34.0,79.7,74.1,63.5,62.8,68.9,79.2,30.0,40.0,3440.900253754336
Vietnam,VNM,2020,348.3315,4.55836196782424,346615738537.796,2.86541320912272,3.22093436652515,75.383,98079191,93.1921389514105,2.103,58.8,52.6,33.8,79.5,75.9,65.6,62.5,68.2,79.6,40.0,50.0,3534.039534826465
Vietnam,VNM,2021,336.1703,4.27314566190187,366474752771.009,2.55372852648131,1.83471554810462,74.145,98935098,92.7690209240401,2.383,61.7,51.3,38.0,80.3,86.0,65.2,62.6,69.0,79.0,40.0,50.0,3704.1935590037924
Vietnam,VNM,2022,343.9999,4.32947308910883,413445230668.578,8.53750041218142,3.15650749963112,74.502,99680655,93.4123434096522,1.57,60.6,49.6,33.6,80.9,85.5,73.6,53.9,68.8,78.8,40.0,50.0,4147.697772136208
Vietnam,VNM,2023,390.7253,4.26458856546888,433805036898.465,4.97865959483225,3.25289282667662,74.588,100352192,,1.645,61.8,48.7,35.1,78.6,86.5,73.4,54.1,70.5,79.4,40.0,50.0,4322.825722615656
Vietnam,VNM,2024,430.8192,4.23450755062236,476324572783.807,7.03955197123018,3.62109273885844,74.736,100987686,,1.602,62.8,49.6,38.7,80.4,87.9,73.9,54.6,69.3,79.8,40.0,50.0,4716.659937963199
Vietnam,VNM,2025,,,514697215165.065,8.01882998978245,3.3099931421974,,101598527,,1.523,65.2,49.9,39.1,81.8,88.8,73.9,54.5,73.9,79.8,60.0,50.0,5065.990918992999
Yemen,YEM,2001,16.7704,1.57455746010621,9852990692.98714,3.80364587188127,11.9115912929855,63.286,20226147,39.9282608032227,11.724,44.3,30.0,10.0,74.7,33.7,55.0,,71.5,64.2,30.0,30.0,487.14125794631775
Yemen,YEM,2002,16.8166,1.06889926368752,10693430511.4664,3.9352315052778,12.2385339389711,63.807,20835086,,11.839,48.6,30.0,10.0,74.9,69.3,55.0,,69.7,68.6,30.0,30.0,513.241486570605
Yemen,YEM,2003,19.536,-0.756584613746177,11777532662.0499,3.74739818489111,10.8323607023242,64.407,21456379,40.8348007202148,12.014,50.3,30.0,10.0,75.0,63.5,55.0,,68.7,70.2,50.0,30.0,548.9058830499731
Yemen,YEM,2004,20.4409,1.03534601615477,13867634371.4773,3.972696401183,12.5150951495207,64.881,22095167,41.5881881713867,12.131,50.5,30.0,10.0,75.0,66.5,55.0,,68.1,70.2,50.0,30.0,627.6320233957634
Yemen,YEM,2005,22.0232,-1.80531053584597,16731566717.1888,5.59174807563268,11.8112639374949,65.356,22790085,40.5307083129883,12.213,53.8,30.0,26.0,74.9,66.5,55.0,76.8,68.8,59.8,50.0,30.0,734.1599084509251
Yemen,YEM,2006,22.946,5.88029989730047,19063143369.858,3.17040935922364,10.8447986914257,65.8,23543083,,12.349,52.6,30.0,24.0,75.0,56.2,54.9,76.7,68.0,61.6,50.0,30.0,809.7131276247042
Yemen,YEM,2007,24.3239,4.23684804102557,21650528674.0933,3.33842795605096,7.9051177898873,66.23,24318082,,12.486,54.1,30.0,27.0,83.2,56.2,53.5,76.3,68.2,66.4,50.0,30.0,890.3057681149895
Yemen,YEM,2008,25.2468,5.7769623200871,26910855807.288,3.64756947012633,18.9762574318076,66.609,25111941,37.9779014587402,12.656,53.8,30.0,26.0,83.2,58.5,54.8,76.5,62.9,66.4,50.0,30.0,1071.6358328210472
Yemen,YEM,2009,27.6349,0.51412085018398,25130278212.5575,3.86622951587742,5.40776098077522,66.905,25927724,,12.762,56.9,30.0,25.0,83.2,57.1,74.9,75.8,66.5,76.2,50.0,30.0,969.2435098644794
Yemen,YEM,2010,26.3447,0.610357927076417,30906749533.221,7.70128607527964,11.1748338605044,67.223,26754387,39.0662307739258,12.777,54.4,30.0,23.0,83.2,51.3,74.4,65.4,65.1,76.1,45.0,30.0,1155.203052614175
Yemen,YEM,2011,23.001,-1.58233916831705,32726417878.391,-12.7148969035133,19.5435617131144,67.412,27582897,40.6695289611816,13.311,54.2,30.0,21.0,83.2,44.5,73.7,50.9,82.3,81.6,45.0,30.0,1186.4750058121524
Yemen,YEM,2012,22.0028,-0.0402221829314871,35401331609.5916,2.39299021364694,9.88538714484871,67.569,28433647,40.9747505187988,13.473,55.3,30.0,22.0,83.1,62.8,71.5,57.3,69.3,81.5,45.0,30.0,1245.050682720778
Yemen,YEM,2013,28.7881,-0.330496410064222,40415233436.1767,4.82351908493912,10.9684421500198,67.961,29312952,42.7084617614746,13.673,55.9,30.0,21.0,91.5,72.8,61.3,55.3,65.7,81.5,50.0,30.0,1378.7500295492823
Yemen,YEM,2014,28.3558,-0.539237328374498,43228585321.3272,-0.188690241954504,8.10472583623915,68.003,30226309,,13.467,55.5,30.0,19.4,91.7,74.9,59.2,54.9,62.1,82.4,50.0,30.0,1430.1642096402575
Yemen,YEM,2015,14.2523,-0.0363882528160336,42444490073.8555,-27.9945462502541,,66.761,31159379,,17.9,53.7,30.0,18.0,91.5,59.9,54.0,57.1,68.5,77.6,50.0,30.0,1362.1738120601024
Yemen,YEM,2016,10.6296,-1.79131212045889,31317825274.1507,-9.37512379736752,,67.105,32109010,43.6906890869141,18.42,,30.0,19.0,,,51.9,54.4,71.0,,,30.0,975.3594170032243
Yemen,YEM,2017,9.826,-1.00531889341895,26842229044.5848,-5.07179568062152,,67.12,33090921,,18.611,,37.3,17.4,,77.2,51.4,54.2,59.7,,,,811.1659704057437
Yemen,YEM,2018,11.9933,-1.30563839823089,21606160663.0318,0.752447592962554,,65.915,34085182,,17.593,,17.9,21.2,,80.9,52.7,52.1,66.6,,50.0,,633.8872024515463
Yemen,YEM,2019,12.3423,,,,,66.567,35111408,,17.213,,19.6,20.3,,83.7,45.1,49.8,61.5,71.4,50.0,,
Yemen,YEM,2020,11.3173,,,,,66.435,36134863,,17.963,,22.5,21.9,,96.5,43.9,43.8,42.6,70.0,50.0,,
Yemen,YEM,2021,11.2191,,,,,66.019,37140230,,18.312,,16.5,17.0,,95.6,46.1,57.7,54.6,67.4,,,
Yemen,YEM,2022,10.9841,,,,,67.952,38222876,,17.224,,,,,,,,,,,,
Yemen,YEM,2023,10.6254,,,,,69.295,39390799,,16.944,,6.3,8.3,,,28.4,30.7,,,,,
Yemen,YEM,2024,10.5803,,,,,69.439,40583164,,16.97,,5.7,6.9,,,,,,,,,
Yemen,YEM,2025,,,,,,,41773878,,17.322,,5.1,6.1,,,,,,,,,
Zambia,ZMB,2001,1.9678,3.54138670780308,4094441301.21423,5.31686827418419,21.3937821792546,47.408,10325185,,13.404,59.5,50.0,35.0,68.5,74.8,55.0,,62.7,69.4,70.0,50.0,396.54895299350375
Zambia,ZMB,2002,2.0678,7.11494136195091,4193850445.42632,4.50601428032604,22.2333446430947,48.461,10647949,,14.131,59.6,50.0,34.0,75.8,76.5,55.0,,57.7,67.6,70.0,50.0,393.86462551861587
Zambia,ZMB,2003,2.2392,7.07893144253237,4901869764.05957,6.94497398221223,21.4015783901995,49.616,10983595,,14.704,55.3,50.0,26.0,75.1,72.8,55.0,,59.6,58.8,50.0,50.0,446.29010483904136
Zambia,ZMB,2004,2.3034,5.85168864010044,6221110219.45542,7.03239511515218,17.9677891087286,50.54,11338198,,15.332,54.9,50.0,26.0,75.3,69.1,55.0,,60.1,58.8,50.0,50.0,548.6859745662777
Zambia,ZMB,2005,2.4735,4.28403218909524,8331870169.14977,7.23559900655543,18.324439701174,51.615,11718819,,15.9,55.0,50.0,25.0,68.7,69.7,55.0,52.6,60.6,68.2,50.0,50.0,710.9820681716963
Zambia,ZMB,2006,2.4089,4.82712872237458,12756858899.2812,7.90369444480079,9.01957247226486,52.693,12129553,,13.229,56.8,50.0,26.0,70.7,71.0,64.4,57.2,62.3,66.2,50.0,50.0,1051.717148956866
Zambia,ZMB,2007,2.1887,9.41811167277731,14056957976.2648,8.35243624447406,10.6573496000153,53.73,12565085,,10.559,56.2,40.0,26.0,70.6,78.5,63.6,54.8,57.8,70.8,50.0,50.0,1118.7316262695238
Zambia,ZMB,2008,2.6077,5.24050811284723,17910858637.9048,7.77389581542363,12.4455793463192,54.835,13021324,,7.93,56.2,40.0,26.0,72.6,80.3,63.5,45.8,62.9,71.2,50.0,50.0,1375.5021100699744
Zambia,ZMB,2009,2.8749,4.53277977632725,15328342303.9575,9.2203484058663,13.3952546325895,55.886,13490389,,10.583,56.6,30.0,26.0,72.9,82.1,68.8,51.0,64.1,71.2,50.0,50.0,1136.2416831684766
Zambia,ZMB,2010,3.2126,8.53319643791576,20265559483.8548,10.2982233241213,8.50176133365265,56.896,13965594,,13.19,58.0,30.0,28.0,72.4,82.6,66.4,57.0,63.3,79.9,50.0,50.0,1451.1061601715473
Zambia,ZMB,2011,3.4572,4.72516156867912,23459515275.5776,5.56925219263019,6.4293968107234,57.843,14437796,,10.548,59.7,30.0,30.0,72.4,81.8,62.2,56.3,77.3,82.4,55.0,50.0,1624.8681776344256
Zambia,ZMB,2012,4.3193,6.78938124085044,25503060420.026,7.59738104901994,6.57589970757698,58.704,14913629,,7.85,58.3,30.0,30.0,73.3,84.9,61.2,51.1,64.9,82.3,55.0,50.0,1710.0506134372795
Zambia,ZMB,2013,4.7358,7.48932505567266,28037239462.7142,5.05753695047252,6.97767605490307,59.445,15398997,,7.272,58.7,30.0,32.0,72.9,80.3,60.4,58.4,66.0,82.3,55.0,50.0,1820.7185482739037
Zambia,ZMB,2014,5.5061,5.55542791808588,27141023558.0829,4.69328316376705,7.80687553566333,60.109,15895315,,6.576,60.4,30.0,31.3,71.8,82.9,74.9,50.1,68.0,84.6,60.0,50.0,1707.4857313669406
Zambia,ZMB,2015,5.848,7.44741668984243,21251216798.7762,2.92037511217961,10.1105928909618,60.728,16399089,,5.951,58.7,30.0,38.0,71.9,78.0,68.2,46.0,73.2,76.8,55.0,50.0,1295.8778868006752
Zambia,ZMB,2016,6.3266,3.16251974813899,20958412538.3093,3.75510031678988,17.8697300795268,61.129,16914423,,5.244,58.8,30.0,38.0,73.3,81.1,66.4,48.3,72.6,78.2,50.0,50.0,1239.08527877713
Zambia,ZMB,2017,8.0384,4.28050117059574,25873601260.8353,3.52586277149926,6.57731154205644,61.564,17441320,,4.529,55.8,49.6,35.0,73.1,81.6,66.6,48.2,70.7,78.3,55.0,50.0,1483.465773280652
Zambia,ZMB,2018,9.1031,1.55231886738395,26311507273.6735,4.03449389667165,7.4945719272852,62.138,17973569,,5.032,54.3,46.0,36.3,72.1,80.2,69.8,43.5,65.4,78.3,55.0,50.0,1463.8999785559283
Zambia,ZMB,2019,9.034,2.3509190433173,23308667781.2258,1.44130602603785,9.15031644316296,62.914,18513839,,5.538,53.6,45.0,32.3,72.3,80.1,71.1,46.0,70.3,72.6,55.0,50.0,1258.986198444623
Zambia,ZMB,2020,9.531,1.35190577412928,18137764930.651,-2.78505506545167,15.7330604721369,63.361,19059395,,6.032,53.5,45.2,28.4,73.2,81.7,66.4,47.0,72.2,72.6,55.0,50.0,951.644316655959
Zambia,ZMB,2021,9.6802,1.78407846118257,22096416932.0089,6.23492204726448,22.0207676245777,62.363,19603607,,5.197,50.4,37.2,30.5,71.1,78.5,66.1,45.6,71.2,68.2,55.0,50.0,1127.1607787285727
Zambia,ZMB,2022,10.5712,-0.223286755156161,29163782140.4858,5.21122360356247,10.9932039209136,65.279,20152938,,5.993,48.7,38.3,30.8,70.9,73.3,44.2,41.9,66.4,68.2,55.0,50.0,1447.1231013803447
Zambia,ZMB,2023,11.3586,2.32465335614826,27577956471.244,5.36794285493059,10.884531691282,66.349,20723965,,5.861,47.8,36.0,44.4,74.8,69.6,43.9,42.1,62.2,65.2,55.0,50.0,1330.7278057670915
Zambia,ZMB,2024,11.5732,9.32437789659637,25303185342.2511,3.82004825518591,14.9856262747939,66.528,21314956,56.7889289855957,5.898,48.4,36.2,30.0,74.1,71.7,49.0,40.4,66.2,63.4,55.0,50.0,1187.1094335006414
Zambia,ZMB,2025,,,28879806220.1264,3.75772836763902,13.9099095827735,,21913874,,5.918,50.9,45.8,36.7,74.7,75.0,45.9,48.7,68.2,65.8,55.0,50.0,1317.877716195977
Zimbabwe,ZWE,2001,14.5958,0.0560409984146296,6780750000.0,1.43951727721958,,44.525,11971901,42.1351890563965,5.313,38.8,10.0,41.0,47.8,61.1,55.0,,41.2,53.4,10.0,30.0,566.3887464488722
Zimbabwe,ZWE,2002,13.3321,0.408179346755447,6345250000.0,-8.89401285792752,,45.938,12087653,41.4578285217285,5.005,36.7,10.0,30.0,64.8,52.0,55.0,,38.5,59.8,10.0,10.0,524.936478570323
Zimbabwe,ZWE,2003,10.9284,0.0663118401535643,5730500000.0,-16.9950733355763,,45.373,12232323,39.1011009216309,4.738,36.7,10.0,29.0,68.1,63.5,55.0,,32.9,52.2,10.0,10.0,468.4719329272126
Zimbabwe,ZWE,2004,10.3653,0.149780494103469,5808500000.0,-5.80753964196205,,46.043,12365896,,4.39,34.4,10.0,27.0,67.5,63.5,55.0,,13.1,53.8,10.0,10.0,469.7192989493038
Zimbabwe,ZWE,2005,11.512,1.78526462032736,5758250000.0,-5.71112541241364,,46.57,12483432,,4.632,35.2,10.0,23.0,66.1,74.4,55.0,42.8,0.0,61.0,10.0,10.0,461.2713875479115
Zimbabwe,ZWE,2006,10.7255,0.734382888878689,5446750000.0,-3.46140290336963,,47.056,12636445,,4.767,33.5,10.0,23.0,67.6,82.7,43.2,41.7,0.0,47.2,10.0,10.0,431.03499441496405
Zimbabwe,ZWE,2007,10.5677,1.30128901270126,5294750000.0,-3.653250914872,,47.576,12804058,,5.008,32.0,10.0,26.0,68.8,49.6,42.0,41.1,0.0,52.6,10.0,20.0,413.52124459292514
Zimbabwe,ZWE,2008,8.3091,1.16794929832503,4418000000.0,-17.6689987958491,,48.456,12959149,,5.401,29.5,10.0,24.0,57.8,24.1,41.1,52.1,0.0,55.4,10.0,20.0,340.9174475885724
Zimbabwe,ZWE,2009,7.9434,1.08574826151022,9670750000.0,13.2720546167979,,49.75,13142790,,5.476,22.7,5.0,21.0,44.1,4.6,30.8,51.2,0.0,50.4,10.0,10.0,735.821693871697
Zimbabwe,ZWE,2010,10.0686,1.01750672670554,12047750000.0,19.6754077019323,3.02267002518892,51.925,13356548,,5.469,21.4,5.0,18.0,58.4,0.0,30.0,48.2,0.0,44.8,0.0,10.0,902.0107590673878
Zimbabwe,ZWE,2011,15.8494,2.44028634205117,14109000000.0,14.1939156801139,3.4661297281749,53.911,13595424,,5.368,22.1,5.0,22.0,70.3,0.0,32.1,36.8,0.0,45.0,0.0,10.0,1037.775651572176
Zimbabwe,ZWE,2012,12.7437,2.04309866557655,17123500000.0,16.6654290410337,3.72532666110646,55.386,13817887,75.8648109767885,5.057,26.3,10.0,24.0,65.2,38.7,34.9,29.6,0.0,50.4,0.0,10.0,1239.2270974570858
Zimbabwe,ZWE,2013,12.7188,1.95306467023546,19100750000.0,1.98948554025198,1.63495041543822,56.842,14013808,52.4158515930176,4.948,28.6,10.0,22.0,71.8,66.4,33.4,21.9,0.0,50.4,0.0,10.0,1362.9949832336792
Zimbabwe,ZWE,2014,12.6001,2.42393171156853,19505500000.0,2.37698561663417,-0.19778481012661,58.106,14207359,,4.774,35.5,10.0,19.3,63.3,64.0,34.5,22.2,73.0,54.2,5.0,10.0,1372.9152617316138
Zimbabwe,ZWE,2015,12.6919,1.99867322543902,19973250000.0,1.77985356392176,-2.43096842383404,58.989,14399013,,5.399,37.6,10.0,21.0,66.6,74.2,37.1,23.7,75.4,58.4,0.0,10.0,1387.1263259502578
Zimbabwe,ZWE,2016,11.2687,1.66841598492163,20559250000.0,0.75579405855224,-1.54366960054161,59.76,14600294,,5.896,38.2,10.0,21.0,60.8,73.6,37.6,30.0,79.1,50.2,10.0,10.0,1408.1394525343119
Zimbabwe,ZWE,2017,10.5878,0.601908067055593,51035657370.5179,4.73441117758482,0.893962316050027,60.263,14812482,,6.35,44.0,27.3,14.7,61.1,75.2,36.2,33.1,76.5,52.8,25.0,10.0,3445.4494102013355
Zimbabwe,ZWE,2018,12.2724,1.21217684971106,34141666666.6667,5.00992154297603,10.6188658669575,60.906,15034452,,6.788,44.0,27.6,18.9,61.1,72.0,37.1,38.8,76.9,69.1,25.0,10.0,2270.8953187430243
Zimbabwe,ZWE,2019,11.1706,0.748407181444125,33360632553.3556,-6.33244976028571,255.304990757856,61.06,15271368,,7.373,40.4,29.7,15.8,62.3,74.5,33.4,43.3,72.4,70.0,25.0,10.0,2184.521553888008
Zimbabwe,ZWE,2020,9.0746,0.470490704047012,31979753644.6558,-7.81695060188729,557.201817362051,61.53,15526888,,8.617,43.1,33.7,18.9,62.3,88.0,39.1,43.1,62.8,70.0,25.0,10.0,2059.637040252741
Zimbabwe,ZWE,2021,10.8831,0.575182174042167,41287852523.5016,8.46801676808001,98.5461050920624,60.135,15797210,,9.54,39.5,32.6,21.3,63.4,89.4,41.5,44.1,0.0,56.0,25.0,10.0,2613.616741405704
Zimbabwe,ZWE,2022,11.5572,0.826253561026726,40757585308.5016,6.13926327570213,104.705170628667,62.36,16069056,,10.087,33.1,20.8,20.6,66.1,87.2,36.9,34.9,0.0,0.0,25.0,10.0,2536.4019708750534
Zimbabwe,ZWE,2023,12.566,1.6843211517412,35871781303.429,5.3508687909833,,62.775,16340822,,9.348,39.0,20.0,15.8,65.8,92.6,39.8,35.4,0.0,54.0,25.0,10.0,2195.2250201017428
Zimbabwe,ZWE,2024,12.8554,1.12093172517355,41521975830.2351,1.67649454921512,,63.064,16634373,,9.435,38.2,20.2,19.8,74.6,92.1,39.0,32.8,0.0,50.4,25.0,10.0,2496.155149955763
Zimbabwe,ZWE,2025,,,51215643905.5886,8.10671343048909,,,16950795,,9.293,35.1,20.7,20.7,73.6,87.6,39.3,33.2,0.0,50.4,25.0,10.0,3021.4301987363187
